COD;PRODUCTO;CLASE;TIPO;Test;C;N;N-NH4;N-NO3;N-org;N-ur;P;K;CaO;MgO;S;B;Co;Cu;Fe;Mn;Mo;SiO2;Zn;Na
145;AZUFRE;MP;G;1;;;;;;;;;;;51;;;;;;;;;
97;DAP;MP;G;1;;18;18;;;;46;;;;;;;;;;;;;
144;KCL;MP;G;1;;;;;;;;60;;;;;;;;;;;;
75;KIESERITA;MP;G;1;;;;;;;;;;25;20;;;;;;;;;
72;MAP;MP;G;1;;11;11;;;;52;;;;;;;;;;;;;
32;SAM;MP;G;1;;21;21;;;;;;;;24;;;;;;;;;
167;SULFATO POTASIO;MP;G;1;;;;;;;;52;;;18;;;;;;;;;
12;UREA;MP;G;1;;46;;;;46;;;;;;;;;;;;;;
132;ACIDO BORICO;MP;P;1;;;;;;;;;;;;;;;;;;;;
361;AMINOACIDOS 43;MP;P;1;;;;;;;;;;;;;;;;;;;;
360;AMINOACIDOS 80;MP;P;1;;;;;;;;;;;;;;;;;;;;
130;AZUFRE M100;MP;P;1;;;;;;;;;;;51,00;;;;;;;;;
1204;BASE 1;MP;P;1;;;;;;;;;;;;;;;;;;;;
223;BENTONITA CALCICA;MP;P;1;;;;;;;;;;;;;;;;;;;;
370;BENTONITA GRIS;MP;P;1;;;;;;;;2,00;6,00;4,00;;;;;;;;57,00;;
111;BENTONITA ROJA;MP;P;1;;;;;;;;;;1,00;;;;;;;;47,00;;
198;BENTONITA SODICA;MP;P;1;;;;;;;;;;;;;;;;;;;;
204;BIOCANE;MP;P;1;;;;;;;;;;;;;;;;;;;;
463;CAL APAGADA;MP;P;1;;;;;;;;;55,00;;;;;;;;;;;
120;CAL DOLOMITA;MP;P;1;;;;;;;;;34,00;14,00;;;;;;;;;;
110;CAOLIN GRIS;MP;P;1;;;;;;;;;0,50;0,20;;;;;0,50;;;47,00;;
105;CARBONATO CALCIO;MP;P;1;;;;;;;;;40,00;;;;;;;;;;;
103;CITRATO ZINC;MP;P;1;;;;;;;;;;;;;;;;;;;;
226;DAP TECNICO;MP;P;1;;;;;;;;;;;;;;;;;;;;
359;EXTRACTO ALGAS;MP;P;1;;;;;;;;;;;;;;;;;;;;
437;FOSFORITA NEIVA;MP;P;1;;;;;;;22,00;;42,00;;;;;;;;;16,00;;
501;HIDROXIDO CALCIO;MP;P;1;;;;;;;;;55,00;;;;;;;;;;;
143;KCL STD;MP;P;1;;;;;;;;60,00;;;;;;;;;;;;
74;KIESERITA;MP;P;1;;;;;;;;;;25,00;20,00;;;;;;;;;
152;LEONARDITA;MP;P;1;;;;;;;;;;;;;;;;;;;;
193;MAP STD;MP;P;1;;12,00;12,00;;;;52,00;;;;;;;;;;;;;
57;OXIDO MAGNESIO;MP;P;1;;;;;;;;;3,00;90,00;;;;;;;;5,00;;
448;PRODUCTO A;MP;P;1;;;;;;;;;;;;;;;;;;;;
31;ROCA FOSFORICA;MP;P;1;;;;;;;31,00;;37,00;;;;;;;;;;;
832;ROCA FOSFORICA-24;MP;P;1;;;;;;;24,00;;;;;;;;;;;;;
290;ROCA FOSFORICA-26;MP;P;1;;;;;;;26,00;;36,00;;;;;;;;;;;
34;ROCA FOSFORICA-28;MP;P;1;;;;;;;28,00;;29,00;;;;;;;;;;;
681;ROCA FOSFORICA-30;MP;P;1;;;;;;;30,00;;;;;;;;;;;;;
40;SAM STD;MP;P;1;;;;;;;;;;;;;;;;;;;;
171;SILICATO HIERRO;MP;P;1;;;;;;;;;;;;;;;;;;;;
274;SILICATO MAGNESIO;MP;P;1;;;;;;;;;;33,86;;;;;;;;36,98;;
37;SILICATO SODIO;MP;P;1;;;;;;;;;;;;;;;;;;;;
5;SULFATO CALCIO;MP;P;1;;;;;;;;;22,00;;13,00;;;;;;;;;
505;SULFATO CALCIO SUCROAL;MP;P;1;;;;;;;;;22,00;;13,00;;;;;;;;;
831;SULFATO COBRE;MP;P;1;;;;;;;;;;;12;;;25;;;;;;
30;SULFATO COBRE 22;MP;P;1;;;;;;;;;;;12;;;22,00;;;;;;
173;SULFATO COBRE 25;MP;P;1;;;;;;;;;;;12;;;25;;;;;;
23;SULFATO DE ZINC 35;MP;P;1;;;;;;;;;;;11,00;;;;;;;;35,00;
28;SULFATO HIERRO;MP;P;1;;;;;;;;;;;;;;;;;;;;
425;SULFATO MANGANESO;MP;P;1;;;;;;;;;;;;;;;;;;;;
21;SULFATO ZINC 22 MP;MP;P;1;;;;;;;;;;;;;;;;;;;22,00;
227;SULFATO ZINC 32;MP;P;1;;;;;;;;;;;;;;;;;;;32;
23;SULFATO ZINC 35;MP;P;1;;;;;;;;;;;;;;;;;;;35,00;
323;SULFATO ZINC 38;MP;P;1;;;;;;;;;;;;;;;;;;;38;
16;ULEXITA;MP;P;1;;;;;;;;;13,00;;;14,00;;;;;;;;
123;BORO G;PT;G;1;;;;;;;;;;;;10;;;;;;;;
150;CALFERZINC P;PT;G;1;;;;;;;;3;;;7;;;;;;;;22;
663;FE FERTIMENORES;PT;G;1;;4;;;;;10;;13;7;7;1;0.5;;;;;;2.5;
141;FE SULFATO CALCIO P;PT;G;1;;;;;;;;;26.4;1.5;10.8;;;;;;;2.8;;
643;FE SULFATO ZINC 22;PT;G;1;;;;;;;;;;;;;;;;;;;22;
300;K2K;PT;G;1;5;;;;;;;28.76;2.84;;3.42;;;;;;;1;;0.31
154;MAGNE 3;PT;G;1;;;;;;;;3;4.5;27;5.5;;;;;;;13;;
411;MF 0-15-15+EM;PT;G;1;;0;;;;;15;15;;;;;;;;;;;;
137;MF 10-20-20;PT;G;1;;10;;;;;20;20;;;;;;;;;;;;
R;MF 10-24-4;PT;G;1;;10;;;;;24;4;;;;;;;;;;;;
86;MF 10-30-10;PT;G;1;;10;;;;;30;10;;;;;;;;;;;;
407;MF 10-10-20+EM;PT;G;1;;10;;;;;10;20;;;;;;;;;;;;
396;MF 10-15-20+EM;PT;G;1;;10;;;;;15;20;;;;;;;;;;;;
495;MF 10-15-29+EM;PT;G;1;;10;;;;;15;29;;;;;;;;;;;;
408;MF 10-20-20+EM;PT;G;1;;10;;;;;20;20;;;;;;;;;;;;
464;MF 10-20-28+EM;PT;G;1;;10;;;;;20;28;;;;;;;;;;;;
423;MF 10-20-30+EM;PT;G;1;;10;;;;;20;30;;;;;;;;;;;;
406;MF 10-24-4+EM;PT;G;1;;10;;;;;24;4;;;;;;;;;;;;
387;MF 10-28-6+EM;PT;G;1;;10;;;;;28;6;;;;;;;;;;;;
390;MF 10-6-4 + EM;PT;G;1;;10;;;;;6;4;;;;;;;;;;;;
670;MF 10-9-30;PT;G;1;;10;;;;;9;30;;;;;;;;;;;;
458;MF 10-9-30+EM;PT;G;1;;10;;;;;9;30;;;;;;;;;;;;
388;MF 11-5-27;PT;G;1;;11;;;;;5;27;;;;;;;;;;;;
543;MF 11-29-12+EM;PT;G;1;;11;;;;;29;12;;;;;;;;;;;;
268;MF 12-24-12;PT;G;1;;12;;;;;24;12;;;;;;;;;;;;
317;MF 12-24-12+EM;PT;G;1;;12;;;;;24;12;;;;;;;;;;;;
318;MF 12-7-12+EM;PT;G;1;;12;;;;;7;12;;;;;;;;;;;;
496;MF 12-30-10+EM;PT;G;1;;12;;;;;30;10;;;;;;;;;;;;
490;MF 13-26-10+ EM;PT;G;1;;13;;;;;26;10;;;;;;;;;;;;
419;MF 13-7-12+EM;PT;G;1;;13;;;;;7;12;;;;;;;;;;;;
381;MF 14-3-19-7Ca+EM;PT;G;1;;14;;;;;3;19;7;;;;;;;;;;;
433;MF 14-4-23+EM;PT;G;1;;14;;;;;4;23;;;;;;;;;;;;
516;MF 14-4-24+EM;PT;G;1;;14;;;;;4;24;;;;;;;;;;;;
85;MF 15-15-15;PT;G;1;;15;;;;;15;15;;;;;;;;;;;;
462;MF 15-4-23+EM;PT;G;1;;15;;;;;4;23;;;;;;;;;;;;
426;MF 15-6-8+EM;PT;G;1;;15;;;;;6;8;;;;;;;;;;;;
612;MF 16-26-12;PT;G;1;;16;;;;;23;12;;;;;;;;;;;;
517;MF 16-16-16+EM;PT;G;1;;16;;;;;16;16;;;;;;;;;;;;
441;MF 16-17-0-7Ca+EM;PT;G;1;;16;;;;;17;0;7;;;;;;;;;;;
405;MF 16-3-14+EM;PT;G;1;;16;;;;;3;14;;;;;;;;;;;;
R;MF 17-5-7;PT;G;1;;17;;;;;5;7;;;;;;;;;;;;
84;MF 17-6-18-2-1;PT;G;1;;17;;;;;6;18;2;1;;;;;;;;;;
402;MF 17-6-18-6+EM;PT;G;1;;17;;;;;6;18;6;;;;;;;;;;;
R;MF 17-7-2 / MAX UTEO;PT;G;1;;17;;;;;7;2;;;;;;;;;;;;
401;MF 17-8-11+EM+CO;PT;G;1;;17;;;;;8;11;;;;;;;;;;;;
478;MF 17-4-23+EM;PT;G;1;;17;;;;;4;23;;;;;;;;;;;;
477;MF 17-5-7+EM;PT;G;1;;17;;;;;5;7;;;;;;;;;;;;
83;MF 18-18-18;PT;G;1;;18;;;;;18;18;;;;;;;;;;;;
353;MF 18-8-5-4+EM;PT;G;1;;18;;;;;8;5;4;;;;;;;;;;;
301;MF 19-1-2-1+EM;PT;G;1;;19;;;;;1;2;1;;;;;;;;;;;
304;MF 19-5-9-5+EM;PT;G;1;;19;;;;;5;6;5;;;;;;;;;;;
384;MF 19-1-3 + MEORES;PT;G;1;;19;;;;;1;3;;;;;;;;;;;;
442;MF 19-3-18+EM;PT;G;1;;19;;;;;3;18;;;;;;;;;;;;
284;MF 20-17-18+TCM;PT;G;1;;20;;;;;17;18;;;;;;;;;;;;
529;MF 20-0-30-3S;PT;G;1;;20;;;;;0;30;;;3;;;;;;;;;
519;MF 20-3-15+EM;PT;G;1;;20;;;;;3;15;;;;;;;;;;;;
457;MF 20-6-0-5CA+EM;PT;G;1;;20;;;;;6;0;5;;;;;;;;;;;
631;MF 20-8-10+EM;PT;G;1;;20;;;;;8;10;;;;;;;;;;;;
172;MF 21-1-2+EM;PT;G;1;;21;;;;;1;2;;;;;;;;;;;;
357;MF 21-5-10-6S+EM;PT;G;1;;21;;;;;5;10;;;6;;;;;;;;;
415;MF 21-2-8+EM;PT;G;1;;21;;;;;2;8;;;;;;;;;;;;
316;MF 21-3-8-3Ca+MEORES;PT;G;1;;21;;;;;3;8;3;;;;;;;;;;;
307;MF 21-4-5-3Ca+MEORES;PT;G;1;;21;;;;;4;5;3;;;;;;;;;;;
497;MF 21-5-10+EM;PT;G;1;;21;;;;;5;10;;;;;;;;;;;;
471;MF 21-5-9+EM;PT;G;1;;21;;;;;5;9;;;;;;;;;;;;
632;MF 21-9-9+EM;PT;G;1;;21;;;;;9;9;;;;;;;;;;;;
315;MF 22 3 13 4S+MEORES;PT;G;1;;21;;;;;3;13;;;4;;;;;;;;;
524;MF 22-0-25-3S;PT;G;1;;22;;;;;0;25;;;3;;;;;;;;;
526;MF 22-0-3+EM;PT;G;1;;22;;;;;0;3;;;;;;;;;;;;
511;MF 22-4-8+EM;PT;G;1;;22;;;;;4;8;;;;;;;;;;;;
525;MF 22-5-13+EM;PT;G;1;;22;;;;;5;13;;;;;;;;;;;;
456;MF 22-6-3+EM;PT;G;1;;22;;;;;6;3;;;;;;;;;;;;
398;MF 22-6-7Ca+EM;PT;G;1;;22;;;;;6;0;7;;;;;;;;;;;
633;MF 22-6-7+EM;PT;G;1;;22;;;;;6;7;;;;;;;;;;;;
634;MF 22-9-9+EM;PT;G;1;;22;;;;;9;9;;;;;;;;;;;;
20;MF 23-3-20;PT;G;1;;23;;;;;3;20;3;;;;;;;;;;;
618;MF 23 6 8 + EM;PT;G;1;;23;;;;;6;8;;;;;;;;;;;;
394;MF 23-3-20+EM;PT;G;1;;23;;;;;3;20;;;;;;;;;;;;
506;MF 23-5-6+EM;PT;G;1;;23;;;;;5;6;;;;;;;;;;;;
508;MF 23-6-8+EM;PT;G;1;;23;;;;;6;8;;;;;;;;;;;;
308;MF 24-0-17+EM;PT;G;1;;24;;;;;0;17;;;;;;;;;;;;
174;MF 24-3-9-3+EM;PT;G;1;;24;;;;;3;9;3;;;;;;;;;;;
348;MF 24-5-7-5S-3Ca+1CO;PT;G;1;1;24;;;;;5;7;3;;5;;;;;;;;;
436;MF 24-0-2+EM;PT;G;1;;24;;;;;0;2;;;;;;;;;;;;
532;MF 24-3-12+EM;PT;G;1;;24;;;;;3;12;;;;;;;;;;;;
440;MF 24-4-11+EM;PT;G;1;;24;;;;;4;11;;;;;;;;;;;;
473;MF 24-5-6+EM;PT;G;1;;24;;;;;5;6;;;;;;;;;;;;
328;MF 25-0-15+EM;PT;G;1;;25;;;;;0;15;;;;;;;;;;;;
146;MF 25-0-17-4S+EM;PT;G;1;;25;;;;;0;17;;;4;;;;;;;;;
148;MF 25-10-18+ MEORES;PT;G;1;;25;;;;;10;18;;;;;;;;;;;;
175;MF 25-10-18+EM;PT;G;1;;25;;;;;10;18;;;;;;;;;;;;
382;MF 25-15-2-3-2;PT;G;1;;25;;;;;15;2;3;2;;;;;;;;;;
82;MF 25-4-24;PT;G;1;;25;;;;;4;24;;;;;;;;;;;;
518;MF 25-17-1+EM;PT;G;1;;25;;;;;17;1;;;;;;;;;;;;
455;MF 25-1-13+EM;PT;G;1;;25;;;;;1;13;;;;;;;;;;;;
509;MF 25-4-11+EM;PT;G;1;;25;;;;;4;11;;;;;;;;;;;;
656;MF 25-4-17+EM;PT;G;1;;25;;;;;4;17;;;;;;;;;;;;
367;MF 25-5-0-8Ca+EM;PT;G;1;;25;;;;;5;0;8;;;;;;;;;;;
533;MF 25-5-12+EM;PT;G;1;;25;;;;;5;12;;;;;;;;;;;;
492;MF 25-7K-2CA+EM;PT;G;1;;25;;;;;7;7;;;;;;;;;;;;
652;MF 25-7-7+EM;PT;G;1;;25;;;;;7;7;;;;;;;;;;;;
648;MF 25-8-14+EM;PT;G;1;;25;;;;;8;14;;;;;;;;;;;;
159;MF 26-0-17+EM;PT;G;1;;26;;;;;0;17;;;;;;;;;;;;
176;MF 26-1-12-+EM;PT;G;1;;26;;;;;1;12;;;;;;;;;;;;
619;MF 26 7 6 + EM;PT;G;1;;26;;;;;7;6;;;;;;;;;;;;
514;MF 26-1-11+EM;PT;G;1;;26;;;;;1;11;;;;;;;;;;;;
512;MF 26-5-11+EM;PT;G;1;;26;;;;;5;11;;;;;;;;;;;;
476;MF 26-9-9+EM;PT;G;1;;26;;;;;9;9;;;;;;;;;;;;
R;MF 27-1-12;PT;G;1;;27;;;;;1;12;;;;;;;;;;;;
136;MF 27-17-0Ca;PT;G;1;;27;;;;;17;;;;;;;;;;;;;
630;MF 27-0-14+EM;PT;G;1;;27;;;;;0;14;;;5;;;;;;;2;;
385;MF 27-15K-5S-2Si-0,80CO;PT;G;1;0.8;27;;;;;0;15;;;;;;;;;;;;
445;MF 27-1-12-2Ca+EM;PT;G;1;;27;;;;;1;12;2;;;;;;;;;;;
475;MF 27-1-7+EM;PT;G;1;;27;;;;;1;7;;;;;;;;;;;;
653;MF 27-1-8+EM;PT;G;1;;27;;;;;1;8;;;;;;;;;;;;
642;MF 27-3-12+EM;PT;G;1;;27;;;;;3;12;;;;;;;;;;;;
536;MF 27-3-3+EM;PT;G;1;;27;;;;;3;3;;;;;;;;;;;;
438;MF 27-4-3+EM;PT;G;1;;27;;;;;4;3;;;;;;;;;;;;
606;MF 27-6-13+EM;PT;G;1;;27;;;;;6;13;;;;;;;;;;;;
480;MF 27-9K-10S+EM;PT;G;1;;27;;;;;6;9;;;10;;;;;;;;;
299;MF 28-0-6-2Ca+EM;PT;G;1;;28;;;;;0;6;2;;;;;;;;;;;
312;MF 28-0-9-2Ca+EM;PT;G;1;;28;;;;;0;9;2;;;;;;;;;;;
165;MF 28-1-12+EM;PT;G;1;;28;;;;;1;12;2;;;;;;;;;;;
303;MF 28-1-6-2Ca+EM;PT;G;1;;28;;;;;1;6;2;;;;;;;;;;;
352;MF 28-1-6-5S-EM+1CO;PT;G;1;1;28;;;;;1;6;;;5;;;;;;;;;
620;MF 28-1-7 +EM;PT;G;1;;28;;;;;1;7;;;;;;;;;;;;
617;MF 28 1 8 + EM;PT;G;1;;28;;;;;1;8;;;;;;;;;;;;
513;MF 28-0-12+EM;PT;G;1;;28;;;;;0;12;;;;;;;;;;;;
537;MF 28-14-10+EM;PT;G;1;;28;;;;;14;10;;;;;;;;;;;;
432;MF 28-1-12+EM;PT;G;1;;28;;;;;1;12;;;;;;;;;;;;
487;MF 28-4-15 +EM;PT;G;1;;28;;;;;4;15;;;;;;;;;;;;
469;MF 28-5-6+EM;PT;G;1;;28;;;;;5;6;;;;;;;;;;;;
527;MF 29-0-16-4S;PT;G;1;;29;;;;;0;16;;;4;;;;;;;;;
522;MF 29-10-10+EM;PT;G;1;;29;;;;;10;10;;;;;;;;;;;;
417;MF 29-3-15+EM;PT;G;1;;29;;;;;3;15;;;;;;;;;;;;
389;MF 3-10-2 + EM;PT;G;1;;3;;;;;10;2;;;;;;;;;;;;
163;MF 30-0-20 +EM +TMC;PT;G;1;;30;;;;;0;20;;;;;;;;;;;;
418;MF 30 0 20;PT;G;1;;30;;;;;0;20;;;;;;;;;;;;
538;MF 30-11-10+EM;PT;G;1;;30;;;;;11;10;;;;;;;;;;;;
493;MF 30-12K-2CA+EM;PT;G;1;;30;;;;;12;12;2;;;;;;;;;;;
298;MF 31-0-20+X;PT;G;1;;31;;;;;0;20;;;;;;;;;;;;
187;MF 31-0-20+TMC;PT;G;1;;31;;;;;0;20;;;;;;;;;;;;
81;MF 31-8-8-2;PT;G;1;;31;;;;;8;8;2;;;;;;;;;;;
521;MF 31-6-11+EM;PT;G;1;;31;;;;;6;11;;;;;;;;;;;;
380;MF 32-0-6+EM;PT;G;1;;32;;;;;0;6;;;;;;;;;;;;
327;MF 32-6-5-2SI-1CO;PT;G;1;1;32;;;;;6;5;;;;;;;;;;2;;
383;MF 32 1 6 2Ca+ EM;PT;G;1;;32;;;;;1;6;2;;;;;;;;;;;
665;MF 32-1-12+EM;PT;G;1;;32;;;;;1;12;;;;;;;;;;;;
626;MF 33-1-12+EM;PT;G;1;;33;;;;;1;12;;;;;;;;;;;;
479;MF 33-5-12;PT;G;1;;33;;;;;5;12;;;;;;;;;;;;
523;MF 37-0-11;PT;G;1;;37;;;;;0;11;;;;;;;;;;;;
434;MF 37-2Ca-2Mg+EM;PT;G;1;;37;;;;;0;0;2;2;;;;;;;;;;
168;MF 38-0-0-8;PT;G;1;;38;;;;;0;0;8;;;;;;;;;;;
399;MF 38-10K_;PT;G;1;;38;;;;;0;10;;;;;;;;;;;;
640;MF 3-13-32+EM;PT;G;1;;3;;;;;13;32;;;;;;;;;;;;
369;MF 40-3-0-2+EM;PT;G;1;;40;;;;;3;0;2;;;;;;;;;;;
292;MF 52K-1,1B-0,5Z;PT;G;1;;0;;;;;0;52;;;;1.1;;;;;;;0.5;
391;MF 6-9-6+EM;PT;G;1;;6;;;;;9;6;;;;;;;;;;;;
356;MF 7-7-5-3S+EM+2CO;PT;G;1;2;7;;;;;7;5;;;3;;;;;;;;;
545;MF 7-14-29+EM;PT;G;1;;7;;;;;14;29;;;;;;;;;;;;
313;MF 8-24-8+EM;PT;G;1;;8;;;;;24;8;;;;;;;;;;;;
435;MF 8-15-23+EM;PT;G;1;;8;;;;;15;23;;;;;;;;;;;;
510;MF 8-17-34-1S;PT;G;1;;8;;;;;17;34;;;1;;;;;;;;;
453;MF 8-20-12+EM;PT;G;1;;8;;;;;20;12;;;;;;;;;;;;
439;MF 9-12-24+EM;PT;G;1;;9;;;;;12;24;;;;;;;;;;;;
21;MF-17-6-18-2;PT;G;1;;17;;;;;6;18;;;2;;;;;;;;;
22;MF-23-3-20-4Ca-3Si;PT;G;1;;23;;;;;3;20;4;;;;;;;;;3;;
673;MFE 0-10+EM;PT;G;1;;0;;;;;1;0;;;;;;;;;;;;
R;MFE 10-15-20;PT;G;1;;10;;;;;15;20;;;;;;;;;;;;
R;MFE 10-30-10;PT;G;1;;10;;;;;30;10;;;;;;;;;;;;
588;MFE 10 11 29;PT;G;1;;10;;;;;11;29;;;;;;;;;;;;
641;MFE 10-24-14 +EM;PT;G;1;;10;;;;;24;14;;;;;;;;;;;;
542;MFE 10-25-8+EM;PT;G;1;;10;;;;;25;8;;;;;;;;;;;;
589;MFE 10-6-16 +EM;PT;G;1;;10;;;;;6;16;;;;;;;;;;;;
668;MFE 10-6-6+EM;PT;G;1;;10;;;;;6;6;;;;;;;;;;;;
569;MFE 10-9-18+EM;PT;G;1;;10;;;;;9;18;;;;;;;;;;;;
R;MFE 11-10-3;PT;G;1;;11;;;;;10;3;;;;;;;;;;;;
544;MFE 11-24-9+EM;PT;G;1;;11;;;;;24;9;;;;;;;;;;;;
646;MFE 11-25-9+EM;PT;G;1;;11;;;;;25;9;;;;;;;;;;;;
660;MFE 11-9-18+EM;PT;G;1;;11;;;;;9;18;;;;;;;;;;;;
587;MFE 12 25 9;PT;G;1;;12;;;;;25;9;;;;;;;;;;;;
659;MFE 13-15-10+EM;PT;G;1;;13;;;;;16;10;;;;;;;;;;;;
314;MFE 13-26-6+EM;PT;G;1;;13;;;;;26;6;;;;;;;;;;;;
489;MFE 13-36-10+EM;PT;G;1;;13;;;;;36;10;;;;;;;;;;;;
601;MFE 13-6-6+EM;PT;G;1;;13;;;;;6;6;;;;;;;;;;;;
R;MFE 14-4-23;PT;G;1;;14;;;;;4;23;;;;;;;;;;;;
590;MFE 15-12-20+EM;PT;G;1;;15;;;;;12;20;;;;;;;;;;;;
623;MFE 15-20-2+EM;PT;G;1;;15;;;;;20;2;;;;;;;;;;;;
602;MFE 15-21-1+EM;PT;G;1;;15;;;;;21;1;;;;;;;;;;;;
635;MFE 15-9-20+EM;PT;G;1;;15;;;;;9;20;;;;;;;;;;;;
R;MFE 16-16-16;PT;G;1;;16;;;;;16;16;;;;;;;;;;;;
658;MFE 16-21-5+EM;PT;G;1;;16;;;;;21;5;;;;;;;;;;;;
429;MFE 18-18-18+EM;PT;G;1;;18;;;;;18;18;;;;;;;;;;;;
649;MFE 18-2-0+EM;PT;G;1;;18;;;;;2;0;;;;;;;;;;;;
414;MFE 18-9-29+EM;PT;G;1;;18;;;;;9;29;;;;;;;;;;;;
674;MFE 19-25-6+EM;PT;G;1;;19;;;;;25;6;;;;;;;;;;;;
566;MFE 19-4-10+EM;PT;G;1;;19;;;;;4;10;;;;;;;;;;;;
586;MFE 19-4-18;PT;G;1;;19;;;;;4;18;;;;;;;;;;;;
596;MFE 20-3-14+EM;PT;G;1;;20;;;;;3;14;;;;;;;;;;;;
413;MFE 20-4-18+EM;PT;G;1;;20;;;;;4;18;;;;;;;;;;;;
R;MFE 21-5-1;PT;G;1;;21;;;;;5;1;;;;;;;;;;;;
555;MFE 21-4-11+EM;PT;G;1;;21;;;;;4;11;;;;;;;;;;;;
654;MFE 21-7-8 + EM;PT;G;1;;21;;;;;7;8;;;;;;;;;;;;
R;MFE 22-3-13;PT;G;1;;22;;;;;3;13;;;;;;;;;;;;
1410;MFE 22-3-7;PT;G;1;0;22;;;;0;3;7;0;0;0;0;0;0;0;0;0;0;0;0
R;MFE 22-3-7;PT;G;1;;22;;;;;3;7;;;;;;;;;;;;
664;MFE 22-0-19+EM;PT;G;1;;22;;;;;0;19;;;;;;;;;;;;
560;MFE 22-3-0+ EM;PT;G;1;;22;;;;;3;0;;;;;;;;;;;;
645;MFE 22-3-3+EM;PT;G;1;;22;;;;;3;3;;;;;;;;;;;;
662;MFE 22-6-3+EM;PT;G;1;;22;;;;;6;3;;;;;;;;;;;;
605;MFE 22-7K-12S+EM;PT;G;1;;22;;;;;0;7;;;12;;;;;;;;;
639;MFE 22-8-10+EM;PT;G;1;;22;;;;;8;10;;;;;;;;;;;;
535;MFE 22-9-0+EM;PT;G;1;;22;;;;;9;0;;;;;;;;;;;;
R;MFE 23-5-10;PT;G;1;;23;;;;;5;10;;;;;;;;;;;;
669;MFE 23-1-18+EM;PT;G;1;;23;;;;;1;18;;;;;;;;;;;;
651;MFE 23-4-16+EM;PT;G;1;;23;;;;;4;16;;;;;;;;;;;;
593;MFE 23-4-9+EM;PT;G;1;;23;;;;;4;9;;;;;;;;;;;;
420;MFE 23-5-10+EM;PT;G;1;;23;;;;;5;10;;;;;;;;;;;;
554;MFE 23-9-11+EM;PT;G;1;;23;;;;;9;11;;;;;;;;;;;;
R;MFE 24-2-14;PT;G;1;;24;;;;;2;14;;;;;;;;;;;;
650;MFE 24-2-9+EM;PT;G;1;;24;;;;;2;9;;;;;;;;;;;;
585;MFE 24-4-2K+EM;PT;G;1;;24;;;;;4;2;;;;;;;;;;;;
965;MFE 24-4-10+EM;PT;G;1;;24;;;;;4;10;;;;;;;;;;;;
616;MFE 24-6-7+EM;PT;G;1;;24;;;;;6;7;;;;;;;;;;;;
591;MFE 24-9K-12S+EM;PT;G;1;;24;;;;;0;9;;;12;;;;;;;;;
614;MFE 24-9-7S+EM;PT;G;1;;24;;;;;9;0;;;7;;;;;;;;;
629;MFE 25-0-8+EM;PT;G;1;;25;;;;;0;8;;;;;;;;;;;;
412;MFE 25-13-12 +EM;PT;G;1;;25;;;;;13;12;;;;;;;;;;;;
628;MFE 25-4-14+EM;PT;G;1;;25;;;;;4;14;;;;;;;;;;;;
677;MFE 25-6-0+EM;PT;G;1;;25;;;;;6;0;;;;;;;;;;;;
568;MFE 25-6-13+EM;PT;G;1;;25;;;;;6;13;;;;;;;;;;;;
644;MFE 25-8-16+EM;PT;G;1;;25;;;;;8;16;;;;;;;;;;;;
R;MFE 26-6-2 / SUPER PASTURA;PT;G;1;;26;;;;;6;2;;;;;;;;;;;;
594;MFE 26-11-6+EM;PT;G;1;;26;;;;;11;6;;;;;;;;;;;;
582;MFE 26-20K-4S;PT;G;1;;26;;;;;0;20;;;4;;;;;;;;;
627;MFE 26-2-9-2Ca;PT;G;1;;26;;;;;2;9;2;;;;;;;;;;;
431;MFE 26-6-2+EM;PT;G;1;;26;;;;;6;2;;;;;;;;;;;;
682;MFE 26-7-0+EM;PT;G;1;;26;;;;;7;0;;;;;;;;;;;;
625;MFE 27-18K-5S;PT;G;1;;27;;;;;0;18;;;5;;;;;;;;;
672;MFE 27-20-0+EM;PT;G;1;;27;;;;;20;0;;;;;;;;;;;;
539;MFE 27-5-11+EM;PT;G;1;;27;;;;;5;11;;;;;;;;;;;;
610;MFE 27-8-9+EM ILO;PT;G;1;;27;;;;;8;9;;;;;;;;;;;;
R;MFE 28-0-6;PT;G;1;;28;;;;;0;6;;;;;;;;;;;;
R;MFE 28-1-12;PT;G;1;;28;;;;;1;12;;;;;;;;;;;;
621;MFE 28-24-0;PT;G;1;;28;;;;;0;24;;;;;;;;;;;;
1401;MFE 28 5 5.4 + EM;PT;G;1;;28;;;;;5;5.4;1.8;3.5;3.6;;;;;;;;;
600;MFE 28-14-6+EM;PT;G;1;;28;;;;;14;6;;;;;;;;;;;;
657;MFE 28-4-9+EM;PT;G;1;;28;;;;;4;9;;;;;;;;;;;;
592;MFE 28-5-0+EM;PT;G;1;;28;;;;;5;0;;;;;;;;;;;;
548;MFE 28-5-15+EM;PT;G;1;;28;;;;;5;15;;;;;;;;;;;;
609;MFE 28-5-9+EM;PT;G;1;;28;;;;;5;9;;;;;;;;;;;;
608;MFE 29 10 6 + EM;PT;G;1;;29;;;;;10;6;;;;;;;;;;;;
428;MFE 29-15-5+EM;PT;G;1;;29;;;;;15;5;;;;;;;;;;;;
607;MFE 29-1-11+EM;PT;G;1;;29;;;;;1;11;;;;;;;;;;;;
683;MFE 29-6-12+EM;PT;G;1;;29;;;;;6;12;;;;;;;;;;;;
840;MFE 30-0-20;PT;G;1;;30;;;;;0;20;;;;;;;;;;;;
598;MFE 30-11-6+EM;PT;G;1;;30;;;;;11;6;;;;;;;;;;;;
465;MFE 30-8-0-5CA+EM;PT;G;1;;30;;;;;8;0;4;;;;;;;;;;;
676;MFE 30-9-0+EM;PT;G;1;;30;;;;;9;0;;;;;;;;;;;;
R;MFE 31-0-20 TMC;PT;G;1;;31;;;;;0;20;;;;;;;;;;;;
671;MFE 31-5-0+EM;PT;G;1;;31;;;;;5;0;;;;;;;;;;;;
597;MFE 31-6-7+EM;PT;G;1;;31;;;;;6;7;;;;;;;;;;;;
581;MFE 31-7K-9S;PT;G;1;;31;;;;;0;7;;;9;;;;;;;;;
1080;MFE 32-0-9;PT;G;1;;32;;;;;0;9;;;;;;;;;;;;
1402;MFE 32 1 12;PT;G;1;;32;;;;;1;12;;;;;;;;;;1.6;0.5;
599;MFE 33-6-6+EM;PT;G;1;;33;;;;;6;6;;;;;;;;;;;;
666;MFE 4-9-0+ EM;PT;G;1;;4;;;;;9;0;;;;;;;;;;;;
R1;MFE 41.4-0-6;PT;G;1;;41.4;;;;;0;6;;;;;;;;;;;;
R2;MFE 43.5-0-0-2.4S;PT;G;1;;43.5;;;;;0;0;;;2.4;;;;;;;;;
622;MFE 5-8-29+EM;PT;G;1;;5;;;;;8;29;;;;;;;;;;;;
603;MFE 6-6-33+EM;PT;G;1;;6;;;;;6;33;;;;;;;;;;;;
661;MFE 7-8-30+EM;PT;G;1;;7;;;;;8;30;;;;;;;;;;;;
551;MFE 8-6-24+EM;PT;G;1;;8;;;;;6;24;;;;;;;;;;;;
164;MICRON C;PT;G;1;;46;;;;;;;;;;;;;;;;;;
188;MICRON CS;PT;G;1;;40;;;;;;;;;6;;;;;;;;;
65;NUCLEO 4;PT;G;1;;;;;;;;;18;18;4;;;;;;;14;;
62;NUCLEO CAMASI GRIS;PT;G;1;;;;;;;;;10;1;1;;;;;;;20;;
563;NUCLEO CAMASI YARA;PT;G;1;;;;;;;;;25;3;1;;;;;;;14;;
140;NUCLEO FERCON;PT;G;1;;;;;;;;;17;17;4;;;;;;;12;;
679;NUCLEO FOSFORO 10;PT;G;1;;;;;;;10;;14;2;5;;;;;;;2;;
208;NUCLEO MAGNESIO;PT;G;1;;;;;;;;;;16;8;;;;;;;;;
803;NUCLEO MAGNESIO-S;PT;G;1;;;;;;;;;;16;8;;;;;;;;;
604;NUCLEO MAGNESIO-SILICIO;PT;G;1;;;;;;;;;;28;1;;;;;;;30;;
558;NUCLEO MAGNESIO-SILICIO EM;PT;G;1;;;;;;;;;;28;1;;;;;;;30;;
155;RAIFOS 20;PT;G;1;5;;;;;;20;;23;1.5;1;;;;;;;21;;
35;SILIMAGRAN;PT;G;1;;;;;;;5;;;30;;;;;;;;30;;
564;SULFATO ZINC 30%;PT;G;1;;;;;;;;;;;;;;;;;;;30;
160;ZUELO CA;PT;G;1;;;;;;;;3;27;12;4;;;;;;;4;;
