producto,materia_prima,kg_por_ton,porcentaje
1-CRECIMIENTO,UREA,543.5,54.35
1-CRECIMIENTO,FOSFATO DE AMONIO (MAP),152.5,15.25
1-CRECIMIENTO,SULFATO DE AMONIO (SAM),0.3,0.03
1-CRECIMIENTO,NITRATO DE POTASIO (KNO3),232.6,23.26
1-CRECIMIENTO,SULFATO MAGNESIO,40.0,4.0
1-CRECIMIENTO,ACIDO BORICO,1.2,0.12
1-CRECIMIENTO,SULFATO DE COBALTO,0.2,0.015
1-CRECIMIENTO,SULFATO DE COBRE,0.8,0.08
1-CRECIMIENTO,SULFATO DE HIERRO,2.5,0.25
1-CRECIMIENTO,SULFATO DE MANGANESO,1.7,0.17
1-CRECIMIENTO,MOLIBDATO DE SODIO,0.13,0.013
1-CRECIMIENTO,SULFATO DE ZINC,0.6,0.06
2-AVANCE,UREA,239.1,23.91
2-AVANCE,FOSFATO DE AMONIO (MAP),491.8,49.18
2-AVANCE,SULFATO DE AMONIO (SAM),4.7,0.47
2-AVANCE,NITRATO DE POTASIO (KNO3),218.9,21.89
2-AVANCE,SULFATO MAGNESIO ANHIDRO,31.3,3.13
2-AVANCE,ACIDO BORICO,1.2,0.12
2-AVANCE,SULFATO DE COBALTO,0.1,0.01
2-AVANCE,SULFATO DE COBRE,1.2,0.12
2-AVANCE,SULFATO FERROSO,2.7,0.27
2-AVANCE,SULFATO DE MANGANESO,2.9,0.29
2-AVANCE,MOLIBDATO DE SODIO,0.13,0.013
2-AVANCE,SULFATO DE ZINC,0.6,0.06
NUCLEO CAMASI,VINAZA X KILO,100.0,10.0
NUCLEO CAMASI,CARBONATO DE CALCIO X KILO,350.0,35.0
NUCLEO CAMASI,KIESERITA EN POLVO X KILO,50.0,5.0
NUCLEO CAMASI,BENTONITA GRIS X KILO,600.0,60.0
3-PRODUCTOR,SULFATO DE AMONIO (SAM),32.2,3.22
3-PRODUCTOR,NITRATO DE POTASIO,465.2,46.52
3-PRODUCTOR,FOSFATO DIPOTASICO (DKP),258.7,25.87
3-PRODUCTOR,SULFATO DE POTASIO,120.6,12.06
3-PRODUCTOR,SULFATO DE MAGNESIO ANHIDRO,62.5,6.25
3-PRODUCTOR,ACIDO BORICO,1.2,0.12
3-PRODUCTOR,SULFATO DE COBALTO,0.1,0.01
3-PRODUCTOR,SULFATO DE COBRE,0.8,0.08
3-PRODUCTOR,SULFATO DE HIERRO,2.5,0.25
3-PRODUCTOR,SULFATO DE MANGANESO,1.7,0.17
3-PRODUCTOR,MOLIBDATO DE SODIO,0.13,0.013
3-PRODUCTOR,SULFATO DE ZINC,0.9,0.085
NUCLEO 4,CAL DOLOMITA X KILO,100.0,10.0
NUCLEO 4,SILICATO DE MAGNESIO X KILO,400.0,40.0
NUCLEO 4,CARBONATO DE CALCIO X KILO,250.0,25.0
NUCLEO 4,SULFATO DE CALCIO X KILO,150.0,15.0
NUCLEO 4,KIESERITA EN POLVO X KILO,100.0,10.0
10-20-20,UREA,75.0,7.5
10-20-20,SAM,25.0,2.5
10-20-20,KCL,330.0,33.0
10-20-20,DAP,320.0,32.0
10-20-20,RAIFOS20,250.0,25.0
25-4-24,UREA X KILO,490.0,49.0
25-4-24,DAP GRANULADO X KILO,80.0,8.0
25-4-24,KCL GRANULADO X KILO,390.0,39.0
25-4-24,NUCLEO 4 X KILO,40.0,4.0
10-30-10,UREA,20.0,2.0
10-30-10,KCL,160.0,16.0
10-30-10,DAP,510.0,51.0
10-30-10,RAIFOS20,310.0,31.0
18-18-18,UREA X KILO,220.0,22.0
18-18-18,DAP GRANULADO X KILO,370.0,37.0
18-18-18,KCL GRANULADO X KILO,280.0,28.0
18-18-18,NUCLEO 4 X KILO,130.0,13.0
13-5-27,UREA - NUTRICION PLANTAS,200.0,20.0
13-5-27,MAP - PRECISAGRO,100.0,10.0
13-5-27,KCL - NUTRICION PLANTAS,450.0,45.0
13-5-27,SAM - PRECISAGRO,150.0,15.0
17-6-18-2,UREA X KILO,300.0,30.0
17-6-18-2,DAP GRANULADO X KILO,110.0,11.0
17-6-18-2,KCL GRANULADO X KILO,280.0,28.0
17-6-18-2,NUCLEO 4 X KILO,310.0,31.0
15-15-15,41.4 – 0 – 6,200.0,20.0
15-15-15,DAP GRANULADO X KILO,300.0,30.0
15-15-15,KCL GRANULADO X KILO,210.0,21.0
15-15-15,NUCLEO 4 X KILO,290.0,29.0
BORO GRANULADO,ULEXITA X KILO,850.0,85.0
BORO GRANULADO,CARBONATO DE CALCIO X KILO,50.0,5.0
BORO GRANULADO,VINAZA X KILO,100.0,10.0
BORO GRANULADO,KIESERITA EN POLVO X KILO,50.0,5.0
BORO GRANULADO,SILICATO DE MAGNESIO X KILO,50.0,5.0
B-ZINC 15,BENTONITA,130.0,13.0
B-ZINC 15,KCL ESTÁNDAR,70.0,7.0
B-ZINC 15,OXIDO ZN,100.0,10.0
B-ZINC 15,SILICATO MG,150.0,15.0
B-ZINC 15,SULFATO ZN,270.0,27.0
B-ZINC 15,ULEXITA,280.0,28.0
CALFERCORRECTIVO,SULFATO CALCIO - ANIBAL ARANGO,200.0,20.0
CALFERCORRECTIVO,CARBONATO CALCIO - AGROCALES,170.0,17.0
CALFERCORRECTIVO,CAL DOLOMITA - BOLIVARIANA MINERALES,100.0,10.0
CALFERCORRECTIVO,SILICATO MAGNESIO - JULIAN SALDARRIAGA,350.0,35.0
CAL DESARROLLO,UREA,337.0,33.7
CAL DESARROLLO,FOSFATO DE AMONIO (MAP),152.5,15.25
CAL DESARROLLO,SULFATO DE AMONIO (SAM),214.6,21.46
CAL DESARROLLO,NITRATO DE POTASIO (KNO3),232.6,23.26
CAL DESARROLLO,SULFATO MAGNESIO ANHIDRO,31.3,3.13
CAL DESARROLLO,ACIDO BORICO,1.2,0.12
CAL DESARROLLO,SULFATO DE COBALTO,0.1,0.01
CAL DESARROLLO,SULFATO DE COBRE,0.8,0.08
CAL DESARROLLO,SULFATO DE HIERRO,1.0,0.1
CAL DESARROLLO,SULFATO DE MANGANESO,0.7,0.07
CAL DESARROLLO,MOLIBDATO DE SODIO,0.13,0.013
CAL DESARROLLO,SULFATO DE ZINC,0.6,0.06
CALFER FLORACION,FOSFATO DE AMONIO (MAP),398.4,39.84
CALFER FLORACION,SULFATO DE AMONIO (SAM),97.9,9.79
CALFER FLORACION,NITRATO DE POTASIO (KNO3),232.6,23.26
CALFER FLORACION,SULFATO MAGNESIO,66.9,6.69
CALFER FLORACION,ACIDO BORICO,1.2,0.12
CALFER FLORACION,SULFATO DE COBALTO,0.1,0.01
CALFER FLORACION,SULFATO DE COBRE,0.8,0.08
CALFER FLORACION,SULFATO DE HIERRO,2.5,0.25
CALFER FLORACION,SULFATO DE MANGANESO,1.7,0.17
CALFER FLORACION,MOLIBDATO DE SODIO,0.13,0.013
CALFER FLORACION,SULFATO DE ZINC,0.6,0.06
CALFER LLENADO,FOSFATO DIPOTASICO (DKP),339.0,33.9
CALFER LLENADO,SULFATO DE POTASIO,217.7,21.77
CALFER LLENADO,NITRATO DE POTASIO (KNO3),367.7,36.769999999999996
CALFER LLENADO,SULFATO MAGNESIO ANHIDRO,31.3,3.13
CALFER LLENADO,ACIDO BORICO,1.2,0.12
CALFER LLENADO,SULFATO DE COBALTO,0.1,0.01
CALFER LLENADO,SULFATO DE COBRE,1.6,0.16
CALFER LLENADO,SULFATO DE HIERRO,5.0,0.5
CALFER LLENADO,SULFATO DE MANGANESO,3.3,0.32999999999999996
CALFER LLENADO,MOLIBDATO DE SODIO,0.14,0.014000000000000002
CALFER LLENADO,SULFATO DE ZINC,0.6,0.06
CALFER MENORES,SULFATO MAGNESIO ANHIDRO,281.4,28.14
CALFER MENORES,ACIDO BORICO,57.2,5.72
CALFER MENORES,SULFATO DE COBALTO,0.3,0.03
CALFER MENORES,SULFATO DE COBRE,60.0,6.0
CALFER MENORES,SULFATO DE HIERRO,200.0,20.0
CALFER MENORES,SULFATO DE MANGANESO,129.0,12.9
CALFER MENORES,MOLIBDATO DE SODIO,20.6,2.06
CALFER MENORES,SULFATO DE ZINC,85.8,8.58
CALFERZINC-P,SULFATO DE ZINC 35% X KILO,675.0,67.5
CALFERZINC-P,CARBONATO DE CALCIO X KILO,75.0,7.5
CALFERZINC-P,KIESERITA EN POLVO X KILO,50.0,5.0
CALFERZINC-P,BENTONITA GRIS X KILO,200.0,20.0
FERTIMENORES,CARBONATO DE CALCIO X KILO,100.0,10.0
FERTIMENORES,ULEXITA X KILO,70.0,7.0
FERTIMENORES,SULFATO DE CALCIO X KILO,160.0,16.0
FERTIMENORES,ROCA FOSFORICA 26% X KILO,270.0,27.0
FERTIMENORES,CAL DOLOMITA X KILO,70.0,7.0
FERTIMENORES,SILICATO DE MAGNESIO X KILO,100.0,10.0
FERTIMENORES,BENTONITA GRIS X KILO,100.0,10.0
FERTIMENORES,KIESERITA EN POLVO X KILO,50.0,5.0
FERTIMENORES,VINAZA X KILO,150.0,15.0
FERTIMENORES,SULFATO DE ZINC 35% X KILO,70.0,7.0
FERTIMENORES,SULFATO DE COBRE 22% X KILO,10.0,1.0
K2K,KIESERITA EN POLVO X KILO,50.0,5.0
K2K,SULFATO DE CALCIO X KILO,50.0,5.0
K2K,SULFATO DE POTASIO SOLUBLE X KILO,120.0,12.0
K2K,KCL STANDAR X KILO,400.0,40.0
K2K,ABONO ORGANICO A,200.0,20.0
K2K,VINAZA X KILO,200.0,20.0
K2K,CARBONATO DE CALCIO X KILO,80.0,8.0
K2K,BENTONITA ROJA X KILO,100.0,10.0
MAGNE-3,CAL DOLOMITA,130.0,13.0
MAGNE-3,CLORURO POTASIO (KCL),50.0,5.0
MAGNE-3,KIESERITA,250.0,25.0
MAGNE-3,OXIDO DE MAGNESIO,50.0,5.0
MAGNE-3,SILICATO MAGNESIO,414.4,41.44
NUCLEO CAMASI YARA,KIESERITA EN POLVO X KILO,50.0,5.0
NUCLEO CAMASI YARA,SILICATO DE MAGNESIO X KILO,100.0,10.0
NUCLEO CAMASI YARA,CARBONATO DE CALCIO X KILO,600.0,60.0
NUCLEO CAMASI YARA,VINAZA X KILO,50.0,5.0
NUCLEO CAMASI YARA,BENTONITA GRIS X KILO,250.0,25.0
NUCLEO FOSFORO-1,ROCA FOSFORICA 26% X KILO,750.0,75.0
NUCLEO FOSFORO-1,BENTONITA ROJA X KILO,100.0,10.0
NUCLEO FOSFORO-1,CAL DOLOMITA X KILO,50.0,5.0
NUCLEO FOSFORO-1,KIESERITA EN POLVO X KILO,50.0,5.0
NUCLEO FOSFORO-1,SILICATO DE MAGNESIO X KILO,50.0,5.0
NUCLEO FOSFORO-1,VINAZA X KILO,100.0,10.0
NUCLEO MAGNESIO-SILICIO,SILICATO DE MAGNESIO X KILO,900.0,90.0
NUCLEO MAGNESIO-SILICIO,BENTONITA ROJA X KILO,50.0,5.0
NUCLEO MAGNESIO-SILICIO,KIESERITA EN POLVO X KILO,50.0,5.0
NUCLEO MAGNESIO-SILICIO,VINAZA X KILO,100.0,10.0
NUCLEO MAGNESIO-S,SULFATO DE CALCIO X KILO,440.0,44.0
NUCLEO MAGNESIO-S,KIESERITA EN POLVO X KILO,180.0,18.0
NUCLEO MAGNESIO-S,BENTONITA ROJA X KILO,70.0,7.0
NUCLEO MAGNESIO-S,SILICATO DE MAGNESIO X KILO,310.0,31.0
NUCLEO MAGNESIO-S,VINAZA X KILO,100.0,10.0
RAIFOS 20,FOSFATO DE AMONIO (MAP),822.0,82.2
RAIFOS 20,CLORURO POTASIO (KCL),165.0,16.5
SUELO-Ca,SILICATO DE MAGNESIO X KILO,50.0,5.0
SUELO-Ca,ULEXITA X KILO,25.0,2.5
SUELO-Ca,CAL DOLOMITA X KILO,550.0,55.0
SUELO-Ca,SULFATO DE CALCIO X KILO,200.0,20.0
SUELO-Ca,BENTONITA ROJA X KILO,50.0,5.0
SUELO-Ca,KIESERITA EN POLVO X KILO,50.0,5.0
SUELO-Ca,VINAZA X KILO,200.0,20.0
SUELO-Ca,KCL STANDAR X KILO,40.0,4.0
SUELO-Ca,CARBONATO DE CALCIO X KILO,35.0,3.5
SULFA K 50,CLORURO POTASIO (KCL),164.5,16.45
SULFA K 50,FOSFATO MONOPOTASICO (MKP),57.7,5.7700000000000005
SULFA K 50,SULFATO POTASIO,777.8,77.78
SULFATO ZINC 22,SULFATO DE ZINC 35% X KILO,675.0,67.5
SULFATO ZINC 22,CARBONATO DE CALCIO X KILO,75.0,7.5
SULFATO ZINC 22,KIESERITA EN POLVO X KILO,50.0,5.0
SULFATO ZINC 22,BENTONITA GRIS X KILO,200.0,20.0
YESO EN POLVO,SULFATO DE CALCIO X KILO,750.0,75.0
YESO EN POLVO,KIESERITA EN POLVO X KILO,50.0,5.0
YESO EN POLVO,CARBONATO DE CALCIO X KILO,150.0,15.0
YESO EN POLVO,BENTONITA GRIS X KILO,50.0,5.0
BIOPLANTAS,BIOCANECON X KILO,1000.0,100.0
SILIMAGRAN 30,ROCA FOSFORICA 26% X KILO,160.0,16.0
SILIMAGRAN 30,BENTONITA GRIS X KILO,20.0,2.0
SILIMAGRAN 30,KIESERITA EN POLVO X KILO,70.0,7.0
SILIMAGRAN 30,VINAZA X KILO,100.0,10.0
SILIMAGRAN 30,334,750.0,75.0
