COD,PRODUCTO,CLASE,TIPO,Test,C,N,N-NH4,N-NO3,N-org,N-ur,P,K,CaO,MgO,S,B,Co,Cu,Fe,Mn,Mo,SiO2,Zn,Na
145,AZUFRE,MP,G,1,,,,,,,,,,,51,,,,,,,,,
123,BORO G,PT,G,1,,,,,,,,,,,,10,,,,,,,,
150,CALFERZINC P,PT,G,1,,,,,,,,3,,,7,,,,,,,,22,
97,DAP,MP,G,1,,18,18,,,,46,,,,,,,,,,,,,
663,FE FERTIMENORES,PT,G,1,,4,,,,,10,,13,7,7,1,0.5,,,,,,2.5,
141,FE SULFATO CALCIO P,PT,G,1,,,,,,,,,26.4,1.5,10.8,,,,,,,2.8,,
643,FE SULFATO ZINC 22,PT,G,1,,,,,,,,,,,,,,,,,,,22,
300,K2K,PT,G,1,5,,,,,,,28.76,2.84,,3.42,,,,,,,1,,0.31
144,KCL,MP,G,1,,,,,,,,60,,,,,,,,,,,,
75,KIESERITA,MP,G,1,,,,,,,,,,25,20,,,,,,,,,
154,MAGNE 3,PT,G,1,,,,,,,,3,4.5,27,5.5,,,,,,,13,,
72,MAP,MP,G,1,,11,11,,,,52,,,,,,,,,,,,,
411,MF 0-15-15+EM,PT,G,1,,0,,,,,15,15,,,,,,,,,,,,
137,MF 10-20-20,PT,G,1,,10,,,,,20,20,,,,,,,,,,,,
86,MF 10-30-10,PT,G,1,,10,,,,,30,10,,,,,,,,,,,,
407,MF 10N-10P-20K+EM,PT,G,1,,10,,,,,10,20,,,,,,,,,,,,
396,MF 10N-15P-20K+EM,PT,G,1,,10,,,,,15,20,,,,,,,,,,,,
495,MF 10N-15P-29K+EM,PT,G,1,,10,,,,,15,29,,,,,,,,,,,,
408,MF 10N-20P-20K+EM,PT,G,1,,10,,,,,20,20,,,,,,,,,,,,
464,MF 10N-20P-28K+EM,PT,G,1,,10,,,,,20,28,,,,,,,,,,,,
423,MF 10N-20P-30K+EM,PT,G,1,,10,,,,,20,30,,,,,,,,,,,,
406,MF 10N-24P-4K+EM,PT,G,1,,10,,,,,24,4,,,,,,,,,,,,
387,MF 10N-28P-6K+EM,PT,G,1,,10,,,,,28,6,,,,,,,,,,,,
390,MF 10N-6P-4K + EM,PT,G,1,,10,,,,,6,4,,,,,,,,,,,,
670,MF 10N-9P-30K,PT,G,1,,10,,,,,9,30,,,,,,,,,,,,
458,MF 10N-9P-30K+EM,PT,G,1,,10,,,,,9,30,,,,,,,,,,,,
388,MF 11-5-27,PT,G,1,,11,,,,,5,27,,,,,,,,,,,,
543,MF 11N-29P-12K+EM,PT,G,1,,11,,,,,29,12,,,,,,,,,,,,
268,MF 12-24-12,PT,G,1,,12,,,,,24,12,,,,,,,,,,,,
317,MF 12-24-12+EM,PT,G,1,,12,,,,,24,12,,,,,,,,,,,,
318,MF 12-7-12+EM,PT,G,1,,12,,,,,7,12,,,,,,,,,,,,
496,MF 12N-30P-10K+EM,PT,G,1,,12,,,,,30,10,,,,,,,,,,,,
490,MF 13N-26P-10K+ EM,PT,G,1,,13,,,,,26,10,,,,,,,,,,,,
419,MF 13N-7P-12K+EM,PT,G,1,,13,,,,,7,12,,,,,,,,,,,,
381,MF 14-3-19-7Ca+EM,PT,G,1,,14,,,,,3,19,7,,,,,,,,,,,
433,MF 14N-4P-23K+EM,PT,G,1,,14,,,,,4,23,,,,,,,,,,,,
516,MF 14N-4P-24K+EM,PT,G,1,,14,,,,,4,24,,,,,,,,,,,,
85,MF 15-15-15,PT,G,1,,15,,,,,15,15,,,,,,,,,,,,
462,MF 15N-4P-23K+EM,PT,G,1,,15,,,,,4,23,,,,,,,,,,,,
426,MF 15N-6P-8K+EM,PT,G,1,,15,,,,,6,8,,,,,,,,,,,,
612,MF 16-26-12,PT,G,1,,16,,,,,23,12,,,,,,,,,,,,
517,MF 16N-16P-16K+EM,PT,G,1,,16,,,,,16,16,,,,,,,,,,,,
441,MF 16N-17P-0K-7Ca+EM,PT,G,1,,16,,,,,17,0,7,,,,,,,,,,,
405,MF 16N-3P-14K+EM,PT,G,1,,16,,,,,3,14,,,,,,,,,,,,
84,MF 17-6-18-2-1,PT,G,1,,17,,,,,6,18,2,1,,,,,,,,,,
402,MF 17-6-18-6+EM,PT,G,1,,17,,,,,6,18,6,,,,,,,,,,,
401,MF 17-8-11+EM+CO,PT,G,1,,17,,,,,8,11,,,,,,,,,,,,
478,MF 17N-4P-23K+EM,PT,G,1,,17,,,,,4,23,,,,,,,,,,,,
477,MF 17N-5P-7K+EM,PT,G,1,,17,,,,,5,7,,,,,,,,,,,,
83,MF 18-18-18,PT,G,1,,18,,,,,18,18,,,,,,,,,,,,
353,MF 18-8-5-4+EM,PT,G,1,,18,,,,,8,5,4,,,,,,,,,,,
301,MF 19-1-2-1+EM,PT,G,1,,19,,,,,1,2,1,,,,,,,,,,,
304,MF 19-5-9-5+EM,PT,G,1,,19,,,,,5,6,5,,,,,,,,,,,
384,MF 19N-1P-3K + MENORES,PT,G,1,,19,,,,,1,3,,,,,,,,,,,,
442,MF 19N-3P-18K+EM,PT,G,1,,19,,,,,3,18,,,,,,,,,,,,
284,MF 20-17-18+TCM,PT,G,1,,20,,,,,17,18,,,,,,,,,,,,
529,MF 20N-0P-30K-3S,PT,G,1,,20,,,,,0,30,,,3,,,,,,,,,
519,MF 20N-3P-15K+EM,PT,G,1,,20,,,,,3,15,,,,,,,,,,,,
457,MF 20N-6P-0K-5CA+EM,PT,G,1,,20,,,,,6,0,5,,,,,,,,,,,
631,MF 20N-8P-10K+EM,PT,G,1,,20,,,,,8,10,,,,,,,,,,,,
172,MF 21-1-2+EM,PT,G,1,,21,,,,,1,2,,,,,,,,,,,,
357,MF 21-5-10-6S+EM,PT,G,1,,21,,,,,5,10,,,6,,,,,,,,,
415,MF 21N-2P-8K+EM,PT,G,1,,21,,,,,2,8,,,,,,,,,,,,
316,MF 21N-3P-8K-3Ca+MENORES,PT,G,1,,21,,,,,3,8,3,,,,,,,,,,,
307,MF 21N-4P-5K-3Ca+MENORES,PT,G,1,,21,,,,,4,5,3,,,,,,,,,,,
497,MF 21N-5P-10K+EM,PT,G,1,,21,,,,,5,10,,,,,,,,,,,,
471,MF 21N-5P-9K+EM,PT,G,1,,21,,,,,5,9,,,,,,,,,,,,
632,MF 21N-9P-9K+EM,PT,G,1,,21,,,,,9,9,,,,,,,,,,,,
315,MF 22N 3P 13K 4S+MENORES,PT,G,1,,21,,,,,3,13,,,4,,,,,,,,,
524,MF 22N-0P-25K-3S,PT,G,1,,22,,,,,0,25,,,3,,,,,,,,,
526,MF 22N-0P-3K+EM,PT,G,1,,22,,,,,0,3,,,,,,,,,,,,
511,MF 22N-4P-8K+EM,PT,G,1,,22,,,,,4,8,,,,,,,,,,,,
525,MF 22N-5P-13K+EM,PT,G,1,,22,,,,,5,13,,,,,,,,,,,,
456,MF 22N-6P-3K+EM,PT,G,1,,22,,,,,6,3,,,,,,,,,,,,
398,MF 22N-6P-7Ca+EM,PT,G,1,,22,,,,,6,0,7,,,,,,,,,,,
633,MF 22N-6P-7K+EM,PT,G,1,,22,,,,,6,7,,,,,,,,,,,,
634,MF 22N-9P-9K+EM,PT,G,1,,22,,,,,9,9,,,,,,,,,,,,
20,MF 23-3-20,PT,G,1,,23,,,,,3,20,3,,,,,,,,,,,
618,MF 23N 6P 8K + EM,PT,G,1,,23,,,,,6,8,,,,,,,,,,,,
394,MF 23N-3P-20K+EM,PT,G,1,,23,,,,,3,20,,,,,,,,,,,,
506,MF 23N-5P-6K+EM,PT,G,1,,23,,,,,5,6,,,,,,,,,,,,
508,MF 23N-6P-8K+EM,PT,G,1,,23,,,,,6,8,,,,,,,,,,,,
308,MF 24-0-17+EM,PT,G,1,,24,,,,,0,17,,,,,,,,,,,,
174,MF 24-3-9-3+EM,PT,G,1,,24,,,,,3,9,3,,,,,,,,,,,
348,MF 24-5-7-5S-3Ca+1CO,PT,G,1,1,24,,,,,5,7,3,,5,,,,,,,,,
436,MF 24N-0P-2K+EM,PT,G,1,,24,,,,,0,2,,,,,,,,,,,,
532,MF 24N-3P-12K+EM,PT,G,1,,24,,,,,3,12,,,,,,,,,,,,
440,MF 24N-4P-11K+EM,PT,G,1,,24,,,,,4,11,,,,,,,,,,,,
473,MF 24N-5P-6K+EM,PT,G,1,,24,,,,,5,6,,,,,,,,,,,,
328,MF 25-0-15+EM,PT,G,1,,25,,,,,0,15,,,,,,,,,,,,
146,MF 25-0-17-4S+EM,PT,G,1,,25,,,,,0,17,,,4,,,,,,,,,
148,MF 25-10-18+ MENORES,PT,G,1,,25,,,,,10,18,,,,,,,,,,,,
175,MF 25-10-18+EM,PT,G,1,,25,,,,,10,18,,,,,,,,,,,,
382,MF 25-15-2-3-2,PT,G,1,,25,,,,,15,2,3,2,,,,,,,,,,
82,MF 25-4-24,PT,G,1,,25,,,,,4,24,,,,,,,,,,,,
518,MF 25N-17P-1K+EM,PT,G,1,,25,,,,,17,1,,,,,,,,,,,,
455,MF 25N-1P-13K+EM,PT,G,1,,25,,,,,1,13,,,,,,,,,,,,
509,MF 25N-4P-11K+EM,PT,G,1,,25,,,,,4,11,,,,,,,,,,,,
656,MF 25N-4P-17K+EM,PT,G,1,,25,,,,,4,17,,,,,,,,,,,,
367,MF 25N-5P-0K-8Ca+EM,PT,G,1,,25,,,,,5,0,8,,,,,,,,,,,
533,MF 25N-5P-12K+EM,PT,G,1,,25,,,,,5,12,,,,,,,,,,,,
492,MF 25N-7K-2CA+EM,PT,G,1,,25,,,,,7,7,,,,,,,,,,,,
652,MF 25N-7P-7K+EM,PT,G,1,,25,,,,,7,7,,,,,,,,,,,,
648,MF 25N-8P-14K+EM,PT,G,1,,25,,,,,8,14,,,,,,,,,,,,
159,MF 26-0-17+EM,PT,G,1,,26,,,,,0,17,,,,,,,,,,,,
176,MF 26-1-12-+EM,PT,G,1,,26,,,,,1,12,,,,,,,,,,,,
619,MF 26N 7P 6K + EM,PT,G,1,,26,,,,,7,6,,,,,,,,,,,,
514,MF 26N-1P-11K+EM,PT,G,1,,26,,,,,1,11,,,,,,,,,,,,
512,MF 26N-5P-11K+EM,PT,G,1,,26,,,,,5,11,,,,,,,,,,,,
476,MF 26N-9P-9K+EM,PT,G,1,,26,,,,,9,9,,,,,,,,,,,,
136,MF 27-17-0Ca,PT,G,1,,27,,,,,17,,,,,,,,,,,,,
630,MF 27N-0P-14K+EM,PT,G,1,,27,,,,,0,14,,,5,,,,,,,2,,
385,"MF 27N-15K-5S-2Si-0,80CO",PT,G,1,0.8,27,,,,,0,15,,,,,,,,,,,,
445,MF 27N-1P-12K-2Ca+EM,PT,G,1,,27,,,,,1,12,2,,,,,,,,,,,
475,MF 27N-1P-7K+EM,PT,G,1,,27,,,,,1,7,,,,,,,,,,,,
653,MF 27N-1P-8K+EM,PT,G,1,,27,,,,,1,8,,,,,,,,,,,,
642,MF 27N-3P-12K+EM,PT,G,1,,27,,,,,3,12,,,,,,,,,,,,
536,MF 27N-3P-3K+EM,PT,G,1,,27,,,,,3,3,,,,,,,,,,,,
438,MF 27N-4P-3K+EM,PT,G,1,,27,,,,,4,3,,,,,,,,,,,,
606,MF 27N-6P-13K+EM,PT,G,1,,27,,,,,6,13,,,,,,,,,,,,
480,MF 27N-9K-10S+EM,PT,G,1,,27,,,,,6,9,,,10,,,,,,,,,
299,MF 28-0-6-2Ca+EM,PT,G,1,,28,,,,,0,6,2,,,,,,,,,,,
312,MF 28-0-9-2Ca+EM,PT,G,1,,28,,,,,0,9,2,,,,,,,,,,,
165,MF 28-1-12+EM,PT,G,1,,28,,,,,1,12,2,,,,,,,,,,,
303,MF 28-1-6-2Ca+EM,PT,G,1,,28,,,,,1,6,2,,,,,,,,,,,
352,MF 28-1-6-5S-EM+1CO,PT,G,1,1,28,,,,,1,6,,,5,,,,,,,,,
620,MF 28N 1P 7K +EM,PT,G,1,,28,,,,,1,7,,,,,,,,,,,,
617,MF 28N 1P 8K + EM,PT,G,1,,28,,,,,1,8,,,,,,,,,,,,
513,MF 28N-0P-12K+EM,PT,G,1,,28,,,,,0,12,,,,,,,,,,,,
537,MF 28N-14P-10K+EM,PT,G,1,,28,,,,,14,10,,,,,,,,,,,,
432,MF 28N-1P-12K+EM,PT,G,1,,28,,,,,1,12,,,,,,,,,,,,
487,MF 28N-4P-15K +EM,PT,G,1,,28,,,,,4,15,,,,,,,,,,,,
469,MF 28N-5P-6K+EM,PT,G,1,,28,,,,,5,6,,,,,,,,,,,,
527,MF 29N-0P-16K-4S,PT,G,1,,29,,,,,0,16,,,4,,,,,,,,,
522,MF 29N-10P-10K+EM,PT,G,1,,29,,,,,10,10,,,,,,,,,,,,
417,MF 29N-3P-15K+EM,PT,G,1,,29,,,,,3,15,,,,,,,,,,,,
389,MF 3-10-2 + EM,PT,G,1,,3,,,,,10,2,,,,,,,,,,,,
163,MF 30-0-20 +EM +TMC,PT,G,1,,30,,,,,0,20,,,,,,,,,,,,
418,MF 30N 0P 20K,PT,G,1,,30,,,,,0,20,,,,,,,,,,,,
538,MF 30N-11P-10K+EM,PT,G,1,,30,,,,,11,10,,,,,,,,,,,,
493,MF 30N-12K-2CA+EM,PT,G,1,,30,,,,,12,12,2,,,,,,,,,,,
298,MF 31-0-20+NX,PT,G,1,,31,,,,,0,20,,,,,,,,,,,,
187,MF 31-0-20+TMC,PT,G,1,,31,,,,,0,20,,,,,,,,,,,,
81,MF 31-8-8-2,PT,G,1,,31,,,,,8,8,2,,,,,,,,,,,
521,MF 31N-6P-11K+EM,PT,G,1,,31,,,,,6,11,,,,,,,,,,,,
380,MF 32-0-6+EM,PT,G,1,,32,,,,,0,6,,,,,,,,,,,,
327,MF 32-6-5-2SI-1CO,PT,G,1,1,32,,,,,6,5,,,,,,,,,,2,,
383,MF 32N 1P 6K 2Ca+ EM,PT,G,1,,32,,,,,1,6,2,,,,,,,,,,,
665,MF 32N-1P-12K+EM,PT,G,1,,32,,,,,1,12,,,,,,,,,,,,
626,MF 33N-1P-12K+EM,PT,G,1,,33,,,,,1,12,,,,,,,,,,,,
479,MF 33N-5P-12K,PT,G,1,,33,,,,,5,12,,,,,,,,,,,,
523,MF 37N-0P-11K,PT,G,1,,37,,,,,0,11,,,,,,,,,,,,
434,MF 37N-2Ca-2Mg+EM,PT,G,1,,37,,,,,0,0,2,2,,,,,,,,,,
168,MF 38-0-0-8,PT,G,1,,38,,,,,0,0,8,,,,,,,,,,,
399,MF 38N-10K_,PT,G,1,,38,,,,,0,10,,,,,,,,,,,,
640,MF 3N-13P-32K+EM,PT,G,1,,3,,,,,13,32,,,,,,,,,,,,
369,MF 40-3-0-2+EM,PT,G,1,,40,,,,,3,0,2,,,,,,,,,,,
292,"MF 52K-1,1B-0,5Zn",PT,G,1,,0,,,,,0,52,,,,1.1,,,,,,,0.5,
391,MF 6-9-6+EM,PT,G,1,,6,,,,,9,6,,,,,,,,,,,,
356,MF 7-7-5-3S+EM+2CO,PT,G,1,2,7,,,,,7,5,,,3,,,,,,,,,
545,MF 7N-14P-29K+EM,PT,G,1,,7,,,,,14,29,,,,,,,,,,,,
313,MF 8-24-8+EM,PT,G,1,,8,,,,,24,8,,,,,,,,,,,,
435,MF 8N-15P-23K+EM,PT,G,1,,8,,,,,15,23,,,,,,,,,,,,
510,MF 8N-17P-34K-1S,PT,G,1,,8,,,,,17,34,,,1,,,,,,,,,
453,MF 8N-20P-12+EM,PT,G,1,,8,,,,,20,12,,,,,,,,,,,,
439,MF 9N-12P-24K+EM,PT,G,1,,9,,,,,12,24,,,,,,,,,,,,
21,MF-17-6-18-2,PT,G,1,,17,,,,,6,18,,,2,,,,,,,,,
22,MF-23-3-20-4Ca-3Si,PT,G,1,,23,,,,,3,20,4,,,,,,,,,3,,
673,MFE 0N-1P0K+EM,PT,G,1,,0,,,,,1,0,,,,,,,,,,,,
588,MFE 10N 11P 29K,PT,G,1,,10,,,,,11,29,,,,,,,,,,,,
641,MFE 10N-24P-14K +EM,PT,G,1,,10,,,,,24,14,,,,,,,,,,,,
542,MFE 10N-25P-8K+EM,PT,G,1,,10,,,,,25,8,,,,,,,,,,,,
589,MFE 10N-6P-16K +EM,PT,G,1,,10,,,,,6,16,,,,,,,,,,,,
668,MFE 10N-6P-6K+EM,PT,G,1,,10,,,,,6,6,,,,,,,,,,,,
569,MFE 10N-9P-18K+EM,PT,G,1,,10,,,,,9,18,,,,,,,,,,,,
544,MFE 11N-24P-9K+EM,PT,G,1,,11,,,,,24,9,,,,,,,,,,,,
646,MFE 11N-25P-9K+EM,PT,G,1,,11,,,,,25,9,,,,,,,,,,,,
660,MFE 11N-9P-18K+EM,PT,G,1,,11,,,,,9,18,,,,,,,,,,,,
587,MFE 12N 25P 9K,PT,G,1,,12,,,,,25,9,,,,,,,,,,,,
659,MFE 13N-15P-10K+EM,PT,G,1,,13,,,,,16,10,,,,,,,,,,,,
314,MFE 13N-26P-6K+EM,PT,G,1,,13,,,,,26,6,,,,,,,,,,,,
489,MFE 13N-36P-10K+EM,PT,G,1,,13,,,,,36,10,,,,,,,,,,,,
601,MFE 13N-6P-6K+EM,PT,G,1,,13,,,,,6,6,,,,,,,,,,,,
590,MFE 15N-12P-20K+EM,PT,G,1,,15,,,,,12,20,,,,,,,,,,,,
623,MFE 15N-20P-2K+EM,PT,G,1,,15,,,,,20,2,,,,,,,,,,,,
602,MFE 15N-21P-1K+EM,PT,G,1,,15,,,,,21,1,,,,,,,,,,,,
635,MFE 15N-9P-20K+EM,PT,G,1,,15,,,,,9,20,,,,,,,,,,,,
658,MFE 16N-21P-5K+EM,PT,G,1,,16,,,,,21,5,,,,,,,,,,,,
429,MFE 18N-18P-18K+EM,PT,G,1,,18,,,,,18,18,,,,,,,,,,,,
649,MFE 18N-2P-0K+EM,PT,G,1,,18,,,,,2,0,,,,,,,,,,,,
414,MFE 18N-9P-29K+EM,PT,G,1,,18,,,,,9,29,,,,,,,,,,,,
674,MFE 19N-25P-6K+EM,PT,G,1,,19,,,,,25,6,,,,,,,,,,,,
566,MFE 19N-4P-10K+EM,PT,G,1,,19,,,,,4,10,,,,,,,,,,,,
586,MFE 19N-4P-18K,PT,G,1,,19,,,,,4,18,,,,,,,,,,,,
596,MFE 20N-3P-14K+EM,PT,G,1,,20,,,,,3,14,,,,,,,,,,,,
413,MFE 20N-4P-18K+EM,PT,G,1,,20,,,,,4,18,,,,,,,,,,,,
555,MFE 21N-4P-11K+EM,PT,G,1,,21,,,,,4,11,,,,,,,,,,,,
654,MFE 21N-7P-8K + EM,PT,G,1,,21,,,,,7,8,,,,,,,,,,,,
664,MFE 22N-0P-19K+EM,PT,G,1,,22,,,,,0,19,,,,,,,,,,,,
560,MFE 22N-3P-0K+ EM,PT,G,1,,22,,,,,3,0,,,,,,,,,,,,
645,MFE 22N-3P-3K+EM,PT,G,1,,22,,,,,3,3,,,,,,,,,,,,
662,MFE 22N-6P-3K+EM,PT,G,1,,22,,,,,6,3,,,,,,,,,,,,
605,MFE 22N-7K-12S+EM,PT,G,1,,22,,,,,0,7,,,12,,,,,,,,,
639,MFE 22N-8P-10K+EM,PT,G,1,,22,,,,,8,10,,,,,,,,,,,,
535,MFE 22N-9P-0K+EM,PT,G,1,,22,,,,,9,0,,,,,,,,,,,,
669,MFE 23N-1P-18K+EM,PT,G,1,,23,,,,,1,18,,,,,,,,,,,,
651,MFE 23N-4P-16K+EM,PT,G,1,,23,,,,,4,16,,,,,,,,,,,,
593,MFE 23N-4P-9K+EM,PT,G,1,,23,,,,,4,9,,,,,,,,,,,,
420,MFE 23N-5P-10K+EM,PT,G,1,,23,,,,,5,10,,,,,,,,,,,,
554,MFE 23N-9P-11K+EM,PT,G,1,,23,,,,,9,11,,,,,,,,,,,,
650,MFE 24N-2P-9K+EM,PT,G,1,,24,,,,,2,9,,,,,,,,,,,,
585,MFE 24N-4-2K+EM,PT,G,1,,24,,,,,4,2,,,,,,,,,,,,
965,MFE 24N-4P-10K+EM,PT,G,1,,24,,,,,4,10,,,,,,,,,,,,
616,MFE 24N-6P-7K+EM,PT,G,1,,24,,,,,6,7,,,,,,,,,,,,
591,MFE 24N-9K-12S+EM,PT,G,1,,24,,,,,0,9,,,12,,,,,,,,,
614,MFE 24N-9P-7S+EM,PT,G,1,,24,,,,,9,0,,,7,,,,,,,,,
629,MFE 25N-0P-8K+EM,PT,G,1,,25,,,,,0,8,,,,,,,,,,,,
412,MFE 25N-13P-12K +EM,PT,G,1,,25,,,,,13,12,,,,,,,,,,,,
628,MFE 25N-4P-14K+EM,PT,G,1,,25,,,,,4,14,,,,,,,,,,,,
677,MFE 25N-6P-0K+EM,PT,G,1,,25,,,,,6,0,,,,,,,,,,,,
568,MFE 25N-6P-13K+EM,PT,G,1,,25,,,,,6,13,,,,,,,,,,,,
644,MFE 25N-8P-16K+EM,PT,G,1,,25,,,,,8,16,,,,,,,,,,,,
594,MFE 26N-11P-6K+EM,PT,G,1,,26,,,,,11,6,,,,,,,,,,,,
582,MFE 26N-20K-4S,PT,G,1,,26,,,,,0,20,,,4,,,,,,,,,
627,MFE 26N-2P-9K-2Ca,PT,G,1,,26,,,,,2,9,2,,,,,,,,,,,
431,MFE 26N-6P-2K+EM,PT,G,1,,26,,,,,6,2,,,,,,,,,,,,
682,MFE 26N-7P-0K+EM,PT,G,1,,26,,,,,7,0,,,,,,,,,,,,
625,MFE 27N-18K-5S,PT,G,1,,27,,,,,0,18,,,5,,,,,,,,,
672,MFE 27N-20P-0K+EM,PT,G,1,,27,,,,,20,0,,,,,,,,,,,,
539,MFE 27N-5P-11K+EM,PT,G,1,,27,,,,,5,11,,,,,,,,,,,,
610,MFE 27N-8P-9K+EM KILO,PT,G,1,,27,,,,,8,9,,,,,,,,,,,,
621,MFE 28N 24K,PT,G,1,,28,,,,,0,24,,,,,,,,,,,,
1401,MFE 28N 5P 5.4K + EM,PT,G,1,,28,,,,,5,5.4,1.8,3.5,3.6,,,,,,,,,
600,MFE 28N-14P-6K+EM,PT,G,1,,28,,,,,14,6,,,,,,,,,,,,
657,MFE 28N-4P-9K+EM,PT,G,1,,28,,,,,4,9,,,,,,,,,,,,
592,MFE 28N-5P-0K+EM,PT,G,1,,28,,,,,5,0,,,,,,,,,,,,
548,MFE 28N-5P-15K+EM,PT,G,1,,28,,,,,5,15,,,,,,,,,,,,
609,MFE 28N-5P-9K+EM,PT,G,1,,28,,,,,5,9,,,,,,,,,,,,
608,MFE 29N 10P 6K + EM,PT,G,1,,29,,,,,10,6,,,,,,,,,,,,
428,MFE 29N-15P-5K+EM,PT,G,1,,29,,,,,15,5,,,,,,,,,,,,
607,MFE 29N-1P-11K+EM,PT,G,1,,29,,,,,1,11,,,,,,,,,,,,
683,MFE 29N-6P-12K+EM,PT,G,1,,29,,,,,6,12,,,,,,,,,,,,
840,MFE 30N-0P-20K,PT,G,1,,30,,,,,0,20,,,,,,,,,,,,
598,MFE 30N-11P-6K+EM,PT,G,1,,30,,,,,11,6,,,,,,,,,,,,
465,MFE 30N-8P-0K-5CA+EM,PT,G,1,,30,,,,,8,0,4,,,,,,,,,,,
676,MFE 30N-9P-0K+EM,PT,G,1,,30,,,,,9,0,,,,,,,,,,,,
671,MFE 31N-5P-0K+EM,PT,G,1,,31,,,,,5,0,,,,,,,,,,,,
597,MFE 31N-6P-7K+EM,PT,G,1,,31,,,,,6,7,,,,,,,,,,,,
581,MFE 31N-7K-9S,PT,G,1,,31,,,,,0,7,,,9,,,,,,,,,
1080,MFE 32-0-9,PT,G,1,,32,,,,,0,9,,,,,,,,,,,,
1402,MFE 32N 1P 12K,PT,G,1,,32,,,,,1,12,,,,,,,,,,1.6,0.5,
599,MFE 33N-6P-6K+EM,PT,G,1,,33,,,,,6,6,,,,,,,,,,,,
666,MFE 4N-9P-0K+ EM,PT,G,1,,4,,,,,9,0,,,,,,,,,,,,
622,MFE 5N-8P-29K+EM,PT,G,1,,5,,,,,8,29,,,,,,,,,,,,
603,MFE 6N-6P-33K+EM,PT,G,1,,6,,,,,6,33,,,,,,,,,,,,
661,MFE 7N-8P-30K+EM,PT,G,1,,7,,,,,8,30,,,,,,,,,,,,
551,MFE 8N-6P-24K+EM,PT,G,1,,8,,,,,6,24,,,,,,,,,,,,
164,MICRON C,PT,G,1,,46,,,,,,,,,,,,,,,,,,
188,MICRON CS,PT,G,1,,40,,,,,,,,,6,,,,,,,,,
65,NUCLEO 4,PT,G,1,,,,,,,,,18,18,4,,,,,,,14,,
62,NUCLEO CAMASI GRIS,PT,G,1,,,,,,,,,10,1,1,,,,,,,20,,
563,NUCLEO CAMASI YARA,PT,G,1,,,,,,,,,25,3,1,,,,,,,14,,
140,NUCLEO FERCON,PT,G,1,,,,,,,,,17,17,4,,,,,,,12,,
679,NUCLEO FOSFORO 10,PT,G,1,,,,,,,10,,14,2,5,,,,,,,2,,
208,NUCLEO MAGNESIO,PT,G,1,,,,,,,,,,16,8,,,,,,,,,
803,NUCLEO MAGNESIO-S,PT,G,1,,,,,,,,,,16,8,,,,,,,,,
604,NUCLEO MAGNESIO-SILICIO,PT,G,1,,,,,,,,,,28,1,,,,,,,30,,
558,NUCLEO MAGNESIO-SILICIO EM,PT,G,1,,,,,,,,,,28,1,,,,,,,30,,
155,RAIFOS 20,PT,G,1,5,,,,,,20,,23,1.5,1,,,,,,,21,,
32,SAM,MP,G,1,,21,21,,,,,,,,24,,,,,,,,,
35,SILIMAGRAN,PT,G,1,,,,,,,5,,,30,,,,,,,,30,,
167,SULFATO POTASIO,MP,G,1,,,,,,,,52,,,18,,,,,,,,,
564,SULFATO ZINC 30%,PT,G,1,,,,,,,,,,,,,,,,,,,30,
12,UREA,MP,G,1,,46,,,,46,,,,,,,,,,,,,,
160,ZUELO CA,PT,G,1,,,,,,,,3,27,12,4,,,,,,,4,,
1410,MFE 22-3-7,PT,G,1,0,22,,,,0,3,7,0,0,0,0,0,0,0,0,0,0,0,0
