ITEM PADRE,DESC ITEM PADRE,ITEM MP,DESC ITEM M.P,LISTA ,CANTIDAD R
35,SILIMAGRAN SN X KILO,000290,ROCA FOSFORICA 26% X KILO,0,160
35,SILIMAGRAN SN X KILO,000370,BENTONITA GRIS X KILO,0,20
35,SILIMAGRAN SN X KILO,000074,KIESERITA EN POLVO X KILO,0,70
35,SILIMAGRAN SN X KILO,000214,VINAZA X KILO,0,100
35,SILIMAGRAN SN X KILO,000274,SILICATO DE MAGNESIO X KILO,0,750
62,NUCLEO CAMASI GRIS X KILO,000214,VINAZA X KILO,0,100
62,NUCLEO CAMASI GRIS X KILO,000105,CARBONATO DE CALCIO X KILO,0,350
62,NUCLEO CAMASI GRIS X KILO,000074,KIESERITA EN POLVO X KILO,0,50
62,NUCLEO CAMASI GRIS X KILO,000370,BENTONITA GRIS X KILO,0,600
65,NUCLEO 4 X KILO,000120,CAL DOLOMITA X KILO,3,100
65,NUCLEO 4 X KILO,000274,SILICATO DE MAGNESIO X KILO,3,400
65,NUCLEO 4 X KILO,000105,CARBONATO DE CALCIO X KILO,3,250
65,NUCLEO 4 X KILO,000005,SULFATO DE CALCIO X KILO,3,150
65,NUCLEO 4 X KILO,000074,KIESERITA EN POLVO X KILO,3,100
82,MF 25-4-24 X KILO,000012,UREA X KILO,0,460
82,MF 25-4-24 X KILO,000097,DAP GRANULADO X KILO,0,80
82,MF 25-4-24 X KILO,000144,KCL GRANULADO X KILO,0,360
82,MF 25-4-24 X KILO,000065,NUCLEO 4 X KILO,0,100
82,MF 25-4-24 X KILO,000241,EMPAQUE MF-25-4-24 X KILO,0,20
82,MF 25-4-24 X KILO,000267,LINER X 50KG,0,20
83,MF 18-18-18 X KILO,000012,UREA X KILO,0,230
83,MF 18-18-18 X KILO,000097,DAP GRANULADO X KILO,0,350
83,MF 18-18-18 X KILO,000144,KCL GRANULADO X KILO,0,280
83,MF 18-18-18 X KILO,000065,NUCLEO 4 X KILO,0,140
83,MF 18-18-18 X KILO,000243,EMPAQUE MF 18-18-18 X KILO,0,20
83,MF 18-18-18 X KILO,000267,LINER X 50KG,0,20
84,MF 17-6-18-2-1 X KILO,000012,UREA X KILO,0,300
84,MF 17-6-18-2-1 X KILO,000097,DAP GRANULADO X KILO,0,110
84,MF 17-6-18-2-1 X KILO,000144,KCL GRANULADO X KILO,0,280
84,MF 17-6-18-2-1 X KILO,000065,NUCLEO 4 X KILO,0,310
84,MF 17-6-18-2-1 X KILO,000237,EMPAQUE MF 17-6-18-2 X KILO,0,20
84,MF 17-6-18-2-1 X KILO,000267,LINER X 50KG,0,20
85,MF 15-15-15 X KILO,000012,UREA X KILO,0,180
85,MF 15-15-15 X KILO,000097,DAP GRANULADO X KILO,0,300
85,MF 15-15-15 X KILO,000144,KCL GRANULADO X KILO,0,230
85,MF 15-15-15 X KILO,000065,NUCLEO 4 X KILO,0,290
85,MF 15-15-15 X KILO,000236,EMPAQUE MF 15-15-15 X KILO,0,20
85,MF 15-15-15 X KILO,000267,LINER X 50KG,0,20
86,MF 10-30-10 X KILO,000097,DAP GRANULADO X KILO,0,600
86,MF 10-30-10 X KILO,000144,KCL GRANULADO X KILO,0,150
86,MF 10-30-10 X KILO,000065,NUCLEO 4 X KILO,0,250
86,MF 10-30-10 X KILO,000244,EMPAQUE FORMULACION ESPECIAL X KILO,0,20
86,MF 10-30-10 X KILO,000267,LINER X 50KG,0,20
123,BORO GRANULADO SN X KILO,000016,ULEXITA X KILO,2,850
123,BORO GRANULADO SN X KILO,000105,CARBONATO DE CALCIO X KILO,2,50
123,BORO GRANULADO SN X KILO,000214,VINAZA X KILO,2,100
123,BORO GRANULADO SN X KILO,000074,KIESERITA EN POLVO X KILO,2,50
123,BORO GRANULADO SN X KILO,000274,SILICATO DE MAGNESIO X KILO,2,50
140,NUCLEO FERCON X KILO,000065,NUCLEO 4 X KILO,0,980
140,NUCLEO FERCON X KILO,000150,CALFERZINC-P SN X KILO,0,20
141,FORMULACION ESPECIAL SULFATO DE CALCIO P,000005,SULFATO DE CALCIO X KILO,4,750
141,FORMULACION ESPECIAL SULFATO DE CALCIO P,000074,KIESERITA EN POLVO X KILO,4,50
141,FORMULACION ESPECIAL SULFATO DE CALCIO P,000105,CARBONATO DE CALCIO X KILO,4,150
141,FORMULACION ESPECIAL SULFATO DE CALCIO P,000370,BENTONITA GRIS X KILO,4,50
150,CALFERZINC-P SN X KILO,000023,SULFATO DE ZINC 35% X KILO,0,675
150,CALFERZINC-P SN X KILO,000105,CARBONATO DE CALCIO X KILO,0,75
150,CALFERZINC-P SN X KILO,000074,KIESERITA EN POLVO X KILO,0,50
150,CALFERZINC-P SN X KILO,000370,BENTONITA GRIS X KILO,0,200
154,FE MAGNE 3 SN X KILO,000105,CARBONATO DE CALCIO X KILO,0,50
154,FE MAGNE 3 SN X KILO,000057,OXIDO DE MAGNESIO X KILO,0,100
154,FE MAGNE 3 SN X KILO,000143,KCL STANDAR X KILO,0,50
154,FE MAGNE 3 SN X KILO,000005,SULFATO DE CALCIO X KILO,0,150
154,FE MAGNE 3 SN X KILO,000370,BENTONITA GRIS X KILO,0,50
154,FE MAGNE 3 SN X KILO,000274,SILICATO DE MAGNESIO X KILO,0,400
154,FE MAGNE 3 SN X KILO,000074,KIESERITA EN POLVO X KILO,0,200
154,FE MAGNE 3 SN X KILO,000214,VINAZA X KILO,0,100
155,RAIFOS 20 SN X KILO,000074,KIESERITA EN POLVO X KILO,3,50
155,RAIFOS 20 SN X KILO,000193,MAP TECNICO X KILO,3,50
155,RAIFOS 20 SN X KILO,000290,ROCA FOSFORICA 26% X KILO,3,650
155,RAIFOS 20 SN X KILO,000274,SILICATO DE MAGNESIO X KILO,3,90
155,RAIFOS 20 SN X KILO,000152,LEONARDITA X KILO,3,100
155,RAIFOS 20 SN X KILO,000678,ABONO ORGANICO A,3,60
155,RAIFOS 20 SN X KILO,000214,VINAZA X KILO,3,200
161,FERTIMENORES SN X KILO,000105,CARBONATO DE CALCIO X KILO,0,100
161,FERTIMENORES SN X KILO,000016,ULEXITA X KILO,0,70
161,FERTIMENORES SN X KILO,000005,SULFATO DE CALCIO X KILO,0,160
161,FERTIMENORES SN X KILO,000290,ROCA FOSFORICA 26% X KILO,0,270
161,FERTIMENORES SN X KILO,000120,CAL DOLOMITA X KILO,0,70
161,FERTIMENORES SN X KILO,000274,SILICATO DE MAGNESIO X KILO,0,100
161,FERTIMENORES SN X KILO,000370,BENTONITA GRIS X KILO,0,100
161,FERTIMENORES SN X KILO,000074,KIESERITA EN POLVO X KILO,0,50
161,FERTIMENORES SN X KILO,000214,VINAZA X KILO,0,150
161,FERTIMENORES SN X KILO,000023,SULFATO DE ZINC 35% X KILO,0,70
161,FERTIMENORES SN X KILO,000030,SULFATO DE COBRE 22% X KILO,0,10
300,K2K SN X KILO,000074,KIESERITA EN POLVO X KILO,4,50
300,K2K SN X KILO,000005,SULFATO DE CALCIO X KILO,4,50
300,K2K SN X KILO,000197,SULFATO DE POTASIO SOLUBLE X KILO,4,120
300,K2K SN X KILO,000143,KCL STANDAR X KILO,4,400
300,K2K SN X KILO,000678,ABONO ORGANICO A,4,200
300,K2K SN X KILO,000214,VINAZA X KILO,4,200
300,K2K SN X KILO,000105,CARBONATO DE CALCIO X KILO,4,80
300,K2K SN X KILO,000111,BENTONITA ROJA X KILO,4,100
302,NUCLEO HIERRO X KILO,000074,KIESERITA EN POLVO X KILO,0,50
302,NUCLEO HIERRO X KILO,000105,CARBONATO DE CALCIO X KILO,0,100
302,NUCLEO HIERRO X KILO,000171,SILICATO DE HIERRO X KILO,0,750
302,NUCLEO HIERRO X KILO,000111,BENTONITA ROJA X KILO,0,100
302,NUCLEO HIERRO X KILO,000214,VINAZA X KILO,0,100
311,CALFERCORRECTIVO X KILO,000290,ROCA FOSFORICA 26% X KILO,0,150
311,CALFERCORRECTIVO X KILO,000120,CAL DOLOMITA X KILO,0,100
311,CALFERCORRECTIVO X KILO,000105,CARBONATO DE CALCIO X KILO,0,100
311,CALFERCORRECTIVO X KILO,000005,SULFATO DE CALCIO X KILO,0,200
311,CALFERCORRECTIVO X KILO,000274,SILICATO DE MAGNESIO X KILO,0,350
311,CALFERCORRECTIVO X KILO,000267,LINER X 50KG,0,20
311,CALFERCORRECTIVO X KILO,000370,BENTONITA GRIS X KILO,0,100
311,CALFERCORRECTIVO X KILO,000460,EMPAQUE CALFERCORRECTIVO X KILO,0,20
393,BIOPLANTAS X KILO,000204,BIOCANECON X KILO,0,1000
393,BIOPLANTAS X KILO,000345,EMPAQUE BIOPLANTAS X KILO,0,20
393,BIOPLANTAS X KILO,000267,LINER X 50KG,0,20
410,FOSFORO ESPECIAL,000074,KIESERITA EN POLVO X KILO,0,50
410,FOSFORO ESPECIAL,000110,CAOLIN GRIS X KILO,0,100
410,FOSFORO ESPECIAL,000290,ROCA FOSFORICA 26% X KILO,0,800
410,FOSFORO ESPECIAL,000204,BIOCANECON X KILO,0,50
410,FOSFORO ESPECIAL,000214,VINAZA X KILO,0,100
452,NUCLEO CAMASI ROJO X KILO,000111,BENTONITA ROJA X KILO,0,600
452,NUCLEO CAMASI ROJO X KILO,000105,CARBONATO DE CALCIO X KILO,0,350
452,NUCLEO CAMASI ROJO X KILO,000074,KIESERITA EN POLVO X KILO,0,50
452,NUCLEO CAMASI ROJO X KILO,000214,VINAZA X KILO,0,100
558,NUCLEO MAGNESIO-SILICIO X KILO,000274,SILICATO DE MAGNESIO X KILO,1,900
558,NUCLEO MAGNESIO-SILICIO X KILO,000111,BENTONITA ROJA X KILO,1,50
558,NUCLEO MAGNESIO-SILICIO X KILO,000074,KIESERITA EN POLVO X KILO,1,50
558,NUCLEO MAGNESIO-SILICIO X KILO,000214,VINAZA X KILO,1,100
563,NUCLEO CAMASI YARA SN,000074,KIESERITA EN POLVO X KILO,0,50
563,NUCLEO CAMASI YARA SN,000274,SILICATO DE MAGNESIO X KILO,0,100
563,NUCLEO CAMASI YARA SN,000105,CARBONATO DE CALCIO X KILO,0,600
563,NUCLEO CAMASI YARA SN,000214,VINAZA X KILO,0,50
563,NUCLEO CAMASI YARA SN,000370,BENTONITA GRIS X KILO,0,250
574,NUCLEO FOSFORO 1 X KILO,000290,ROCA FOSFORICA 26% X KILO,1,750
574,NUCLEO FOSFORO 1 X KILO,000111,BENTONITA ROJA X KILO,1,100
574,NUCLEO FOSFORO 1 X KILO,000120,CAL DOLOMITA X KILO,1,50
574,NUCLEO FOSFORO 1 X KILO,000074,KIESERITA EN POLVO X KILO,1,50
574,NUCLEO FOSFORO 1 X KILO,000274,SILICATO DE MAGNESIO X KILO,1,50
574,NUCLEO FOSFORO 1 X KILO,000214,VINAZA X KILO,1,100
679,NUCLEO FOSFORO 10,000075,KIESERITA GRA X KILO,0,50
679,NUCLEO FOSFORO 10,000370,BENTONITA GRIS X KILO,0,50
679,NUCLEO FOSFORO 10,000105,CARBONATO DE CALCIO X KILO,0,150
679,NUCLEO FOSFORO 10,000005,SULFATO DE CALCIO X KILO,0,300
679,NUCLEO FOSFORO 10,000290,ROCA FOSFORICA 26% X KILO,0,450
679,NUCLEO FOSFORO 10,000214,VINAZA X KILO,0,100
680,FORMULACION ESPECIAL SUELO CA POLVO,000274,SILICATO DE MAGNESIO X KILO,0,50
680,FORMULACION ESPECIAL SUELO CA POLVO,000016,ULEXITA X KILO,0,25
680,FORMULACION ESPECIAL SUELO CA POLVO,000120,CAL DOLOMITA X KILO,0,550
680,FORMULACION ESPECIAL SUELO CA POLVO,000005,SULFATO DE CALCIO X KILO,0,200
680,FORMULACION ESPECIAL SUELO CA POLVO,000111,BENTONITA ROJA X KILO,0,50
680,FORMULACION ESPECIAL SUELO CA POLVO,000074,KIESERITA EN POLVO X KILO,0,50
680,FORMULACION ESPECIAL SUELO CA POLVO,000214,VINAZA X KILO,0,200
680,FORMULACION ESPECIAL SUELO CA POLVO,000244,EMPAQUE FORMULACION ESPECIAL X KILO,0,20
680,FORMULACION ESPECIAL SUELO CA POLVO,000267,LINER X 50KG,0,20
680,FORMULACION ESPECIAL SUELO CA POLVO,000143,KCL STANDAR X KILO,0,40
680,FORMULACION ESPECIAL SUELO CA POLVO,000105,CARBONATO DE CALCIO X KILO,0,35
803,NUCLEO MAGNESIO-S,000005,SULFATO DE CALCIO X KILO,0,440
803,NUCLEO MAGNESIO-S,000074,KIESERITA EN POLVO X KILO,0,180
803,NUCLEO MAGNESIO-S,000111,BENTONITA ROJA X KILO,0,70
803,NUCLEO MAGNESIO-S,000274,SILICATO DE MAGNESIO X KILO,0,310
803,NUCLEO MAGNESIO-S,000214,VINAZA X KILO,0,100
997,SULFATO DE ZINC 22% SN,000023,SULFATO DE ZINC 35% X KILO,0,675
997,SULFATO DE ZINC 22% SN,000105,CARBONATO DE CALCIO X KILO,0,75
997,SULFATO DE ZINC 22% SN,000074,KIESERITA EN POLVO X KILO,0,50
997,SULFATO DE ZINC 22% SN,000370,BENTONITA GRIS X KILO,0,200
1275,NUCLEO CALCIO 1,000105,CARBONATO DE CALCIO X KILO,0,900
1275,NUCLEO CALCIO 1,000370,BENTONITA GRIS X KILO,0,50
1275,NUCLEO CALCIO 1,000074,KIESERITA EN POLVO X KILO,0,50
213,FORMULACION ESPECIAL SULFATO DE CALCIO Z,000005,LINER X 50KG,0,50
213,FORMULACION ESPECIAL SULFATO DE CALCIO Z,000005,POLIPROPILENO- EMPAQUE,0,50
213,FORMULACION ESPECIAL SULFATO DE CALCIO Z,000005,SULFATO DE CALCIO X KILO,0,1000