ID_PROD,COD,PRODUCTO,PROVEEDOR,Cprov,CLASE,TIPO,NOMBRE,C,N,N-NH4,N-NO3,N-org,N-ur,P,K,CaO,MgO,S,B,Co,Cu,Fe,Mn,Mo,SiO2,Zn,Na,COMP1,COMP2,COMP3,COMP4,COMP5,COMP6,COMP7,COMP8,COMP9,COMP10
999-1-CRECIMIENTO-CALFERQUIM 1-,x1,1-CRECIMIENTO,CALFERQUIM,1,PT,,999-1-CRECIMIENTO-CALFERQUIM 1-,,"30,00","2,00","3,00",,"25,00","10,50","10,50",,"0,60","0,58","0,02","0,00","0,02","0,05","0,05","0,01",,"0,02",,,,,,,,,,,
999-2-AVANCE-CALFERQUIM 1-,x2,2-AVANCE,CALFERQUIM,1,PT,,999-2-AVANCE-CALFERQUIM 1-,,"19,50","6,00","3,00",,"10,50","31,00","10,50",,"1,00","1,05","0,02","0,00","0,03","0,08","0,09","0,01",,"0,02",,,,,,,,,,,
999-3-PRODUCTOR-CALFERQUIM 1-,x3,3-PRODUCTOR,CALFERQUIM,1,PT,,999-3-PRODUCTOR-CALFERQUIM 1-,,"7,00",,,,,,,,,,,,,,,,,,,,,,,,,,,,
379-AFOS-K-CALFERQUIM 1-P,379,AFOS-K,CALFERQUIM,1,PT,P,379-AFOS-K-CALFERQUIM 1-P,,,,,,,,,,,,,,,,,,,,,,,,,,,,,,
350-B-ZINC-CALFERQUIM 1-G,350,B-ZINC,CALFERQUIM,1,PT,G,350-B-ZINC-CALFERQUIM 1-G,,,,,,,,,,,,,,,,,,,,,,,,,,,,,,
393-BIOPLANTAS-CALFERQUIM 1-P,393,BIOPLANTAS,CALFERQUIM,1,PT,P,393-BIOPLANTAS-CALFERQUIM 1-P,,,,,,,,,,,,,,,,,,,,,,,,,,,,,,
9999-BIORGANIK-CALFERQUIM 1-P,9999,BIORGANIK,CALFERQUIM,1,PT,P,9999-BIORGANIK-CALFERQUIM 1-P,"16,00","1,00",,,,,"1,00","2,00",,,,,,,,,,,,,,,,,,,,,,
123-BORO G-CALFERQUIM 1-G,123,BORO G,CALFERQUIM,1,PT,G,123-BORO G-CALFERQUIM 1-G,,,,,,,,,,,,"10,00",,,,,,,,,,,,,,,,,,
576-BZINC-15-CALFERQUIM 1-G,576,BZINC-15,CALFERQUIM,1,PT,G,576-BZINC-15-CALFERQUIM 1-G,,,,,,,,,,,,,,,,,,,,,,,,,,,,,,
999-CALFER LLENADO-CALFERQUIM 1-,x4,CALFER LLENADO,CALFERQUIM,1,PT,,999-CALFER LLENADO-CALFERQUIM 1-,,"5,00","0,26","4,74",,,"15,00","45,00",,"1,00","4,88","2,00","0,00","0,02","0,06","0,06","0,01",,"0,02",,,,,,,,,,,
999-CALFER MENORES-CALFERQUIM 1-,x5,CALFER MENORES,CALFERQUIM,1,PT,,999-CALFER MENORES-CALFERQUIM 1-,,,,,,,,,,"5,00","0,26","4,74","15,00","45,00","1,00","4,88","2,00",,"0,00",,,,,,,,,,,
311-CALFERCORRECTIVO-CALFERQUIM 1-G,311,CALFERCORRECTIVO,CALFERQUIM,1,PT,G,311-CALFERCORRECTIVO-CALFERQUIM 1-G,,,,,,,,,,,,,,,,,,,,,,,,,,,,,,
26-CALFERMAGNESIO-CALFERQUIM 1-,26,CALFERMAGNESIO,CALFERQUIM,1,PT,,26-CALFERMAGNESIO-CALFERQUIM 1-,,,,,,,,,,,,,,,,,,,,,,,,,,,,,,
150-CALFERZINC P-CALFERQUIM 1-G,150,CALFERZINC P,CALFERQUIM,1,PT,G,150-CALFERZINC P-CALFERQUIM 1-G,,,,,,,,"3,00",,,"7,00",,,,,,,,"22,00",,,,,,,,,,,
663-FE FERTIMENORES-CALFERQUIM 1-G,663,FE FERTIMENORES,CALFERQUIM,1,PT,G,663-FE FERTIMENORES-CALFERQUIM 1-G,,"4,00",,,,,"10,00",,"13,00","7,00","7,00","1,00","0,50",,,,,,"2,50",,,,,,,,,,,
157-FE MAGNE 6-CALFERQUIM 1-G,157,FE MAGNE 6,CALFERQUIM,1,PT,G,157-FE MAGNE 6-CALFERQUIM 1-G,,,,,,,,,,,,,,,,,,,,,,,,,,,,,,
655-FE NUCLEO N-CALFERQUIM 1-G,655,FE NUCLEO N,CALFERQUIM,1,PT,G,655-FE NUCLEO N-CALFERQUIM 1-G,,,,,,,,,,,,,,,,,,,,,,,,,,,,,,
306-FE SULFATO CALCIO C-CALFERQUIM 1-,306,FE SULFATO CALCIO C,CALFERQUIM,1,PT,,306-FE SULFATO CALCIO C-CALFERQUIM 1-,,,,,,,,,,,,,,,,,,,,,,,,,,,,,,
559-FE SULFATO CALCIO G-CALFERQUIM 1-G,559,FE SULFATO CALCIO G,CALFERQUIM,1,PT,G,559-FE SULFATO CALCIO G-CALFERQUIM 1-G,,,,,,,,,,,,,,,,,,,,,,,,,,,,,,
141-FE SULFATO CALCIO P-CALFERQUIM 1-G,141,FE SULFATO CALCIO P,CALFERQUIM,1,PT,G,141-FE SULFATO CALCIO P-CALFERQUIM 1-G,,,,,,,,,"26,40","1,50","10,80",,,,,,,"2,80",,,,,,,,,,,,
213-FE SULFATO CALCIO Z-CALFERQUIM 1-P,213,FE SULFATO CALCIO Z,CALFERQUIM,1,PT,P,213-FE SULFATO CALCIO Z-CALFERQUIM 1-P,,,,,,,,,,,,,,,,,,,,,,,,,,,,,,
22-FE SULFATO ZINC-CALFERQUIM 1-,22,FE SULFATO ZINC,CALFERQUIM,1,PT,,22-FE SULFATO ZINC-CALFERQUIM 1-,,,,,,,,,,,,,,,,,,,,,,,,,,,,,,
643-FE SULFATO ZINC 22-CALFERQUIM 1-G,643,FE SULFATO ZINC 22,CALFERQUIM,1,PT,G,643-FE SULFATO ZINC 22-CALFERQUIM 1-G,,,,,,,,,,,,,,,,,,,"22,00",,,,,,,,,,,
564-FE SULFATO ZINC 31-CALFERQUIM 1-,564,FE SULFATO ZINC 31,CALFERQUIM,1,PT,,564-FE SULFATO ZINC 31-CALFERQUIM 1-,,,,,,,,,,,,,,,,,,,"31,00",,,,,,,,,,,
680-FE ZUELOCa POLVO-CALFERQUIM 1-P,680,FE ZUELOCa POLVO,CALFERQUIM,1,PT,P,680-FE ZUELOCa POLVO-CALFERQUIM 1-P,,,,,,,,,,,,,,,,,,,,,,,,,,,,,,
161-FERTIMENORES-CALFERQUIM 1-P,161,FERTIMENORES,CALFERQUIM,1,PT,P,161-FERTIMENORES-CALFERQUIM 1-P,,"4,00",,,,,"10,00",,"13,00","7,00","7,00","1,00","0,50",,,,,,"2,50",,,,,,,,,,,
410-FOSFORO ESPECIAL-CALFERQUIM 1-G,410,FOSFORO ESPECIAL,CALFERQUIM,1,PT,G,410-FOSFORO ESPECIAL-CALFERQUIM 1-G,,,,,,,,,,,,,,,,,,,,,,,,,,,,,,
300-K2K-CALFERQUIM 1-G,300,K2K,CALFERQUIM,1,PT,G,300-K2K-CALFERQUIM 1-G,"5,00",,,,,,,"28,76","2,84",,"3,42",,,,,,,"1,00",,"0,31",,,,,,,,,,
154-MAGNE 3-CALFERQUIM 1-G,154,MAGNE 3,CALFERQUIM,1,PT,G,154-MAGNE 3-CALFERQUIM 1-G,,,,,,,,"3,00","4,50","27,00","5,50",,,,,,,"13,00",,,,,,,,,,,,
411-MF 0-15-15+EM-CALFERQUIM 1-G,411,MF 0-15-15+EM,CALFERQUIM,1,MF,G,411-MF 0-15-15+EM-CALFERQUIM 1-G,,"0,00",,,,,"15,00","15,00",,,,,,,,,,,,,,,,,,,,,,
137-MF 10-20-20-CALFERQUIM 1-G,137,MF 10-20-20,CALFERQUIM,1,MF,G,137-MF 10-20-20-CALFERQUIM 1-G,,"10,00",,,,,"20,00","20,00",,,,,,,,,,,,,,,,,,,,,,
86-MF 10-30-10-CALFERQUIM 1-G,86,MF 10-30-10,CALFERQUIM,1,MF,G,86-MF 10-30-10-CALFERQUIM 1-G,,"10,00",,,,,"30,00","10,00",,,,,,,,,,,,,,,,,,,,,,
407-MF 10N-10P-20K+EM-CALFERQUIM 1-G,407,MF 10N-10P-20K+EM,CALFERQUIM,1,MF,G,407-MF 10N-10P-20K+EM-CALFERQUIM 1-G,,"10,00",,,,,"10,00","20,00",,,,,,,,,,,,,,,,,,,,,,
396-MF 10N-15P-20K+EM-CALFERQUIM 1-G,396,MF 10N-15P-20K+EM,CALFERQUIM,1,MF,G,396-MF 10N-15P-20K+EM-CALFERQUIM 1-G,,"10,00",,,,,"15,00","20,00",,,,,,,,,,,,,,,,,,,,,,
495-MF 10N-15P-29K+EM-CALFERQUIM 1-G,495,MF 10N-15P-29K+EM,CALFERQUIM,1,MF,G,495-MF 10N-15P-29K+EM-CALFERQUIM 1-G,,"10,00",,,,,"15,00","29,00",,,,,,,,,,,,,,,,,,,,,,
408-MF 10N-20P-20K+EM-CALFERQUIM 1-G,408,MF 10N-20P-20K+EM,CALFERQUIM,1,MF,G,408-MF 10N-20P-20K+EM-CALFERQUIM 1-G,,"10,00",,,,,"20,00","20,00",,,,,,,,,,,,,,,,,,,,,,
464-MF 10N-20P-28K+EM-CALFERQUIM 1-G,464,MF 10N-20P-28K+EM,CALFERQUIM,1,MF,G,464-MF 10N-20P-28K+EM-CALFERQUIM 1-G,,"10,00",,,,,"20,00","28,00",,,,,,,,,,,,,,,,,,,,,,
423-MF 10N-20P-30K+EM-CALFERQUIM 1-G,423,MF 10N-20P-30K+EM,CALFERQUIM,1,MF,G,423-MF 10N-20P-30K+EM-CALFERQUIM 1-G,,"10,00",,,,,"20,00","30,00",,,,,,,,,,,,,,,,,,,,,,
406-MF 10N-24P-4K+EM-CALFERQUIM 1-G,406,MF 10N-24P-4K+EM,CALFERQUIM,1,MF,G,406-MF 10N-24P-4K+EM-CALFERQUIM 1-G,,"10,00",,,,,"24,00","4,00",,,,,,,,,,,,,,,,,,,,,,
387-MF 10N-28P-6K+EM-CALFERQUIM 1-G,387,MF 10N-28P-6K+EM,CALFERQUIM,1,MF,G,387-MF 10N-28P-6K+EM-CALFERQUIM 1-G,,"10,00",,,,,"28,00","6,00",,,,,,,,,,,,,,,,,,,,,,
390-MF 10N-6P-4K + EM-CALFERQUIM 1-G,390,MF 10N-6P-4K + EM,CALFERQUIM,1,MF,G,390-MF 10N-6P-4K + EM-CALFERQUIM 1-G,,"10,00",,,,,"6,00","4,00",,,,,,,,,,,,,,,,,,,,,,
670-MF 10N-9P-30K-CALFERQUIM 1-G,670,MF 10N-9P-30K,CALFERQUIM,1,MF,G,670-MF 10N-9P-30K-CALFERQUIM 1-G,,"10,00",,,,,"9,00","30,00",,,,,,,,,,,,,,,,,,,,,,
458-MF 10N-9P-30K+EM-CALFERQUIM 1-G,458,MF 10N-9P-30K+EM,CALFERQUIM,1,MF,G,458-MF 10N-9P-30K+EM-CALFERQUIM 1-G,,"10,00",,,,,"9,00","30,00",,,,,,,,,,,,,,,,,,,,,,
388-MF 11-5-27-CALFERQUIM 1-G,388,MF 11-5-27,CALFERQUIM,1,MF,G,388-MF 11-5-27-CALFERQUIM 1-G,,"11,00",,,,,"5,00","27,00",,,,,,,,,,,,,,,,,,,,,,
543-MF 11N-29P-12K+EM-CALFERQUIM 1-G,543,MF 11N-29P-12K+EM,CALFERQUIM,1,MF,G,543-MF 11N-29P-12K+EM-CALFERQUIM 1-G,,"11,00",,,,,"29,00","12,00",,,,,,,,,,,,,,,,,,,,,,
268-MF 12-24-12-CALFERQUIM 1-G,268,MF 12-24-12,CALFERQUIM,1,MF,G,268-MF 12-24-12-CALFERQUIM 1-G,,"12,00",,,,,"24,00","12,00",,,,,,,,,,,,,,,,,,,,,,
317-MF 12-24-12+EM-CALFERQUIM 1-G,317,MF 12-24-12+EM,CALFERQUIM,1,MF,G,317-MF 12-24-12+EM-CALFERQUIM 1-G,,"12,00",,,,,"24,00","12,00",,,,,,,,,,,,,,,,,,,,,,
318-MF 12-7-12+EM-CALFERQUIM 1-G,318,MF 12-7-12+EM,CALFERQUIM,1,MF,G,318-MF 12-7-12+EM-CALFERQUIM 1-G,,"12,00",,,,,"7,00","12,00",,,,,,,,,,,,,,,,,,,,,,
496-MF 12N-30P-10K+EM-CALFERQUIM 1-G,496,MF 12N-30P-10K+EM,CALFERQUIM,1,MF,G,496-MF 12N-30P-10K+EM-CALFERQUIM 1-G,,"12,00",,,,,"30,00","10,00",,,,,,,,,,,,,,,,,,,,,,
490-MF 13N-26P-10K+ EM-CALFERQUIM 1-G,490,MF 13N-26P-10K+ EM,CALFERQUIM,1,MF,G,490-MF 13N-26P-10K+ EM-CALFERQUIM 1-G,,"13,00",,,,,"26,00","10,00",,,,,,,,,,,,,,,,,,,,,,
419-MF 13N-7P-12K+EM-CALFERQUIM 1-G,419,MF 13N-7P-12K+EM,CALFERQUIM,1,MF,G,419-MF 13N-7P-12K+EM-CALFERQUIM 1-G,,"13,00",,,,,"7,00","12,00",,,,,,,,,,,,,,,,,,,,,,
381-MF 14-3-19-7Ca+EM-CALFERQUIM 1-G,381,MF 14-3-19-7Ca+EM,CALFERQUIM,1,MF,G,381-MF 14-3-19-7Ca+EM-CALFERQUIM 1-G,,"14,00",,,,,"3,00","19,00","7,00",,,,,,,,,,,,,,,,,,,,,
433-MF 14N-4P-23K+EM-CALFERQUIM 1-G,433,MF 14N-4P-23K+EM,CALFERQUIM,1,MF,G,433-MF 14N-4P-23K+EM-CALFERQUIM 1-G,,"14,00",,,,,"4,00","23,00",,,,,,,,,,,,,,,,,,,,,,
516-MF 14N-4P-24K+EM-CALFERQUIM 1-G,516,MF 14N-4P-24K+EM,CALFERQUIM,1,MF,G,516-MF 14N-4P-24K+EM-CALFERQUIM 1-G,,"14,00",,,,,"4,00","24,00",,,,,,,,,,,,,,,,,,,,,,
85-MF 15-15-15-CALFERQUIM 1-G,85,MF 15-15-15,CALFERQUIM,1,MF,G,85-MF 15-15-15-CALFERQUIM 1-G,,"15,00",,,,,"15,00","15,00",,,,,,,,,,,,,,,,,,,,,,
462-MF 15N-4P-23K+EM-CALFERQUIM 1-G,462,MF 15N-4P-23K+EM,CALFERQUIM,1,MF,G,462-MF 15N-4P-23K+EM-CALFERQUIM 1-G,,"15,00",,,,,"4,00","23,00",,,,,,,,,,,,,,,,,,,,,,
426-MF 15N-6P-8K+EM-CALFERQUIM 1-G,426,MF 15N-6P-8K+EM,CALFERQUIM,1,MF,G,426-MF 15N-6P-8K+EM-CALFERQUIM 1-G,,"15,00",,,,,"6,00","8,00",,,,,,,,,,,,,,,,,,,,,,
612-MF 16-26-12-CALFERQUIM 1-G,612,MF 16-26-12,CALFERQUIM,1,MF,G,612-MF 16-26-12-CALFERQUIM 1-G,,"16,00",,,,,"23,00","12,00",,,,,,,,,,,,,,,,,,,,,,
517-MF 16N-16P-16K+EM-CALFERQUIM 1-G,517,MF 16N-16P-16K+EM,CALFERQUIM,1,MF,G,517-MF 16N-16P-16K+EM-CALFERQUIM 1-G,,"16,00",,,,,"16,00","16,00",,,,,,,,,,,,,,,,,,,,,,
441-MF 16N-17P-0K-7Ca+EM-CALFERQUIM 1-G,441,MF 16N-17P-0K-7Ca+EM,CALFERQUIM,1,MF,G,441-MF 16N-17P-0K-7Ca+EM-CALFERQUIM 1-G,,"16,00",,,,,"17,00","0,00","7,00",,,,,,,,,,,,,,,,,,,,,
405-MF 16N-3P-14K+EM-CALFERQUIM 1-G,405,MF 16N-3P-14K+EM,CALFERQUIM,1,MF,G,405-MF 16N-3P-14K+EM-CALFERQUIM 1-G,,"16,00",,,,,"3,00","14,00",,,,,,,,,,,,,,,,,,,,,,
84-MF 17-6-18-2-1-CALFERQUIM 1-G,84,MF 17-6-18-2-1,CALFERQUIM,1,MF,G,84-MF 17-6-18-2-1-CALFERQUIM 1-G,,"17,00",,,,,"6,00","18,00","2,00","1,00",,,,,,,,,,,,,,,,,,,,
402-MF 17-6-18-6+EM-CALFERQUIM 1-G,402,MF 17-6-18-6+EM,CALFERQUIM,1,MF,G,402-MF 17-6-18-6+EM-CALFERQUIM 1-G,,"17,00",,,,,"6,00","18,00","6,00",,,,,,,,,,,,,,,,,,,,,
401-MF 17-8-11+EM+CO-CALFERQUIM 1-G,401,MF 17-8-11+EM+CO,CALFERQUIM,1,MF,G,401-MF 17-8-11+EM+CO-CALFERQUIM 1-G,,"17,00",,,,,"8,00","11,00",,,,,,,,,,,,,,,,,,,,,,
478-MF 17N-4P-23K+EM-CALFERQUIM 1-G,478,MF 17N-4P-23K+EM,CALFERQUIM,1,MF,G,478-MF 17N-4P-23K+EM-CALFERQUIM 1-G,,"17,00",,,,,"4,00","23,00",,,,,,,,,,,,,,,,,,,,,,
477-MF 17N-5P-7K+EM-CALFERQUIM 1-G,477,MF 17N-5P-7K+EM,CALFERQUIM,1,MF,G,477-MF 17N-5P-7K+EM-CALFERQUIM 1-G,,"17,00",,,,,"5,00","7,00",,,,,,,,,,,,,,,,,,,,,,
83-MF 18-18-18-CALFERQUIM 1-G,83,MF 18-18-18,CALFERQUIM,1,MF,G,83-MF 18-18-18-CALFERQUIM 1-G,,"18,00",,,,,"18,00","18,00",,,,,,,,,,,,,,,,,,,,,,
353-MF 18-8-5-4+EM-CALFERQUIM 1-G,353,MF 18-8-5-4+EM,CALFERQUIM,1,MF,G,353-MF 18-8-5-4+EM-CALFERQUIM 1-G,,"18,00",,,,,"8,00","5,00","4,00",,,,,,,,,,,,,,,,,,,,,
301-MF 19-1-2-1+EM-CALFERQUIM 1-G,301,MF 19-1-2-1+EM,CALFERQUIM,1,MF,G,301-MF 19-1-2-1+EM-CALFERQUIM 1-G,,"19,00",,,,,"1,00","2,00","1,00",,,,,,,,,,,,,,,,,,,,,
304-MF 19-5-9-5+EM-CALFERQUIM 1-G,304,MF 19-5-9-5+EM,CALFERQUIM,1,MF,G,304-MF 19-5-9-5+EM-CALFERQUIM 1-G,,"19,00",,,,,"5,00","6,00","5,00",,,,,,,,,,,,,,,,,,,,,
384-MF 19N-1P-3K + MENORES-CALFERQUIM 1-G,384,MF 19N-1P-3K + MENORES,CALFERQUIM,1,MF,G,384-MF 19N-1P-3K + MENORES-CALFERQUIM 1-G,,"19,00",,,,,"1,00","3,00",,,,,,,,,,,,,,,,,,,,,,
442-MF 19N-3P-18K+EM-CALFERQUIM 1-G,442,MF 19N-3P-18K+EM,CALFERQUIM,1,MF,G,442-MF 19N-3P-18K+EM-CALFERQUIM 1-G,,"19,00",,,,,"3,00","18,00",,,,,,,,,,,,,,,,,,,,,,
284-MF 20-17-18+TCM-CALFERQUIM 1-G,284,MF 20-17-18+TCM,CALFERQUIM,1,MF,G,284-MF 20-17-18+TCM-CALFERQUIM 1-G,,"20,00",,,,,"17,00","18,00",,,,,,,,,,,,,,,,,,,,,,
529-MF 20N-0P-30K-3S-CALFERQUIM 1-G,529,MF 20N-0P-30K-3S,CALFERQUIM,1,MF,G,529-MF 20N-0P-30K-3S-CALFERQUIM 1-G,,"20,00",,,,,"0,00","30,00",,,"3,00",,,,,,,,,,,,,,,,,,,
519-MF 20N-3P-15K+EM-CALFERQUIM 1-G,519,MF 20N-3P-15K+EM,CALFERQUIM,1,MF,G,519-MF 20N-3P-15K+EM-CALFERQUIM 1-G,,"20,00",,,,,"3,00","15,00",,,,,,,,,,,,,,,,,,,,,,
457-MF 20N-6P-0K-5CA+EM-CALFERQUIM 1-G,457,MF 20N-6P-0K-5CA+EM,CALFERQUIM,1,MF,G,457-MF 20N-6P-0K-5CA+EM-CALFERQUIM 1-G,,"20,00",,,,,"6,00","0,00","5,00",,,,,,,,,,,,,,,,,,,,,
631-MF 20N-8P-10K+EM-CALFERQUIM 1-G,631,MF 20N-8P-10K+EM,CALFERQUIM,1,MF,G,631-MF 20N-8P-10K+EM-CALFERQUIM 1-G,,"20,00",,,,,"8,00","10,00",,,,,,,,,,,,,,,,,,,,,,
172-MF 21-1-2+EM-CALFERQUIM 1-G,172,MF 21-1-2+EM,CALFERQUIM,1,MF,G,172-MF 21-1-2+EM-CALFERQUIM 1-G,,"21,00",,,,,"1,00","2,00",,,,,,,,,,,,,,,,,,,,,,
357-MF 21-5-10-6S+EM-CALFERQUIM 1-G,357,MF 21-5-10-6S+EM,CALFERQUIM,1,MF,G,357-MF 21-5-10-6S+EM-CALFERQUIM 1-G,,"21,00",,,,,"5,00","10,00",,,"6,00",,,,,,,,,,,,,,,,,,,
415-MF 21N-2P-8K+EM-CALFERQUIM 1-G,415,MF 21N-2P-8K+EM,CALFERQUIM,1,MF,G,415-MF 21N-2P-8K+EM-CALFERQUIM 1-G,,"21,00",,,,,"2,00","8,00",,,,,,,,,,,,,,,,,,,,,,
316-MF 21N-3P-8K-3Ca+MENORES-CALFERQUIM 1-G,316,MF 21N-3P-8K-3Ca+MENORES,CALFERQUIM,1,MF,G,316-MF 21N-3P-8K-3Ca+MENORES-CALFERQUIM 1-G,,"21,00",,,,,"3,00","8,00","3,00",,,,,,,,,,,,,,,,,,,,,
307-MF 21N-4P-5K-3Ca+MENORES-CALFERQUIM 1-G,307,MF 21N-4P-5K-3Ca+MENORES,CALFERQUIM,1,MF,G,307-MF 21N-4P-5K-3Ca+MENORES-CALFERQUIM 1-G,,"21,00",,,,,"4,00","5,00","3,00",,,,,,,,,,,,,,,,,,,,,
497-MF 21N-5P-10K+EM-CALFERQUIM 1-G,497,MF 21N-5P-10K+EM,CALFERQUIM,1,MF,G,497-MF 21N-5P-10K+EM-CALFERQUIM 1-G,,"21,00",,,,,"5,00","10,00",,,,,,,,,,,,,,,,,,,,,,
471-MF 21N-5P-9K+EM-CALFERQUIM 1-G,471,MF 21N-5P-9K+EM,CALFERQUIM,1,MF,G,471-MF 21N-5P-9K+EM-CALFERQUIM 1-G,,"21,00",,,,,"5,00","9,00",,,,,,,,,,,,,,,,,,,,,,
632-MF 21N-9P-9K+EM-CALFERQUIM 1-G,632,MF 21N-9P-9K+EM,CALFERQUIM,1,MF,G,632-MF 21N-9P-9K+EM-CALFERQUIM 1-G,,"21,00",,,,,"9,00","9,00",,,,,,,,,,,,,,,,,,,,,,
315-MF 22N 3P 13K 4S+MENORES-CALFERQUIM 1-G,315,MF 22N 3P 13K 4S+MENORES,CALFERQUIM,1,MF,G,315-MF 22N 3P 13K 4S+MENORES-CALFERQUIM 1-G,,"21,00",,,,,"3,00","13,00",,,"4,00",,,,,,,,,,,,,,,,,,,
524-MF 22N-0P-25K-3S-CALFERQUIM 1-G,524,MF 22N-0P-25K-3S,CALFERQUIM,1,MF,G,524-MF 22N-0P-25K-3S-CALFERQUIM 1-G,,"22,00",,,,,"0,00","25,00",,,"3,00",,,,,,,,,,,,,,,,,,,
526-MF 22N-0P-3K+EM-CALFERQUIM 1-G,526,MF 22N-0P-3K+EM,CALFERQUIM,1,MF,G,526-MF 22N-0P-3K+EM-CALFERQUIM 1-G,,"22,00",,,,,"0,00","3,00",,,,,,,,,,,,,,,,,,,,,,
511-MF 22N-4P-8K+EM-CALFERQUIM 1-G,511,MF 22N-4P-8K+EM,CALFERQUIM,1,MF,G,511-MF 22N-4P-8K+EM-CALFERQUIM 1-G,,"22,00",,,,,"4,00","8,00",,,,,,,,,,,,,,,,,,,,,,
525-MF 22N-5P-13K+EM-CALFERQUIM 1-G,525,MF 22N-5P-13K+EM,CALFERQUIM,1,MF,G,525-MF 22N-5P-13K+EM-CALFERQUIM 1-G,,"22,00",,,,,"5,00","13,00",,,,,,,,,,,,,,,,,,,,,,
456-MF 22N-6P-3K+EM-CALFERQUIM 1-G,456,MF 22N-6P-3K+EM,CALFERQUIM,1,MF,G,456-MF 22N-6P-3K+EM-CALFERQUIM 1-G,,"22,00",,,,,"6,00","3,00",,,,,,,,,,,,,,,,,,,,,,
398-MF 22N-6P-7Ca+EM-CALFERQUIM 1-G,398,MF 22N-6P-7Ca+EM,CALFERQUIM,1,MF,G,398-MF 22N-6P-7Ca+EM-CALFERQUIM 1-G,,"22,00",,,,,"6,00","0,00","7,00",,,,,,,,,,,,,,,,,,,,,
633-MF 22N-6P-7K+EM-CALFERQUIM 1-G,633,MF 22N-6P-7K+EM,CALFERQUIM,1,MF,G,633-MF 22N-6P-7K+EM-CALFERQUIM 1-G,,"22,00",,,,,"6,00","7,00",,,,,,,,,,,,,,,,,,,,,,
634-MF 22N-9P-9K+EM-CALFERQUIM 1-G,634,MF 22N-9P-9K+EM,CALFERQUIM,1,MF,G,634-MF 22N-9P-9K+EM-CALFERQUIM 1-G,,"22,00",,,,,"9,00","9,00",,,,,,,,,,,,,,,,,,,,,,
20-MF 23-3-20-CALFERQUIM 1-G,20,MF 23-3-20,CALFERQUIM,1,MF,G,20-MF 23-3-20-CALFERQUIM 1-G,,"23,00",,,,,"3,00","20,00","3,00",,,,,,,,,,,,,,,,,,,,,
618-MF 23N 6P 8K + EM-CALFERQUIM 1-G,618,MF 23N 6P 8K + EM,CALFERQUIM,1,MF,G,618-MF 23N 6P 8K + EM-CALFERQUIM 1-G,,"23,00",,,,,"6,00","8,00",,,,,,,,,,,,,,,,,,,,,,
394-MF 23N-3P-20K+EM-CALFERQUIM 1-G,394,MF 23N-3P-20K+EM,CALFERQUIM,1,MF,G,394-MF 23N-3P-20K+EM-CALFERQUIM 1-G,,"23,00",,,,,"3,00","20,00",,,,,,,,,,,,,,,,,,,,,,
506-MF 23N-5P-6K+EM-CALFERQUIM 1-G,506,MF 23N-5P-6K+EM,CALFERQUIM,1,MF,G,506-MF 23N-5P-6K+EM-CALFERQUIM 1-G,,"23,00",,,,,"5,00","6,00",,,,,,,,,,,,,,,,,,,,,,
508-MF 23N-6P-8K+EM-CALFERQUIM 1-G,508,MF 23N-6P-8K+EM,CALFERQUIM,1,MF,G,508-MF 23N-6P-8K+EM-CALFERQUIM 1-G,,"23,00",,,,,"6,00","8,00",,,,,,,,,,,,,,,,,,,,,,
308-MF 24-0-17+EM-CALFERQUIM 1-G,308,MF 24-0-17+EM,CALFERQUIM,1,MF,G,308-MF 24-0-17+EM-CALFERQUIM 1-G,,"24,00",,,,,"0,00","17,00",,,,,,,,,,,,,,,,,,,,,,
174-MF 24-3-9-3+EM-CALFERQUIM 1-G,174,MF 24-3-9-3+EM,CALFERQUIM,1,MF,G,174-MF 24-3-9-3+EM-CALFERQUIM 1-G,,"24,00",,,,,"3,00","9,00","3,00",,,,,,,,,,,,,,,,,,,,,
348-MF 24-5-7-5S-3Ca+1CO-CALFERQUIM 1-G,348,MF 24-5-7-5S-3Ca+1CO,CALFERQUIM,1,MF,G,348-MF 24-5-7-5S-3Ca+1CO-CALFERQUIM 1-G,"1,00","24,00",,,,,"5,00","7,00","3,00",,"5,00",,,,,,,,,,,,,,,,,,,
436-MF 24N-0P-2K+EM-CALFERQUIM 1-G,436,MF 24N-0P-2K+EM,CALFERQUIM,1,MF,G,436-MF 24N-0P-2K+EM-CALFERQUIM 1-G,,"24,00",,,,,"0,00","2,00",,,,,,,,,,,,,,,,,,,,,,
532-MF 24N-3P-12K+EM-CALFERQUIM 1-G,532,MF 24N-3P-12K+EM,CALFERQUIM,1,MF,G,532-MF 24N-3P-12K+EM-CALFERQUIM 1-G,,"24,00",,,,,"3,00","12,00",,,,,,,,,,,,,,,,,,,,,,
440-MF 24N-4P-11K+EM-CALFERQUIM 1-G,440,MF 24N-4P-11K+EM,CALFERQUIM,1,MF,G,440-MF 24N-4P-11K+EM-CALFERQUIM 1-G,,"24,00",,,,,"4,00","11,00",,,,,,,,,,,,,,,,,,,,,,
473-MF 24N-5P-6K+EM-CALFERQUIM 1-G,473,MF 24N-5P-6K+EM,CALFERQUIM,1,MF,G,473-MF 24N-5P-6K+EM-CALFERQUIM 1-G,,"24,00",,,,,"5,00","6,00",,,,,,,,,,,,,,,,,,,,,,
328-MF 25-0-15+EM-CALFERQUIM 1-G,328,MF 25-0-15+EM,CALFERQUIM,1,MF,G,328-MF 25-0-15+EM-CALFERQUIM 1-G,,"25,00",,,,,"0,00","15,00",,,,,,,,,,,,,,,,,,,,,,
146-MF 25-0-17-4S+EM-CALFERQUIM 1-G,146,MF 25-0-17-4S+EM,CALFERQUIM,1,MF,G,146-MF 25-0-17-4S+EM-CALFERQUIM 1-G,,"25,00",,,,,"0,00","17,00",,,"4,00",,,,,,,,,,,,,,,,,,,
148-MF 25-10-18+ MENORES-CALFERQUIM 1-G,148,MF 25-10-18+ MENORES,CALFERQUIM,1,MF,G,148-MF 25-10-18+ MENORES-CALFERQUIM 1-G,,"25,00",,,,,"10,00","18,00",,,,,,,,,,,,,,,,,,,,,,
175-MF 25-10-18+EM-CALFERQUIM 1-G,175,MF 25-10-18+EM,CALFERQUIM,1,MF,G,175-MF 25-10-18+EM-CALFERQUIM 1-G,,"25,00",,,,,"10,00","18,00",,,,,,,,,,,,,,,,,,,,,,
382-MF 25-15-2-3-2-CALFERQUIM 1-G,382,MF 25-15-2-3-2,CALFERQUIM,1,MF,G,382-MF 25-15-2-3-2-CALFERQUIM 1-G,,"25,00",,,,,"15,00","2,00","3,00","2,00",,,,,,,,,,,,,,,,,,,,
82-MF 25-4-24-CALFERQUIM 1-G,82,MF 25-4-24,CALFERQUIM,1,MF,G,82-MF 25-4-24-CALFERQUIM 1-G,,"25,00",,,,,"4,00","24,00",,,,,,,,,,,,,,,,,,,,,,
518-MF 25N-17P-1K+EM-CALFERQUIM 1-G,518,MF 25N-17P-1K+EM,CALFERQUIM,1,MF,G,518-MF 25N-17P-1K+EM-CALFERQUIM 1-G,,"25,00",,,,,"17,00","1,00",,,,,,,,,,,,,,,,,,,,,,
455-MF 25N-1P-13K+EM-CALFERQUIM 1-G,455,MF 25N-1P-13K+EM,CALFERQUIM,1,MF,G,455-MF 25N-1P-13K+EM-CALFERQUIM 1-G,,"25,00",,,,,"1,00","13,00",,,,,,,,,,,,,,,,,,,,,,
509-MF 25N-4P-11K+EM-CALFERQUIM 1-G,509,MF 25N-4P-11K+EM,CALFERQUIM,1,MF,G,509-MF 25N-4P-11K+EM-CALFERQUIM 1-G,,"25,00",,,,,"4,00","11,00",,,,,,,,,,,,,,,,,,,,,,
656-MF 25N-4P-17K+EM-CALFERQUIM 1-G,656,MF 25N-4P-17K+EM,CALFERQUIM,1,MF,G,656-MF 25N-4P-17K+EM-CALFERQUIM 1-G,,"25,00",,,,,"4,00","17,00",,,,,,,,,,,,,,,,,,,,,,
367-MF 25N-5P-0K-8Ca+EM-CALFERQUIM 1-G,367,MF 25N-5P-0K-8Ca+EM,CALFERQUIM,1,MF,G,367-MF 25N-5P-0K-8Ca+EM-CALFERQUIM 1-G,,"25,00",,,,,"5,00","0,00","8,00",,,,,,,,,,,,,,,,,,,,,
533-MF 25N-5P-12K+EM-CALFERQUIM 1-G,533,MF 25N-5P-12K+EM,CALFERQUIM,1,MF,G,533-MF 25N-5P-12K+EM-CALFERQUIM 1-G,,"25,00",,,,,"5,00","12,00",,,,,,,,,,,,,,,,,,,,,,
492-MF 25N-7K-2CA+EM-CALFERQUIM 1-G,492,MF 25N-7K-2CA+EM,CALFERQUIM,1,MF,G,492-MF 25N-7K-2CA+EM-CALFERQUIM 1-G,,"25,00",,,,,"7,00","7,00",,,,,,,,,,,,,,,,,,,,,,
652-MF 25N-7P-7K+EM-CALFERQUIM 1-G,652,MF 25N-7P-7K+EM,CALFERQUIM,1,MF,G,652-MF 25N-7P-7K+EM-CALFERQUIM 1-G,,"25,00",,,,,"7,00","7,00",,,,,,,,,,,,,,,,,,,,,,
648-MF 25N-8P-14K+EM-CALFERQUIM 1-G,648,MF 25N-8P-14K+EM,CALFERQUIM,1,MF,G,648-MF 25N-8P-14K+EM-CALFERQUIM 1-G,,"25,00",,,,,"8,00","14,00",,,,,,,,,,,,,,,,,,,,,,
159-MF 26-0-17+EM-CALFERQUIM 1-G,159,MF 26-0-17+EM,CALFERQUIM,1,MF,G,159-MF 26-0-17+EM-CALFERQUIM 1-G,,"26,00",,,,,"0,00","17,00",,,,,,,,,,,,,,,,,,,,,,
176-MF 26-1-12-+EM-CALFERQUIM 1-G,176,MF 26-1-12-+EM,CALFERQUIM,1,MF,G,176-MF 26-1-12-+EM-CALFERQUIM 1-G,,"26,00",,,,,"1,00","12,00",,,,,,,,,,,,,,,,,,,,,,
619-MF 26N 7P 6K + EM-CALFERQUIM 1-G,619,MF 26N 7P 6K + EM,CALFERQUIM,1,MF,G,619-MF 26N 7P 6K + EM-CALFERQUIM 1-G,,"26,00",,,,,"7,00","6,00",,,,,,,,,,,,,,,,,,,,,,
514-MF 26N-1P-11K+EM-CALFERQUIM 1-G,514,MF 26N-1P-11K+EM,CALFERQUIM,1,MF,G,514-MF 26N-1P-11K+EM-CALFERQUIM 1-G,,"26,00",,,,,"1,00","11,00",,,,,,,,,,,,,,,,,,,,,,
512-MF 26N-5P-11K+EM-CALFERQUIM 1-G,512,MF 26N-5P-11K+EM,CALFERQUIM,1,MF,G,512-MF 26N-5P-11K+EM-CALFERQUIM 1-G,,"26,00",,,,,"5,00","11,00",,,,,,,,,,,,,,,,,,,,,,
476-MF 26N-9P-9K+EM-CALFERQUIM 1-G,476,MF 26N-9P-9K+EM,CALFERQUIM,1,MF,G,476-MF 26N-9P-9K+EM-CALFERQUIM 1-G,,"26,00",,,,,"9,00","9,00",,,,,,,,,,,,,,,,,,,,,,
136-MF 27-17-0Ca-CALFERQUIM 1-G,136,MF 27-17-0Ca,CALFERQUIM,1,MF,G,136-MF 27-17-0Ca-CALFERQUIM 1-G,,"27,00",,,,,"17,00",,,,,,,,,,,,,,,,,,,,,,,
630-MF 27N-0P-14K+EM-CALFERQUIM 1-G,630,MF 27N-0P-14K+EM,CALFERQUIM,1,MF,G,630-MF 27N-0P-14K+EM-CALFERQUIM 1-G,,"27,00",,,,,"0,00","14,00",,,"5,00",,,,,,,"2,00",,,,,,,,,,,,
"385-MF 27N-15K-5S-2Si-0,80CO-CALFERQUIM 1-G",385,"MF 27N-15K-5S-2Si-0,80CO",CALFERQUIM,1,MF,G,"385-MF 27N-15K-5S-2Si-0,80CO-CALFERQUIM 1-G","0,80","27,00",,,,,"0,00","15,00",,,,,,,,,,,,,,,,,,,,,,
445-MF 27N-1P-12K-2Ca+EM-CALFERQUIM 1-G,445,MF 27N-1P-12K-2Ca+EM,CALFERQUIM,1,MF,G,445-MF 27N-1P-12K-2Ca+EM-CALFERQUIM 1-G,,"27,00",,,,,"1,00","12,00","2,00",,,,,,,,,,,,,,,,,,,,,
475-MF 27N-1P-7K+EM-CALFERQUIM 1-G,475,MF 27N-1P-7K+EM,CALFERQUIM,1,MF,G,475-MF 27N-1P-7K+EM-CALFERQUIM 1-G,,"27,00",,,,,"1,00","7,00",,,,,,,,,,,,,,,,,,,,,,
653-MF 27N-1P-8K+EM-CALFERQUIM 1-G,653,MF 27N-1P-8K+EM,CALFERQUIM,1,MF,G,653-MF 27N-1P-8K+EM-CALFERQUIM 1-G,,"27,00",,,,,"1,00","8,00",,,,,,,,,,,,,,,,,,,,,,
642-MF 27N-3P-12K+EM-CALFERQUIM 1-G,642,MF 27N-3P-12K+EM,CALFERQUIM,1,MF,G,642-MF 27N-3P-12K+EM-CALFERQUIM 1-G,,"27,00",,,,,"3,00","12,00",,,,,,,,,,,,,,,,,,,,,,
536-MF 27N-3P-3K+EM-CALFERQUIM 1-G,536,MF 27N-3P-3K+EM,CALFERQUIM,1,MF,G,536-MF 27N-3P-3K+EM-CALFERQUIM 1-G,,"27,00",,,,,"3,00","3,00",,,,,,,,,,,,,,,,,,,,,,
438-MF 27N-4P-3K+EM-CALFERQUIM 1-G,438,MF 27N-4P-3K+EM,CALFERQUIM,1,MF,G,438-MF 27N-4P-3K+EM-CALFERQUIM 1-G,,"27,00",,,,,"4,00","3,00",,,,,,,,,,,,,,,,,,,,,,
606-MF 27N-6P-13K+EM-CALFERQUIM 1-G,606,MF 27N-6P-13K+EM,CALFERQUIM,1,MF,G,606-MF 27N-6P-13K+EM-CALFERQUIM 1-G,,"27,00",,,,,"6,00","13,00",,,,,,,,,,,,,,,,,,,,,,
480-MF 27N-9K-10S+EM-CALFERQUIM 1-G,480,MF 27N-9K-10S+EM,CALFERQUIM,1,MF,G,480-MF 27N-9K-10S+EM-CALFERQUIM 1-G,,"27,00",,,,,"6,00","9,00",,,"10,00",,,,,,,,,,,,,,,,,,,
299-MF 28-0-6-2Ca+EM-CALFERQUIM 1-G,299,MF 28-0-6-2Ca+EM,CALFERQUIM,1,MF,G,299-MF 28-0-6-2Ca+EM-CALFERQUIM 1-G,,"28,00",,,,,"0,00","6,00","2,00",,,,,,,,,,,,,,,,,,,,,
312-MF 28-0-9-2Ca+EM-CALFERQUIM 1-G,312,MF 28-0-9-2Ca+EM,CALFERQUIM,1,MF,G,312-MF 28-0-9-2Ca+EM-CALFERQUIM 1-G,,"28,00",,,,,"0,00","9,00","2,00",,,,,,,,,,,,,,,,,,,,,
165-MF 28-1-12+EM-CALFERQUIM 1-G,165,MF 28-1-12+EM,CALFERQUIM,1,MF,G,165-MF 28-1-12+EM-CALFERQUIM 1-G,,"28,00",,,,,"1,00","12,00","2,00",,,,,,,,,,,,,,,,,,,,,
303-MF 28-1-6-2Ca+EM-CALFERQUIM 1-G,303,MF 28-1-6-2Ca+EM,CALFERQUIM,1,MF,G,303-MF 28-1-6-2Ca+EM-CALFERQUIM 1-G,,"28,00",,,,,"1,00","6,00","2,00",,,,,,,,,,,,,,,,,,,,,
352-MF 28-1-6-5S-EM+1CO-CALFERQUIM 1-G,352,MF 28-1-6-5S-EM+1CO,CALFERQUIM,1,MF,G,352-MF 28-1-6-5S-EM+1CO-CALFERQUIM 1-G,"1,00","28,00",,,,,"1,00","6,00",,,"5,00",,,,,,,,,,,,,,,,,,,
620-MF 28N 1P 7K +EM-CALFERQUIM 1-G,620,MF 28N 1P 7K +EM,CALFERQUIM,1,MF,G,620-MF 28N 1P 7K +EM-CALFERQUIM 1-G,,"28,00",,,,,"1,00","7,00",,,,,,,,,,,,,,,,,,,,,,
617-MF 28N 1P 8K + EM-CALFERQUIM 1-G,617,MF 28N 1P 8K + EM,CALFERQUIM,1,MF,G,617-MF 28N 1P 8K + EM-CALFERQUIM 1-G,,"28,00",,,,,"1,00","8,00",,,,,,,,,,,,,,,,,,,,,,
513-MF 28N-0P-12K+EM-CALFERQUIM 1-G,513,MF 28N-0P-12K+EM,CALFERQUIM,1,MF,G,513-MF 28N-0P-12K+EM-CALFERQUIM 1-G,,"28,00",,,,,"0,00","12,00",,,,,,,,,,,,,,,,,,,,,,
537-MF 28N-14P-10K+EM-CALFERQUIM 1-G,537,MF 28N-14P-10K+EM,CALFERQUIM,1,MF,G,537-MF 28N-14P-10K+EM-CALFERQUIM 1-G,,"28,00",,,,,"14,00","10,00",,,,,,,,,,,,,,,,,,,,,,
432-MF 28N-1P-12K+EM-CALFERQUIM 1-G,432,MF 28N-1P-12K+EM,CALFERQUIM,1,MF,G,432-MF 28N-1P-12K+EM-CALFERQUIM 1-G,,"28,00",,,,,"1,00","12,00",,,,,,,,,,,,,,,,,,,,,,
487-MF 28N-4P-15K +EM-CALFERQUIM 1-G,487,MF 28N-4P-15K +EM,CALFERQUIM,1,MF,G,487-MF 28N-4P-15K +EM-CALFERQUIM 1-G,,"28,00",,,,,"4,00","15,00",,,,,,,,,,,,,,,,,,,,,,
469-MF 28N-5P-6K+EM-CALFERQUIM 1-G,469,MF 28N-5P-6K+EM,CALFERQUIM,1,MF,G,469-MF 28N-5P-6K+EM-CALFERQUIM 1-G,,"28,00",,,,,"5,00","6,00",,,,,,,,,,,,,,,,,,,,,,
527-MF 29N-0P-16K-4S-CALFERQUIM 1-G,527,MF 29N-0P-16K-4S,CALFERQUIM,1,MF,G,527-MF 29N-0P-16K-4S-CALFERQUIM 1-G,,"29,00",,,,,"0,00","16,00",,,"4,00",,,,,,,,,,,,,,,,,,,
522-MF 29N-10P-10K+EM-CALFERQUIM 1-G,522,MF 29N-10P-10K+EM,CALFERQUIM,1,MF,G,522-MF 29N-10P-10K+EM-CALFERQUIM 1-G,,"29,00",,,,,"10,00","10,00",,,,,,,,,,,,,,,,,,,,,,
417-MF 29N-3P-15K+EM-CALFERQUIM 1-G,417,MF 29N-3P-15K+EM,CALFERQUIM,1,MF,G,417-MF 29N-3P-15K+EM-CALFERQUIM 1-G,,"29,00",,,,,"3,00","15,00",,,,,,,,,,,,,,,,,,,,,,
389-MF 3-10-2 + EM-CALFERQUIM 1-G,389,MF 3-10-2 + EM,CALFERQUIM,1,MF,G,389-MF 3-10-2 + EM-CALFERQUIM 1-G,,"3,00",,,,,"10,00","2,00",,,,,,,,,,,,,,,,,,,,,,
163-MF 30-0-20 +EM +TMC-CALFERQUIM 1-G,163,MF 30-0-20 +EM +TMC,CALFERQUIM,1,MF,G,163-MF 30-0-20 +EM +TMC-CALFERQUIM 1-G,,"30,00",,,,,"0,00","20,00",,,,,,,,,,,,,,,,,,,,,,
418-MF 30N 0P 20K-CALFERQUIM 1-G,418,MF 30N 0P 20K,CALFERQUIM,1,MF,G,418-MF 30N 0P 20K-CALFERQUIM 1-G,,"30,00",,,,,"0,00","20,00",,,,,,,,,,,,,,,,,,,,,,
538-MF 30N-11P-10K+EM-CALFERQUIM 1-G,538,MF 30N-11P-10K+EM,CALFERQUIM,1,MF,G,538-MF 30N-11P-10K+EM-CALFERQUIM 1-G,,"30,00",,,,,"11,00","10,00",,,,,,,,,,,,,,,,,,,,,,
493-MF 30N-12K-2CA+EM-CALFERQUIM 1-G,493,MF 30N-12K-2CA+EM,CALFERQUIM,1,MF,G,493-MF 30N-12K-2CA+EM-CALFERQUIM 1-G,,"30,00",,,,,"12,00","12,00","2,00",,,,,,,,,,,,,,,,,,,,,
298-MF 31-0-20+NX-CALFERQUIM 1-G,298,MF 31-0-20+NX,CALFERQUIM,1,MF,G,298-MF 31-0-20+NX-CALFERQUIM 1-G,,"31,00",,,,,"0,00","20,00",,,,,,,,,,,,,,,,,,,,,,
187-MF 31-0-20+TMC-CALFERQUIM 1-G,187,MF 31-0-20+TMC,CALFERQUIM,1,MF,G,187-MF 31-0-20+TMC-CALFERQUIM 1-G,,"31,00",,,,,"0,00","20,00",,,,,,,,,,,,,,,,,,,,,,
81-MF 31-8-8-2-CALFERQUIM 1-G,81,MF 31-8-8-2,CALFERQUIM,1,MF,G,81-MF 31-8-8-2-CALFERQUIM 1-G,,"31,00",,,,,"8,00","8,00","2,00",,,,,,,,,,,,,,,,,,,,,
521-MF 31N-6P-11K+EM-CALFERQUIM 1-G,521,MF 31N-6P-11K+EM,CALFERQUIM,1,MF,G,521-MF 31N-6P-11K+EM-CALFERQUIM 1-G,,"31,00",,,,,"6,00","11,00",,,,,,,,,,,,,,,,,,,,,,
380-MF 32-0-6+EM-CALFERQUIM 1-G,380,MF 32-0-6+EM,CALFERQUIM,1,MF,G,380-MF 32-0-6+EM-CALFERQUIM 1-G,,"32,00",,,,,"0,00","6,00",,,,,,,,,,,,,,,,,,,,,,
327-MF 32-6-5-2SI-1CO-CALFERQUIM 1-G,327,MF 32-6-5-2SI-1CO,CALFERQUIM,1,MF,G,327-MF 32-6-5-2SI-1CO-CALFERQUIM 1-G,"1,00","32,00",,,,,"6,00","5,00",,,,,,,,,,"2,00",,,,,,,,,,,,
383-MF 32N 1P 6K 2Ca+ EM-CALFERQUIM 1-G,383,MF 32N 1P 6K 2Ca+ EM,CALFERQUIM,1,MF,G,383-MF 32N 1P 6K 2Ca+ EM-CALFERQUIM 1-G,,"32,00",,,,,"1,00","6,00","2,00",,,,,,,,,,,,,,,,,,,,,
665-MF 32N-1P-12K+EM-CALFERQUIM 1-G,665,MF 32N-1P-12K+EM,CALFERQUIM,1,MF,G,665-MF 32N-1P-12K+EM-CALFERQUIM 1-G,,"32,00",,,,,"1,00","12,00",,,,,,,,,,,,,,,,,,,,,,
626-MF 33N-1P-12K+EM-CALFERQUIM 1-G,626,MF 33N-1P-12K+EM,CALFERQUIM,1,MF,G,626-MF 33N-1P-12K+EM-CALFERQUIM 1-G,,"33,00",,,,,"1,00","12,00",,,,,,,,,,,,,,,,,,,,,,
479-MF 33N-5P-12K-CALFERQUIM 1-G,479,MF 33N-5P-12K,CALFERQUIM,1,MF,G,479-MF 33N-5P-12K-CALFERQUIM 1-G,,"33,00",,,,,"5,00","12,00",,,,,,,,,,,,,,,,,,,,,,
523-MF 37N-0P-11K-CALFERQUIM 1-G,523,MF 37N-0P-11K,CALFERQUIM,1,MF,G,523-MF 37N-0P-11K-CALFERQUIM 1-G,,"37,00",,,,,"0,00","11,00",,,,,,,,,,,,,,,,,,,,,,
434-MF 37N-2Ca-2Mg+EM-CALFERQUIM 1-G,434,MF 37N-2Ca-2Mg+EM,CALFERQUIM,1,MF,G,434-MF 37N-2Ca-2Mg+EM-CALFERQUIM 1-G,,"37,00",,,,,"0,00","0,00","2,00","2,00",,,,,,,,,,,,,,,,,,,,
168-MF 38-0-0-8-CALFERQUIM 1-G,168,MF 38-0-0-8,CALFERQUIM,1,MF,G,168-MF 38-0-0-8-CALFERQUIM 1-G,,"38,00",,,,,"0,00","0,00","8,00",,,,,,,,,,,,,,,,,,,,,
399-MF 38N-10K_-CALFERQUIM 1-G,399,MF 38N-10K_,CALFERQUIM,1,MF,G,399-MF 38N-10K_-CALFERQUIM 1-G,,"38,00",,,,,"0,00","10,00",,,,,,,,,,,,,,,,,,,,,,
640-MF 3N-13P-32K+EM-CALFERQUIM 1-G,640,MF 3N-13P-32K+EM,CALFERQUIM,1,MF,G,640-MF 3N-13P-32K+EM-CALFERQUIM 1-G,,"3,00",,,,,"13,00","32,00",,,,,,,,,,,,,,,,,,,,,,
369-MF 40-3-0-2+EM-CALFERQUIM 1-G,369,MF 40-3-0-2+EM,CALFERQUIM,1,MF,G,369-MF 40-3-0-2+EM-CALFERQUIM 1-G,,"40,00",,,,,"3,00","0,00","2,00",,,,,,,,,,,,,,,,,,,,,
"292-MF 52K-1,1B-0,5Zn-CALFERQUIM 1-G",292,"MF 52K-1,1B-0,5Zn",CALFERQUIM,1,MF,G,"292-MF 52K-1,1B-0,5Zn-CALFERQUIM 1-G",,"0,00",,,,,"0,00","52,00",,,,"1,10",,,,,,,"0,50",,,,,,,,,,,
391-MF 6-9-6+EM-CALFERQUIM 1-G,391,MF 6-9-6+EM,CALFERQUIM,1,MF,G,391-MF 6-9-6+EM-CALFERQUIM 1-G,,"6,00",,,,,"9,00","6,00",,,,,,,,,,,,,,,,,,,,,,
356-MF 7-7-5-3S+EM+2CO-CALFERQUIM 1-G,356,MF 7-7-5-3S+EM+2CO,CALFERQUIM,1,MF,G,356-MF 7-7-5-3S+EM+2CO-CALFERQUIM 1-G,"2,00","7,00",,,,,"7,00","5,00",,,"3,00",,,,,,,,,,,,,,,,,,,
545-MF 7N-14P-29K+EM-CALFERQUIM 1-G,545,MF 7N-14P-29K+EM,CALFERQUIM,1,MF,G,545-MF 7N-14P-29K+EM-CALFERQUIM 1-G,,"7,00",,,,,"14,00","29,00",,,,,,,,,,,,,,,,,,,,,,
313-MF 8-24-8+EM-CALFERQUIM 1-G,313,MF 8-24-8+EM,CALFERQUIM,1,MF,G,313-MF 8-24-8+EM-CALFERQUIM 1-G,,"8,00",,,,,"24,00","8,00",,,,,,,,,,,,,,,,,,,,,,
435-MF 8N-15P-23K+EM-CALFERQUIM 1-G,435,MF 8N-15P-23K+EM,CALFERQUIM,1,MF,G,435-MF 8N-15P-23K+EM-CALFERQUIM 1-G,,"8,00",,,,,"15,00","23,00",,,,,,,,,,,,,,,,,,,,,,
510-MF 8N-17P-34K-1S-CALFERQUIM 1-G,510,MF 8N-17P-34K-1S,CALFERQUIM,1,MF,G,510-MF 8N-17P-34K-1S-CALFERQUIM 1-G,,"8,00",,,,,"17,00","34,00",,,"1,00",,,,,,,,,,,,,,,,,,,
453-MF 8N-20P-12+EM-CALFERQUIM 1-G,453,MF 8N-20P-12+EM,CALFERQUIM,1,MF,G,453-MF 8N-20P-12+EM-CALFERQUIM 1-G,,"8,00",,,,,"20,00","12,00",,,,,,,,,,,,,,,,,,,,,,
439-MF 9N-12P-24K+EM-CALFERQUIM 1-G,439,MF 9N-12P-24K+EM,CALFERQUIM,1,MF,G,439-MF 9N-12P-24K+EM-CALFERQUIM 1-G,,"9,00",,,,,"12,00","24,00",,,,,,,,,,,,,,,,,,,,,,
21-MF-17-6-18-2-CALFERQUIM 1-G,21,MF-17-6-18-2,CALFERQUIM,1,MF,G,21-MF-17-6-18-2-CALFERQUIM 1-G,,"17,00",,,,,"6,00","18,00",,,"2,00",,,,,,,,,,,,,,,,,,,
22-MF-23-3-20-4Ca-3Si-CALFERQUIM 1-G,22,MF-23-3-20-4Ca-3Si,CALFERQUIM,1,MF,G,22-MF-23-3-20-4Ca-3Si-CALFERQUIM 1-G,,"23,00",,,,,"3,00","20,00","4,00",,,,,,,,,"3,00",,,,,,,,,,,,
673-MFE 0N-1P0K+EM-CALFERQUIM 1-G,673,MFE 0N-1P0K+EM,CALFERQUIM,1,MF,G,673-MFE 0N-1P0K+EM-CALFERQUIM 1-G,,"0,00",,,,,"1,00","0,00",,,,,,,,,,,,,,,,,,,,,,
588-MFE 10N 11P 29K-CALFERQUIM 1-G,588,MFE 10N 11P 29K,CALFERQUIM,1,MF,G,588-MFE 10N 11P 29K-CALFERQUIM 1-G,,"10,00",,,,,"11,00","29,00",,,,,,,,,,,,,,,,,,,,,,
1278-MFE 10N-20P-5K+MENORES-CALFERQUIM 1-G,1278,MFE 10N-20P-5K+MENORES,CALFERQUIM,1,MF,G,1278-MFE 10N-20P-5K+MENORES-CALFERQUIM 1-G,,,,,,,,,,,,,,,,,,,,,,,,,,,,,,
641-MFE 10N-24P-14K +EM-CALFERQUIM 1-G,641,MFE 10N-24P-14K +EM,CALFERQUIM,1,MF,G,641-MFE 10N-24P-14K +EM-CALFERQUIM 1-G,,"10,00",,,,,"24,00","14,00",,,,,,,,,,,,,,,,,,,,,,
542-MFE 10N-25P-8K+EM-CALFERQUIM 1-G,542,MFE 10N-25P-8K+EM,CALFERQUIM,1,MF,G,542-MFE 10N-25P-8K+EM-CALFERQUIM 1-G,,"10,00",,,,,"25,00","8,00",,,,,,,,,,,,,,,,,,,,,,
589-MFE 10N-6P-16K +EM-CALFERQUIM 1-G,589,MFE 10N-6P-16K +EM,CALFERQUIM,1,MF,G,589-MFE 10N-6P-16K +EM-CALFERQUIM 1-G,,"10,00",,,,,"6,00","16,00",,,,,,,,,,,,,,,,,,,,,,
668-MFE 10N-6P-6K+EM-CALFERQUIM 1-G,668,MFE 10N-6P-6K+EM,CALFERQUIM,1,MF,G,668-MFE 10N-6P-6K+EM-CALFERQUIM 1-G,,"10,00",,,,,"6,00","6,00",,,,,,,,,,,,,,,,,,,,,,
569-MFE 10N-9P-18K+EM-CALFERQUIM 1-G,569,MFE 10N-9P-18K+EM,CALFERQUIM,1,MF,G,569-MFE 10N-9P-18K+EM-CALFERQUIM 1-G,,"10,00",,,,,"9,00","18,00",,,,,,,,,,,,,,,,,,,,,,
1211-MFE 11N-13P-0K-15Ca-3Mgo4s-CALFERQUIM 1-G,1211,MFE 11N-13P-0K-15Ca-3Mgo4s,CALFERQUIM,1,MF,G,1211-MFE 11N-13P-0K-15Ca-3Mgo4s-CALFERQUIM 1-G,,,,,,,,,,,,,,,,,,,,,,,,,,,,,,
1294-MFE 11N-20K-21P-CALFERQUIM 1-G,1294,MFE 11N-20K-21P,CALFERQUIM,1,MF,G,1294-MFE 11N-20K-21P-CALFERQUIM 1-G,,,,,,,,,,,,,,,,,,,,,,,,,,,,,,
544-MFE 11N-24P-9K+EM-CALFERQUIM 1-G,544,MFE 11N-24P-9K+EM,CALFERQUIM,1,MF,G,544-MFE 11N-24P-9K+EM-CALFERQUIM 1-G,,"11,00",,,,,"24,00","9,00",,,,,,,,,,,,,,,,,,,,,,
646-MFE 11N-25P-9K+EM-CALFERQUIM 1-G,646,MFE 11N-25P-9K+EM,CALFERQUIM,1,MF,G,646-MFE 11N-25P-9K+EM-CALFERQUIM 1-G,,"11,00",,,,,"25,00","9,00",,,,,,,,,,,,,,,,,,,,,,
660-MFE 11N-9P-18K+EM-CALFERQUIM 1-G,660,MFE 11N-9P-18K+EM,CALFERQUIM,1,MF,G,660-MFE 11N-9P-18K+EM-CALFERQUIM 1-G,,"11,00",,,,,"9,00","18,00",,,,,,,,,,,,,,,,,,,,,,
1183-MFE 12-12-22 + EM-CALFERQUIM 1-G,1183,MFE 12-12-22 + EM,CALFERQUIM,1,MF,G,1183-MFE 12-12-22 + EM-CALFERQUIM 1-G,,,,,,,,,,,,,,,,,,,,,,,,,,,,,,
587-MFE 12N 25P 9K-CALFERQUIM 1-G,587,MFE 12N 25P 9K,CALFERQUIM,1,MF,G,587-MFE 12N 25P 9K-CALFERQUIM 1-G,,"12,00",,,,,"25,00","9,00",,,,,,,,,,,,,,,,,,,,,,
659-MFE 13N-15P-10K+EM-CALFERQUIM 1-G,659,MFE 13N-15P-10K+EM,CALFERQUIM,1,MF,G,659-MFE 13N-15P-10K+EM-CALFERQUIM 1-G,,"13,00",,,,,"16,00","10,00",,,,,,,,,,,,,,,,,,,,,,
314-MFE 13N-26P-6K+EM-CALFERQUIM 1-G,314,MFE 13N-26P-6K+EM,CALFERQUIM,1,MF,G,314-MFE 13N-26P-6K+EM-CALFERQUIM 1-G,,"13,00",,,,,"26,00","6,00",,,,,,,,,,,,,,,,,,,,,,
540-MFE 13N-26P-6K+EM-CALFERQUIM 1-G,540,MFE 13N-26P-6K+EM,CALFERQUIM,1,MF,G,540-MFE 13N-26P-6K+EM-CALFERQUIM 1-G,,"13,00",,,,,"26,00","6,00",,,,,,,,,,,,,,,,,,,,,,
489-MFE 13N-36P-10K+EM-CALFERQUIM 1-G,489,MFE 13N-36P-10K+EM,CALFERQUIM,1,MF,G,489-MFE 13N-36P-10K+EM-CALFERQUIM 1-G,,"13,00",,,,,"36,00","10,00",,,,,,,,,,,,,,,,,,,,,,
1210-MFE 13N-4P-24K+EM-CALFERQUIM 1-G,1210,MFE 13N-4P-24K+EM,CALFERQUIM,1,MF,G,1210-MFE 13N-4P-24K+EM-CALFERQUIM 1-G,,,,,,,,,,,,,,,,,,,,,,,,,,,,,,
601-MFE 13N-6P-6K+EM-CALFERQUIM 1-G,601,MFE 13N-6P-6K+EM,CALFERQUIM,1,MF,G,601-MFE 13N-6P-6K+EM-CALFERQUIM 1-G,,"13,00",,,,,"6,00","6,00",,,,,,,,,,,,,,,,,,,,,,
590-MFE 15N-12P-20K+EM-CALFERQUIM 1-G,590,MFE 15N-12P-20K+EM,CALFERQUIM,1,MF,G,590-MFE 15N-12P-20K+EM-CALFERQUIM 1-G,,"15,00",,,,,"12,00","20,00",,,,,,,,,,,,,,,,,,,,,,
623-MFE 15N-20P-2K+EM-CALFERQUIM 1-G,623,MFE 15N-20P-2K+EM,CALFERQUIM,1,MF,G,623-MFE 15N-20P-2K+EM-CALFERQUIM 1-G,,"15,00",,,,,"20,00","2,00",,,,,,,,,,,,,,,,,,,,,,
602-MFE 15N-21P-1K+EM-CALFERQUIM 1-G,602,MFE 15N-21P-1K+EM,CALFERQUIM,1,MF,G,602-MFE 15N-21P-1K+EM-CALFERQUIM 1-G,,"15,00",,,,,"21,00","1,00",,,,,,,,,,,,,,,,,,,,,,
635-MFE 15N-9P-20K+EM-CALFERQUIM 1-G,635,MFE 15N-9P-20K+EM,CALFERQUIM,1,MF,G,635-MFE 15N-9P-20K+EM-CALFERQUIM 1-G,,"15,00",,,,,"9,00","20,00",,,,,,,,,,,,,,,,,,,,,,
658-MFE 16N-21P-5K+EM-CALFERQUIM 1-G,658,MFE 16N-21P-5K+EM,CALFERQUIM,1,MF,G,658-MFE 16N-21P-5K+EM-CALFERQUIM 1-G,,"16,00",,,,,"21,00","5,00",,,,,,,,,,,,,,,,,,,,,,
1309-MFE 17N-5K-6P-CALFERQUIM 1-G,1309,MFE 17N-5K-6P,CALFERQUIM,1,MF,G,1309-MFE 17N-5K-6P-CALFERQUIM 1-G,,,,,,,,,,,,,,,,,,,,,,,,,,,,,,
429-MFE 18N-18P-18K+EM-CALFERQUIM 1-G,429,MFE 18N-18P-18K+EM,CALFERQUIM,1,MF,G,429-MFE 18N-18P-18K+EM-CALFERQUIM 1-G,,"18,00",,,,,"18,00","18,00",,,,,,,,,,,,,,,,,,,,,,
649-MFE 18N-2P-0K+EM-CALFERQUIM 1-G,649,MFE 18N-2P-0K+EM,CALFERQUIM,1,MF,G,649-MFE 18N-2P-0K+EM-CALFERQUIM 1-G,,"18,00",,,,,"2,00","0,00",,,,,,,,,,,,,,,,,,,,,,
414-MFE 18N-9P-29K+EM-CALFERQUIM 1-G,414,MFE 18N-9P-29K+EM,CALFERQUIM,1,MF,G,414-MFE 18N-9P-29K+EM-CALFERQUIM 1-G,,"18,00",,,,,"9,00","29,00",,,,,,,,,,,,,,,,,,,,,,
674-MFE 19N-25P-6K+EM-CALFERQUIM 1-G,674,MFE 19N-25P-6K+EM,CALFERQUIM,1,MF,G,674-MFE 19N-25P-6K+EM-CALFERQUIM 1-G,,"19,00",,,,,"25,00","6,00",,,,,,,,,,,,,,,,,,,,,,
566-MFE 19N-4P-10K+EM-CALFERQUIM 1-G,566,MFE 19N-4P-10K+EM,CALFERQUIM,1,MF,G,566-MFE 19N-4P-10K+EM-CALFERQUIM 1-G,,"19,00",,,,,"4,00","10,00",,,,,,,,,,,,,,,,,,,,,,
586-MFE 19N-4P-18K-CALFERQUIM 1-G,586,MFE 19N-4P-18K,CALFERQUIM,1,MF,G,586-MFE 19N-4P-18K-CALFERQUIM 1-G,,"19,00",,,,,"4,00","18,00",,,,,,,,,,,,,,,,,,,,,,
596-MFE 20N-3P-14K+EM-CALFERQUIM 1-G,596,MFE 20N-3P-14K+EM,CALFERQUIM,1,MF,G,596-MFE 20N-3P-14K+EM-CALFERQUIM 1-G,,"20,00",,,,,"3,00","14,00",,,,,,,,,,,,,,,,,,,,,,
413-MFE 20N-4P-18K+EM-CALFERQUIM 1-G,413,MFE 20N-4P-18K+EM,CALFERQUIM,1,MF,G,413-MFE 20N-4P-18K+EM-CALFERQUIM 1-G,,"20,00",,,,,"4,00","18,00",,,,,,,,,,,,,,,,,,,,,,
555-MFE 21N-4P-11K+EM-CALFERQUIM 1-G,555,MFE 21N-4P-11K+EM,CALFERQUIM,1,MF,G,555-MFE 21N-4P-11K+EM-CALFERQUIM 1-G,,"21,00",,,,,"4,00","11,00",,,,,,,,,,,,,,,,,,,,,,
1214-MFE 21N-4P-7K+EM-CALFERQUIM 1-G,1214,MFE 21N-4P-7K+EM,CALFERQUIM,1,MF,G,1214-MFE 21N-4P-7K+EM-CALFERQUIM 1-G,,,,,,,,,,,,,,,,,,,,,,,,,,,,,,
654-MFE 21N-7P-8K + EM-CALFERQUIM 1-G,654,MFE 21N-7P-8K + EM,CALFERQUIM,1,MF,G,654-MFE 21N-7P-8K + EM-CALFERQUIM 1-G,,"21,00",,,,,"7,00","8,00",,,,,,,,,,,,,,,,,,,,,,
664-MFE 22N-0P-19K+EM-CALFERQUIM 1-G,664,MFE 22N-0P-19K+EM,CALFERQUIM,1,MF,G,664-MFE 22N-0P-19K+EM-CALFERQUIM 1-G,,"22,00",,,,,"0,00","19,00",,,,,,,,,,,,,,,,,,,,,,
560-MFE 22N-3P-0K+ EM-CALFERQUIM 1-G,560,MFE 22N-3P-0K+ EM,CALFERQUIM,1,MF,G,560-MFE 22N-3P-0K+ EM-CALFERQUIM 1-G,,"22,00",,,,,"3,00","0,00",,,,,,,,,,,,,,,,,,,,,,
645-MFE 22N-3P-3K+EM-CALFERQUIM 1-G,645,MFE 22N-3P-3K+EM,CALFERQUIM,1,MF,G,645-MFE 22N-3P-3K+EM-CALFERQUIM 1-G,,"22,00",,,,,"3,00","3,00",,,,,,,,,,,,,,,,,,,,,,
662-MFE 22N-6P-3K+EM-CALFERQUIM 1-G,662,MFE 22N-6P-3K+EM,CALFERQUIM,1,MF,G,662-MFE 22N-6P-3K+EM-CALFERQUIM 1-G,,"22,00",,,,,"6,00","3,00",,,,,,,,,,,,,,,,,,,,,,
605-MFE 22N-7K-12S+EM-CALFERQUIM 1-G,605,MFE 22N-7K-12S+EM,CALFERQUIM,1,MF,G,605-MFE 22N-7K-12S+EM-CALFERQUIM 1-G,,"22,00",,,,,"0,00","7,00",,,"12,00",,,,,,,,,,,,,,,,,,,
1268-MFE 22N-8K-7P+MENORES-CALFERQUIM 1-G,1268,MFE 22N-8K-7P+MENORES,CALFERQUIM,1,MF,G,1268-MFE 22N-8K-7P+MENORES-CALFERQUIM 1-G,,,,,,,,,,,,,,,,,,,,,,,,,,,,,,
639-MFE 22N-8P-10K+EM-CALFERQUIM 1-G,639,MFE 22N-8P-10K+EM,CALFERQUIM,1,MF,G,639-MFE 22N-8P-10K+EM-CALFERQUIM 1-G,,"22,00",,,,,"8,00","10,00",,,,,,,,,,,,,,,,,,,,,,
535-MFE 22N-9P-0K+EM-CALFERQUIM 1-G,535,MFE 22N-9P-0K+EM,CALFERQUIM,1,MF,G,535-MFE 22N-9P-0K+EM-CALFERQUIM 1-G,,"22,00",,,,,"9,00","0,00",,,,,,,,,,,,,,,,,,,,,,
669-MFE 23N-1P-18K+EM-CALFERQUIM 1-G,669,MFE 23N-1P-18K+EM,CALFERQUIM,1,MF,G,669-MFE 23N-1P-18K+EM-CALFERQUIM 1-G,,"23,00",,,,,"1,00","18,00",,,,,,,,,,,,,,,,,,,,,,
651-MFE 23N-4P-16K+EM-CALFERQUIM 1-G,651,MFE 23N-4P-16K+EM,CALFERQUIM,1,MF,G,651-MFE 23N-4P-16K+EM-CALFERQUIM 1-G,,"23,00",,,,,"4,00","16,00",,,,,,,,,,,,,,,,,,,,,,
593-MFE 23N-4P-9K+EM-CALFERQUIM 1-G,593,MFE 23N-4P-9K+EM,CALFERQUIM,1,MF,G,593-MFE 23N-4P-9K+EM-CALFERQUIM 1-G,,"23,00",,,,,"4,00","9,00",,,,,,,,,,,,,,,,,,,,,,
420-MFE 23N-5P-10K+EM-CALFERQUIM 1-G,420,MFE 23N-5P-10K+EM,CALFERQUIM,1,MF,G,420-MFE 23N-5P-10K+EM-CALFERQUIM 1-G,,"23,00",,,,,"5,00","10,00",,,,,,,,,,,,,,,,,,,,,,
554-MFE 23N-9P-11K+EM-CALFERQUIM 1-G,554,MFE 23N-9P-11K+EM,CALFERQUIM,1,MF,G,554-MFE 23N-9P-11K+EM-CALFERQUIM 1-G,,"23,00",,,,,"9,00","11,00",,,,,,,,,,,,,,,,,,,,,,
1269-MFE 24N-0P-12-CALFERQUIM 1-G,1269,MFE 24N-0P-12,CALFERQUIM,1,MF,G,1269-MFE 24N-0P-12-CALFERQUIM 1-G,,,,,,,,,,,,,,,,,,,,,,,,,,,,,,
1213-MFE 24N-2P-14K-3Ca+EM-CALFERQUIM 1-G,1213,MFE 24N-2P-14K-3Ca+EM,CALFERQUIM,1,MF,G,1213-MFE 24N-2P-14K-3Ca+EM-CALFERQUIM 1-G,,,,,,,,,,,,,,,,,,,,,,,,,,,,,,
650-MFE 24N-2P-9K+EM-CALFERQUIM 1-G,650,MFE 24N-2P-9K+EM,CALFERQUIM,1,MF,G,650-MFE 24N-2P-9K+EM-CALFERQUIM 1-G,,"24,00",,,,,"2,00","9,00",,,,,,,,,,,,,,,,,,,,,,
585-MFE 24N-4-2K+EM-CALFERQUIM 1-G,585,MFE 24N-4-2K+EM,CALFERQUIM,1,MF,G,585-MFE 24N-4-2K+EM-CALFERQUIM 1-G,,"24,00",,,,,"4,00","2,00",,,,,,,,,,,,,,,,,,,,,,
965-MFE 24N-4P-10K+EM-CALFERQUIM 1-G,965,MFE 24N-4P-10K+EM,CALFERQUIM,1,MF,G,965-MFE 24N-4P-10K+EM-CALFERQUIM 1-G,,"24,00",,,,,"4,00","10,00",,,,,,,,,,,,,,,,,,,,,,
1321-MFE 24N-6K-0P-CALFERQUIM 1-G,1321,MFE 24N-6K-0P,CALFERQUIM,1,MF,G,1321-MFE 24N-6K-0P-CALFERQUIM 1-G,,,,,,,,,,,,,,,,,,,,,,,,,,,,,,
616-MFE 24N-6P-7K+EM-CALFERQUIM 1-G,616,MFE 24N-6P-7K+EM,CALFERQUIM,1,MF,G,616-MFE 24N-6P-7K+EM-CALFERQUIM 1-G,,"24,00",,,,,"6,00","7,00",,,,,,,,,,,,,,,,,,,,,,
591-MFE 24N-9K-12S+EM-CALFERQUIM 1-G,591,MFE 24N-9K-12S+EM,CALFERQUIM,1,MF,G,591-MFE 24N-9K-12S+EM-CALFERQUIM 1-G,,"24,00",,,,,"0,00","9,00",,,"12,00",,,,,,,,,,,,,,,,,,,
614-MFE 24N-9P-7S+EM-CALFERQUIM 1-G,614,MFE 24N-9P-7S+EM,CALFERQUIM,1,MF,G,614-MFE 24N-9P-7S+EM-CALFERQUIM 1-G,,"24,00",,,,,"9,00","0,00",,,"7,00",,,,,,,,,,,,,,,,,,,
1327-MFE 25-4-13-CALFERQUIM 1-G,1327,MFE 25-4-13,CALFERQUIM,1,MF,G,1327-MFE 25-4-13-CALFERQUIM 1-G,,,,,,,,,,,,,,,,,,,,,,,,,,,,,,
629-MFE 25N-0P-8K+EM-CALFERQUIM 1-G,629,MFE 25N-0P-8K+EM,CALFERQUIM,1,MF,G,629-MFE 25N-0P-8K+EM-CALFERQUIM 1-G,,"25,00",,,,,"0,00","8,00",,,,,,,,,,,,,,,,,,,,,,
412-MFE 25N-13P-12K +EM-CALFERQUIM 1-G,412,MFE 25N-13P-12K +EM,CALFERQUIM,1,MF,G,412-MFE 25N-13P-12K +EM-CALFERQUIM 1-G,,"25,00",,,,,"13,00","12,00",,,,,,,,,,,,,,,,,,,,,,
628-MFE 25N-4P-14K+EM-CALFERQUIM 1-G,628,MFE 25N-4P-14K+EM,CALFERQUIM,1,MF,G,628-MFE 25N-4P-14K+EM-CALFERQUIM 1-G,,"25,00",,,,,"4,00","14,00",,,,,,,,,,,,,,,,,,,,,,
677-MFE 25N-6P-0K+EM-CALFERQUIM 1-G,677,MFE 25N-6P-0K+EM,CALFERQUIM,1,MF,G,677-MFE 25N-6P-0K+EM-CALFERQUIM 1-G,,"25,00",,,,,"6,00","0,00",,,,,,,,,,,,,,,,,,,,,,
568-MFE 25N-6P-13K+EM-CALFERQUIM 1-G,568,MFE 25N-6P-13K+EM,CALFERQUIM,1,MF,G,568-MFE 25N-6P-13K+EM-CALFERQUIM 1-G,,"25,00",,,,,"6,00","13,00",,,,,,,,,,,,,,,,,,,,,,
644-MFE 25N-8P-16K+EM-CALFERQUIM 1-G,644,MFE 25N-8P-16K+EM,CALFERQUIM,1,MF,G,644-MFE 25N-8P-16K+EM-CALFERQUIM 1-G,,"25,00",,,,,"8,00","16,00",,,,,,,,,,,,,,,,,,,,,,
647-MFE 25N-8P-16K+EM-CALFERQUIM 1-G,647,MFE 25N-8P-16K+EM,CALFERQUIM,1,MF,G,647-MFE 25N-8P-16K+EM-CALFERQUIM 1-G,,"25,00",,,,,"8,00","16,00",,,,,,,,,,,,,,,,,,,,,,
594-MFE 26N-11P-6K+EM-CALFERQUIM 1-G,594,MFE 26N-11P-6K+EM,CALFERQUIM,1,MF,G,594-MFE 26N-11P-6K+EM-CALFERQUIM 1-G,,"26,00",,,,,"11,00","6,00",,,,,,,,,,,,,,,,,,,,,,
582-MFE 26N-20K-4S-CALFERQUIM 1-G,582,MFE 26N-20K-4S,CALFERQUIM,1,MF,G,582-MFE 26N-20K-4S-CALFERQUIM 1-G,,"26,00",,,,,"0,00","20,00",,,"4,00",,,,,,,,,,,,,,,,,,,
627-MFE 26N-2P-9K-2Ca-CALFERQUIM 1-G,627,MFE 26N-2P-9K-2Ca,CALFERQUIM,1,MF,G,627-MFE 26N-2P-9K-2Ca-CALFERQUIM 1-G,,"26,00",,,,,"2,00","9,00","2,00",,,,,,,,,,,,,,,,,,,,,
431-MFE 26N-6P-2K+EM-CALFERQUIM 1-G,431,MFE 26N-6P-2K+EM,CALFERQUIM,1,MF,G,431-MFE 26N-6P-2K+EM-CALFERQUIM 1-G,,"26,00",,,,,"6,00","2,00",,,,,,,,,,,,,,,,,,,,,,
546-MFE 26N-6P-2K+EM-CALFERQUIM 1-G,546,MFE 26N-6P-2K+EM,CALFERQUIM,1,MF,G,546-MFE 26N-6P-2K+EM-CALFERQUIM 1-G,,"26,00",,,,,"6,00","2,00",,,,,,,,,,,,,,,,,,,,,,
682-MFE 26N-7P-0K+EM-CALFERQUIM 1-G,682,MFE 26N-7P-0K+EM,CALFERQUIM,1,MF,G,682-MFE 26N-7P-0K+EM-CALFERQUIM 1-G,,"26,00",,,,,"7,00","0,00",,,,,,,,,,,,,,,,,,,,,,
625-MFE 27N-18K-5S-CALFERQUIM 1-G,625,MFE 27N-18K-5S,CALFERQUIM,1,MF,G,625-MFE 27N-18K-5S-CALFERQUIM 1-G,,"27,00",,,,,"0,00","18,00",,,"5,00",,,,,,,,,,,,,,,,,,,
672-MFE 27N-20P-0K+EM-CALFERQUIM 1-G,672,MFE 27N-20P-0K+EM,CALFERQUIM,1,MF,G,672-MFE 27N-20P-0K+EM-CALFERQUIM 1-G,,"27,00",,,,,"20,00","0,00",,,,,,,,,,,,,,,,,,,,,,
539-MFE 27N-5P-11K+EM-CALFERQUIM 1-G,539,MFE 27N-5P-11K+EM,CALFERQUIM,1,MF,G,539-MFE 27N-5P-11K+EM-CALFERQUIM 1-G,,"27,00",,,,,"5,00","11,00",,,,,,,,,,,,,,,,,,,,,,
610-MFE 27N-8P-9K+EM KILO-CALFERQUIM 1-G,610,MFE 27N-8P-9K+EM KILO,CALFERQUIM,1,MF,G,610-MFE 27N-8P-9K+EM KILO-CALFERQUIM 1-G,,"27,00",,,,,"8,00","9,00",,,,,,,,,,,,,,,,,,,,,,
621-MFE 28N 24K-CALFERQUIM 1-G,621,MFE 28N 24K,CALFERQUIM,1,MF,G,621-MFE 28N 24K-CALFERQUIM 1-G,,"28,00",,,,,"0,00","24,00",,,,,,,,,,,,,,,,,,,,,,
1401-MFE 28N 5P 5.4K + EM-CALFERQUIM-1-G,1401,MFE 28N 5P 5.4K + EM,CALFERQUIM,1,MF,G,1401-MFE 28N 5P 5.4K + EM-CALFERQUIM-1-G,,"28,00",,,,,"5,00","5,40","1,80","3,50","3,60",,,,,,,,,,,,,,,,,,,
600-MFE 28N-14P-6K+EM-CALFERQUIM 1-G,600,MFE 28N-14P-6K+EM,CALFERQUIM,1,MF,G,600-MFE 28N-14P-6K+EM-CALFERQUIM 1-G,,"28,00",,,,,"14,00","6,00",,,,,,,,,,,,,,,,,,,,,,
657-MFE 28N-4P-9K+EM-CALFERQUIM 1-G,657,MFE 28N-4P-9K+EM,CALFERQUIM,1,MF,G,657-MFE 28N-4P-9K+EM-CALFERQUIM 1-G,,"28,00",,,,,"4,00","9,00",,,,,,,,,,,,,,,,,,,,,,
592-MFE 28N-5P-0K+EM-CALFERQUIM 1-G,592,MFE 28N-5P-0K+EM,CALFERQUIM,1,MF,G,592-MFE 28N-5P-0K+EM-CALFERQUIM 1-G,,"28,00",,,,,"5,00","0,00",,,,,,,,,,,,,,,,,,,,,,
548-MFE 28N-5P-15K+EM-CALFERQUIM 1-G,548,MFE 28N-5P-15K+EM,CALFERQUIM,1,MF,G,548-MFE 28N-5P-15K+EM-CALFERQUIM 1-G,,"28,00",,,,,"5,00","15,00",,,,,,,,,,,,,,,,,,,,,,
609-MFE 28N-5P-9K+EM-CALFERQUIM 1-G,609,MFE 28N-5P-9K+EM,CALFERQUIM,1,MF,G,609-MFE 28N-5P-9K+EM-CALFERQUIM 1-G,,"28,00",,,,,"5,00","9,00",,,,,,,,,,,,,,,,,,,,,,
608-MFE 29N 10P 6K + EM-CALFERQUIM 1-G,608,MFE 29N 10P 6K + EM,CALFERQUIM,1,MF,G,608-MFE 29N 10P 6K + EM-CALFERQUIM 1-G,,"29,00",,,,,"10,00","6,00",,,,,,,,,,,,,,,,,,,,,,
428-MFE 29N-15P-5K+EM-CALFERQUIM 1-G,428,MFE 29N-15P-5K+EM,CALFERQUIM,1,MF,G,428-MFE 29N-15P-5K+EM-CALFERQUIM 1-G,,"29,00",,,,,"15,00","5,00",,,,,,,,,,,,,,,,,,,,,,
607-MFE 29N-1P-11K+EM-CALFERQUIM 1-G,607,MFE 29N-1P-11K+EM,CALFERQUIM,1,MF,G,607-MFE 29N-1P-11K+EM-CALFERQUIM 1-G,,"29,00",,,,,"1,00","11,00",,,,,,,,,,,,,,,,,,,,,,
683-MFE 29N-6P-12K+EM-CALFERQUIM 1-G,683,MFE 29N-6P-12K+EM,CALFERQUIM,1,MF,G,683-MFE 29N-6P-12K+EM-CALFERQUIM 1-G,,"29,00",,,,,"6,00","12,00",,,,,,,,,,,,,,,,,,,,,,
840-MFE 30N-0P-20K-CALFERQUIM 1-G,840,MFE 30N-0P-20K,CALFERQUIM,1,MF,G,840-MFE 30N-0P-20K-CALFERQUIM 1-G,,"30,00",,,,,"0,00","20,00",,,,,,,,,,,,,,,,,,,,,,
598-MFE 30N-11P-6K+EM-CALFERQUIM 1-G,598,MFE 30N-11P-6K+EM,CALFERQUIM,1,MF,G,598-MFE 30N-11P-6K+EM-CALFERQUIM 1-G,,"30,00",,,,,"11,00","6,00",,,,,,,,,,,,,,,,,,,,,,
1293-MFE 30N-5P-1K-CALFERQUIM 1-G,1293,MFE 30N-5P-1K,CALFERQUIM,1,MF,G,1293-MFE 30N-5P-1K-CALFERQUIM 1-G,,,,,,,,,,,,,,,,,,,,,,,,,,,,,,
465-MFE 30N-8P-0K-5CA+EM-CALFERQUIM 1-G,465,MFE 30N-8P-0K-5CA+EM,CALFERQUIM,1,MF,G,465-MFE 30N-8P-0K-5CA+EM-CALFERQUIM 1-G,,"30,00",,,,,"8,00","0,00","4,00",,,,,,,,,,,,,,,,,,,,,
676-MFE 30N-9P-0K+EM-CALFERQUIM 1-G,676,MFE 30N-9P-0K+EM,CALFERQUIM,1,MF,G,676-MFE 30N-9P-0K+EM-CALFERQUIM 1-G,,"30,00",,,,,"9,00","0,00",,,,,,,,,,,,,,,,,,,,,,
671-MFE 31N-5P-0K+EM-CALFERQUIM 1-G,671,MFE 31N-5P-0K+EM,CALFERQUIM,1,MF,G,671-MFE 31N-5P-0K+EM-CALFERQUIM 1-G,,"31,00",,,,,"5,00","0,00",,,,,,,,,,,,,,,,,,,,,,
597-MFE 31N-6P-7K+EM-CALFERQUIM 1-G,597,MFE 31N-6P-7K+EM,CALFERQUIM,1,MF,G,597-MFE 31N-6P-7K+EM-CALFERQUIM 1-G,,"31,00",,,,,"6,00","7,00",,,,,,,,,,,,,,,,,,,,,,
581-MFE 31N-7K-9S-CALFERQUIM 1-G,581,MFE 31N-7K-9S,CALFERQUIM,1,MF,G,581-MFE 31N-7K-9S-CALFERQUIM 1-G,,"31,00",,,,,"0,00","7,00",,,"9,00",,,,,,,,,,,,,,,,,,,
1080-MFE 32-0-9-CALFERQUIM 1-G,1080,MFE 32-0-9,CALFERQUIM,1,MF,G,1080-MFE 32-0-9-CALFERQUIM 1-G,,"32,00",,,,,"0,00","9,00",,,,,,,,,,,,,,,,,,,,,,
1402-MFE 32N 1P 12K-CALFERQUIM-1-G,1402,MFE 32N 1P 12K,CALFERQUIM,1,MF,G,1402-MFE 32N 1P 12K-CALFERQUIM-1-G,,"32,00",,,,,"1,00","12,00",,,,,,,,,,"1,60","0,50",,,,,,,,,,,
599-MFE 33N-6P-6K+EM-CALFERQUIM 1-G,599,MFE 33N-6P-6K+EM,CALFERQUIM,1,MF,G,599-MFE 33N-6P-6K+EM-CALFERQUIM 1-G,,"33,00",,,,,"6,00","6,00",,,,,,,,,,,,,,,,,,,,,,
666-MFE 4N-9P-0K+ EM-CALFERQUIM 1-G,666,MFE 4N-9P-0K+ EM,CALFERQUIM,1,MF,G,666-MFE 4N-9P-0K+ EM-CALFERQUIM 1-G,,"4,00",,,,,"9,00","0,00",,,,,,,,,,,,,,,,,,,,,,
622-MFE 5N-8P-29K+EM-CALFERQUIM 1-G,622,MFE 5N-8P-29K+EM,CALFERQUIM,1,MF,G,622-MFE 5N-8P-29K+EM-CALFERQUIM 1-G,,"5,00",,,,,"8,00","29,00",,,,,,,,,,,,,,,,,,,,,,
603-MFE 6N-6P-33K+EM-CALFERQUIM 1-G,603,MFE 6N-6P-33K+EM,CALFERQUIM,1,MF,G,603-MFE 6N-6P-33K+EM-CALFERQUIM 1-G,,"6,00",,,,,"6,00","33,00",,,,,,,,,,,,,,,,,,,,,,
1295-MFE 7N-14K-29P-CALFERQUIM 1-G,1295,MFE 7N-14K-29P,CALFERQUIM,1,MF,G,1295-MFE 7N-14K-29P-CALFERQUIM 1-G,,,,,,,,,,,,,,,,,,,,,,,,,,,,,,
661-MFE 7N-8P-30K+EM-CALFERQUIM 1-G,661,MFE 7N-8P-30K+EM,CALFERQUIM,1,MF,G,661-MFE 7N-8P-30K+EM-CALFERQUIM 1-G,,"7,00",,,,,"8,00","30,00",,,,,,,,,,,,,,,,,,,,,,
1320-MFE 8N-20K-10P-CALFERQUIM 1-G,1320,MFE 8N-20K-10P,CALFERQUIM,1,MF,G,1320-MFE 8N-20K-10P-CALFERQUIM 1-G,,,,,,,,,,,,,,,,,,,,,,,,,,,,,,
551-MFE 8N-6P-24K+EM-CALFERQUIM 1-G,551,MFE 8N-6P-24K+EM,CALFERQUIM,1,MF,G,551-MFE 8N-6P-24K+EM-CALFERQUIM 1-G,,"8,00",,,,,"6,00","24,00",,,,,,,,,,,,,,,,,,,,,,
164-MICRON C-CALFERQUIM 1-G,164,MICRON C,CALFERQUIM,1,PT,G,164-MICRON C-CALFERQUIM 1-G,,"46,00",,,,,,,,,,,,,,,,,,,,,,,,,,,,
188-MICRON CS-CALFERQUIM 1-G,188,MICRON CS,CALFERQUIM,1,PT,G,188-MICRON CS-CALFERQUIM 1-G,,"40,00",,,,,,,,,"6,00",,,,,,,,,,,,,,,,,,,
65-NUCLEO 4-CALFERQUIM 1-G,65,NUCLEO 4,CALFERQUIM,1,PT,G,65-NUCLEO 4-CALFERQUIM 1-G,,,,,,,,,"18,00","18,00","4,00",,,,,,,"14,00",,,,,,,,,,,,
1275-NUCLEO CALCIO 40-CALFERQUIM 1-G,1275,NUCLEO CALCIO 40,CALFERQUIM,1,PT,G,1275-NUCLEO CALCIO 40-CALFERQUIM 1-G,,,,,,,,,,,,,,,,,,,,,,,,,,,,,,
62-NUCLEO CAMASI GRIS-CALFERQUIM 1-G,62,NUCLEO CAMASI GRIS,CALFERQUIM,1,PT,G,62-NUCLEO CAMASI GRIS-CALFERQUIM 1-G,,,,,,,,,"10,00","1,00","1,00",,,,,,,"20,00",,,,,,,,,,,,
452-NUCLEO CAMASI ROJO-CALFERQUIM 1-G,452,NUCLEO CAMASI ROJO,CALFERQUIM,1,PT,G,452-NUCLEO CAMASI ROJO-CALFERQUIM 1-G,,,,,,,,,,,,,,,,,,,,,,,,,,,,,,
563-NUCLEO CAMASI YARA-CALFERQUIM 1-G,563,NUCLEO CAMASI YARA,CALFERQUIM,1,PT,G,563-NUCLEO CAMASI YARA-CALFERQUIM 1-G,,,,,,,,,"25,00","3,00","1,00",,,,,,,"14,00",,,,,,,,,,,,
140-NUCLEO FERCON-CALFERQUIM 1-G,140,NUCLEO FERCON,CALFERQUIM,1,PT,G,140-NUCLEO FERCON-CALFERQUIM 1-G,,,,,,,,,"17,00","17,00","4,00",,,,,,,"12,00",,,,,,,,,,,,
365-NUCLEO FOSFORO-CALFERQUIM 1-G,365,NUCLEO FOSFORO,CALFERQUIM,1,PT,G,365-NUCLEO FOSFORO-CALFERQUIM 1-G,,,,,,,,,,,,,,,,,,,,,,,,,,,,,,
574-NUCLEO FOSFORO 1-CALFERQUIM 1-G,574,NUCLEO FOSFORO 1,CALFERQUIM,1,PT,G,574-NUCLEO FOSFORO 1-CALFERQUIM 1-G,,,,,,,,,,,,,,,,,,,,,,,,,,,,,,
679-NUCLEO FOSFORO 10-CALFERQUIM 1-G,679,NUCLEO FOSFORO 10,CALFERQUIM,1,PT,G,679-NUCLEO FOSFORO 10-CALFERQUIM 1-G,,,,,,,"10,00",,"14,00","2,00","5,00",,,,,,,"2,00",,,,,,,,,,,,
575-NUCLEO FOSFORO 2-CALFERQUIM 1-G,575,NUCLEO FOSFORO 2,CALFERQUIM,1,PT,G,575-NUCLEO FOSFORO 2-CALFERQUIM 1-G,,,,,,,,,,,,,,,,,,,,,,,,,,,,,,
208-NUCLEO MAGNESIO-CALFERQUIM 1-G,208,NUCLEO MAGNESIO,CALFERQUIM,1,PT,G,208-NUCLEO MAGNESIO-CALFERQUIM 1-G,,,,,,,,,,"16,00","8,00",,,,,,,,,,,,,,,,,,,
803-NUCLEO MAGNESIO-S-CALFERQUIM 1-G,803,NUCLEO MAGNESIO-S,CALFERQUIM,1,PT,G,803-NUCLEO MAGNESIO-S-CALFERQUIM 1-G,,,,,,,,,,"16,00","8,00",,,,,,,,,,,,,,,,,,,
804-NUCLEO MAGNESIO-S EM-CALFERQUIM 1-G,804,NUCLEO MAGNESIO-S EM,CALFERQUIM,1,PT,G,804-NUCLEO MAGNESIO-S EM-CALFERQUIM 1-G,,,,,,,,,,,,,,,,,,,,,,,,,,,,,,
604-NUCLEO MAGNESIO-SILICIO-CALFERQUIM 1-G,604,NUCLEO MAGNESIO-SILICIO,CALFERQUIM,1,PT,G,604-NUCLEO MAGNESIO-SILICIO-CALFERQUIM 1-G,,,,,,,,,,"28,00","1,00",,,,,,,"30,00",,,,,,,,,,,,
558-NUCLEO MAGNESIO-SILICIO EM-CALFERQUIM 1-G,558,NUCLEO MAGNESIO-SILICIO EM,CALFERQUIM,1,PT,G,558-NUCLEO MAGNESIO-SILICIO EM-CALFERQUIM 1-G,,,,,,,,,,"28,00","1,00",,,,,,,"30,00",,,,,,,,,,,,
579-NUCLEO MANGANESO-CALFERQUIM 1-G,579,NUCLEO MANGANESO,CALFERQUIM,1,PT,G,579-NUCLEO MANGANESO-CALFERQUIM 1-G,,,,,,,,,,,,,,,,,,,,,,,,,,,,,,
61-NUCLEO MENORES-CALFERQUIM 1-G,61,NUCLEO MENORES,CALFERQUIM,1,PT,G,61-NUCLEO MENORES-CALFERQUIM 1-G,,,,,,,,,,,,,,,,,,,,,,,,,,,,,,
611-NUCLEO N-CALFERQUIM 1-G,611,NUCLEO N,CALFERQUIM,1,PT,G,611-NUCLEO N-CALFERQUIM 1-G,,,,,,,,,,,,,,,,,,,,,,,,,,,,,,
155-RAIFOS 20-CALFERQUIM 1-G,155,RAIFOS 20,CALFERQUIM,1,PT,G,155-RAIFOS 20-CALFERQUIM 1-G,"5,00",,,,,,"20,00",,"23,00","1,50","1,00",,,,,,,"21,00",,,,,,,,,,,,
35-SILIMAGRAN-CALFERQUIM 1-G,35,SILIMAGRAN,CALFERQUIM,1,PT,G,35-SILIMAGRAN-CALFERQUIM 1-G,,,,,,,"5,00",,,"30,00",,,,,,,,"30,00",,,,,,,,,,,,
997-SULFATO ZINC 22-CALFERQUIM 1-P,997,SULFATO ZINC 22,CALFERQUIM,1,PT,P,997-SULFATO ZINC 22-CALFERQUIM 1-P,,,,,,,,,,,,,,,,,,,,,,,,,,,,,,
564-SULFATO ZINC 30%-CALFERQUIM 1-G,564,SULFATO ZINC 30,CALFERQUIM,1,PT,G,564-SULFATO ZINC 30%-CALFERQUIM 1-G,,,,,,,,,,,,,,,,,,,"30,00",,,,,,,,,,,
322-TERRAFERTIL-CALFERQUIM 1-P,322,TERRAFERTIL,CALFERQUIM,1,PT,P,322-TERRAFERTIL-CALFERQUIM 1-P,,,,,,,,,,,,,,,,,,,,,,,,,,,,,,
160-ZUELO CA-CALFERQUIM 1-G,160,ZUELO CA,CALFERQUIM,1,PT,G,160-ZUELO CA-CALFERQUIM 1-G,,,,,,,,"3,00","27,00","12,00","4,00",,,,,,,"4,00",,,,,,,,,,,,
1410-MFE 22-3-7,1410,MFE 22-3-7,Calferquim,1,MF,G,22 3 7,"0,00","22,00",,,,"0,00","3,00","7,00","0,00","0,00","0,00","0,00",0,0,0,0,0,0,0,0,,,,,,,,,,
9999908- PRODUCCION 17,9999908,PRODUCCION  17,Calferquim,1,PT,G,9999908- PRODUCCION 17,,"17,00",,,,,"6,00",16.3,,3.5,"5,00",,,,,,,,,,,,,,,,,,,