RVF,Producto,Fecha_Vigencia,Clasificacion,Fuentes,Aditivos_Inertes,Limites_Microbiologicos,Composicion_Completa,Nitrógeno Total (N),Nitrógeno Amoniacal (N),Nitrógeno Nítrico (N),Nitrógeno Ureico (N),Nitrógeno Orgánico (N),Fósforo Total (P₂O₅),Fósforo Total (P₂O₅)*,Fósforo Asimilable (P₂O₅),Fósforo Soluble en Agua (P₂O₅),Fósforo de Lenta Asimilación (P₂O₅)***,Potasio Total (K₂O),Potasio Soluble en Agua (K₂O),Calcio Total (CaO),Calcio Total (CaO)*,Calcio Total (CaO)***,Calcio Soluble en Agua (CaO),Calcio Soluble en Agua (CaO)***,Calcio Soluble en HCl (CaO),Magnesio Total (MgO),Magnesio Total (MgO)*,Magnesio Soluble en Agua (MgO),Magnesio Soluble en Agua (MgO)*,Magnesio Soluble en HCl (MgO),Magnesio (MgO),Azufre Total (S),Azufre Soluble en Agua (S),Azufre (S),Boro Soluble en Agua (B),Boro (B),Cobalto Soluble en Agua (Co),Cobalto Soluble en Agua (Co)*,Cobre Total (Cu),Cobre Soluble en Agua (Cu),Cobre Soluble en Agua (Cu)*,Hierro Soluble en Agua (Fe),Hierro Soluble en Agua (Fe)*,Manganeso Soluble en Agua (Mn),Manganeso Soluble en Agua (Mn)*,Molibdeno Soluble en Agua (Mo),Zinc Soluble en Agua (Zn),Zinc Soluble en Agua (Zn)*,Zinc (Zn),Silicio Total (SiO₂),Silicio Total (SiO₂)*,Silicio Total (SiO₂)***,Sílice Total (SiO₂),Silicio Soluble en Agua (SiO₂),Silicio Soluble en Agua (SiO₂)***,Silicio,Sodio Total (Na),Sodio (Na),Carbono Orgánico Oxidable,Carbono Orgánico Oxidable Total,Relación Carbono Nitrógeno,Cenizas,Humedad,Humedad Máxima,pH en Solución al 10%,Conductividad Eléctrica (1:100),Conductividad Eléctrica (dS/m),Densidad,Densidad Aparente,Capacidad de Intercambio Catiónico,Capacidad de Retención de Humedad,Solubilidad,Solubilidad en agua a 20°C,Residuo Insoluble en ácido
2812,FOSFORITA NEIVA,3/OCT/1996,Acondicionador inorgánico — Granulado (aplicación al suelo),Mezcla física de roca fosfórica y silicato de magnesio (serpentina o antigorita),Vinaza,Metales pesados: Por debajo de los límites permitidos en la norma ICA.,Fósforo Total (P₂O₅)*: 22.00 %; Calcio Total (CaO): 42.00 %; Silicio Total (SiO₂): 16.00 %; Humedad Máxima: 5.00 %,,,,,,,22.00 %,,,,,,42.00 %,,,,,,,,,,,,,,,,,,,,,,,,,,,,,,16.00 %,,,,,,,,,,,,,,5.00 %,,,,,,,,,,
2949,CALFERZINC - P,10/MAR/1997,Fertilizante simple P — Granulado (aplicación al suelo),"Superfosfato triple, Sulfato de zinc monohidratado",Caolín,Metales pesados: Por debajo de los límites permitidos en la norma ICA.,Fósforo Asimilable (P₂O₅): 3.00 %; Azufre Total (S): 7.00 %; Zinc (Zn): 21.00 %,,,,,,,,3.00 %,,,,,,,,,,,,,,,,,7.00 %,,,,,,,,,,,,,,,,,21.00 %,,,,,,,,,,,,,,,,,,,,,,,,,
3537,CALFERQUIM 15-15-15,26/MAY/2000,Fertilizante compuesto mezclado NPK — Granulado (aplicación al suelo),"Urea, Fosfato diamónico, Cloruro de potasio, Carbonato de calcio, Silicato de magnesio (serpentina)",,Metales pesados: Por debajo de los límites permitidos en la norma ICA.,Nitrógeno Total (N): 15.00 %; Nitrógeno Amoniacal (N): 5.80 %; Nitrógeno Ureico (N): 9.20 %; Fósforo Asimilable (P₂O₅): 15.00 %; Potasio Soluble en Agua (K₂O): 15.00 %; Calcio Soluble en HCl (CaO): 7.00 %; Magnesio Soluble en HCl (MgO): 3.00 %; Silicio Total (SiO₂): 5.60 %; Humedad Máxima: 3.00 %,15.00 %,5.80 %,,9.20 %,,,,15.00 %,,,,15.00 %,,,,,,7.00 %,,,,,3.00 %,,,,,,,,,,,,,,,,,,,,5.60 %,,,,,,,,,,,,,,3.00 %,,,,,,,,,,
3601,CALFERQUIM SILIMAGRAN 30,16/AGO/2000,Acondicionador inorgánico — Granulado (aplicación al suelo),Mezcla física de roca fosfórica y silicato de magnesio (serpentina o antigorita),Vinaza,Metales pesados: Por debajo de los límites permitidos en la norma ICA.,Fósforo Total (P₂O₅)*: 5.00 %; Calcio Total (CaO): 6.00 %; Magnesio Soluble en HCl (MgO): 30.00 %; Sílice Total (SiO₂): 30.00 %; Humedad Máxima: 1.00 %,,,,,,,5.00 %,,,,,,6.00 %,,,,,,,,,,30.00 %,,,,,,,,,,,,,,,,,,,,,,,30.00 %,,,,,,,,,,,1.00 %,,,,,,,,,,
4415,AFOS - K (FOSFATO DIPOTASICO) 0-40-50,30/SEP/2002,Fertilizante compuesto complejo PK — Polvo soluble (aplicación al suelo mediante sistema de fertirriego),Fosfato dipotásico producto de la reacción química del ácido fosfórico y la potasa cáustica,,Metales pesados: Por debajo de los límites permitidos en la norma ICA.,Fósforo Soluble en Agua (P₂O₅): 40.00 %; Potasio Soluble en Agua (K₂O): 50.00 %; pH en Solución al 10%: 9.00; Solubilidad: 100.00 %; Humedad Máxima: 1.00 %,,,,,,,,,40.00 %,,,50.00 %,,,,,,,,,,,,,,,,,,,,,,,,,,,,,,,,,,,,,,,,,,,,,1.00 %,9.00,,,,,,,100.00 %,,
4533,CALFERQUIM 18-18-18,12/MAR/2003,Fertilizante compuesto mezclado NPK — Granulado (aplicación al suelo),"Urea granulada, Fosfato diamónico, Cloruro de potasio, Carbonato de calcio, Silicato de magnesio (serpentina)",,Metales pesados: Por debajo de los límites permitidos en la norma ICA.,Nitrógeno Total (N): 18.00 %; Nitrógeno Amoniacal (N): 6.20 %; Nitrógeno Ureico (N): 11.80 %; Fósforo Asimilable (P₂O₅): 18.00 %; Potasio Soluble en Agua (K₂O): 18.00 %; Calcio Soluble en HCl (CaO): 2.00 %; Magnesio Soluble en HCl (MgO): 1.20 %; Silicio Total (SiO₂): 1.60 %,18.00 %,6.20 %,,11.80 %,,,,18.00 %,,,,18.00 %,,,,,,2.00 %,,,,,1.20 %,,,,,,,,,,,,,,,,,,,,1.60 %,,,,,,,,,,,,,,,,,,,,,,,,
5060,CALFERQUIM 17-6-18-2(MgO),11/MAY/2005,Fertilizante compuesto mezclado NPK — Granulado (aplicación al suelo),"Urea, Fosfato diamónico, Cloruro de potasio, Sulfato de magnesio",Carbonato de calcio,Metales pesados: Por debajo de los límites permitidos en la norma ICA.,Nitrógeno Total (N): 17.00 %; Nitrógeno Amoniacal (N): 2.30 %; Nitrógeno Ureico (N): 14.70 %; Fósforo Asimilable (P₂O₅): 6.00 %; Potasio Soluble en Agua (K₂O): 18.00 %; Magnesio (MgO): 2.00 %,17.00 %,2.30 %,,14.70 %,,,,6.00 %,,,,18.00 %,,,,,,,,,,,,2.00 %,,,,,,,,,,,,,,,,,,,,,,,,,,,,,,,,,,,,,,,,,,,
5791,CALFERCOBRE,01/MAR/2007,Fertilizante inorgánico — Polvo (aplicación al suelo),Sulfato de cobre pentahidratado,,Metales pesados: Por debajo de los límites permitidos en la norma ICA.,Cobre Total (Cu): 25.00 %; Azufre Total (S): 12.00 %,,,,,,,,,,,,,,,,,,,,,,,,,12.00 %,,,,,,,25.00 %,,,,,,,,,,,,,,,,,,,,,,,,,,,,,,,,,,,
5867,CALFERMAGNESIO,28/JUN/2007,Fertilizante inorgánico — Polvo soluble (aplicación al suelo),Sulfato de magnesio heptahidratado,,Metales pesados: Por debajo de los límites permitidos en la norma ICA.,Magnesio (MgO): 16.00 %; Azufre (S): 12.50 %,,,,,,,,,,,,,,,,,,,,,,,,16.00 %,,,12.50 %,,,,,,,,,,,,,,,,,,,,,,,,,,,,,,,,,,,,,,,,
5884,BIOPLANTAS,19/JUL/2007,Fertilizante orgánico — Polvo (aplicación al suelo),Compost de residuos de caña de azúcar,,Salmonella: Ausente en 25g de producto; Enterobacterias totales: < 10 UFC/g de producto; Metales pesados: Por debajo de los límites permitidos en la norma ICA.,Nitrógeno Total (N): 1.00 %; Nitrógeno Orgánico (N): 1.00 %; Fósforo Total (P₂O₅): 1.00 %; Potasio Total (K₂O): 1.50 %; Carbono Orgánico Oxidable Total: 16.00 %; Relación Carbono Nitrógeno: 13.00; Cenizas: 13.00 %; Humedad: 30.00 %; pH en Solución al 10%: 8.50; Densidad: 0.39 g/cm³; Capacidad de Intercambio Catiónico: 36.46 meq/100 g; Capacidad de Retención de Humedad: 110.00 %; Conductividad Eléctrica (dS/m): 4.78 dS/m,1.00 %,,,,1.00 %,1.00 %,,,,,1.50 %,,,,,,,,,,,,,,,,,,,,,,,,,,,,,,,,,,,,,,,,,,16.00 %,13.00,13.00 %,30.00 %,,8.50,,4.78 dS/m,0.39 g/cm³,,36.46 meq/100 g,110.00 %,,,
9386,FERTILIZANTE 25-4-24,23/MAY/2014,Fertilizante compuesto mezclado NPK — Granulado (aplicación al suelo),"Urea, fosfato diamónico y cloruro de potasio.",,Metales pesados: Por debajo de los límites permitidos en la norma ICA.,Nitrógeno Total (N): 25.00 %; Nitrógeno Amoniacal (N): 23.50 %; Nitrógeno Ureico (N): 1.50 %; Fósforo Asimilable (P₂O₅): 4.00 %; Potasio Soluble en Agua (K₂O): 24.00 %; Humedad Máxima: 2.00 %,25.00 %,23.50 %,,1.50 %,,,,4.00 %,,,,24.00 %,,,,,,,,,,,,,,,,,,,,,,,,,,,,,,,,,,,,,,,,,,,,,2.00 %,,,,,,,,,,
13446,RAIFOS 20,17/NOV/2023,Fertilizante orgánico mineral — Granulado (aplicación al suelo),"Fosfato monoamónico, roca fosfórica, carbonato de calcio, kieserita y Biorganik (carbono orgánico), N, P₂O₅, K₂O, CaO, MgO, S, SiO₂",,Enterobacterias: < 10 UFC/g; Salmonella: Ausencia/25 g; Coliformes Totales: < 1.8 NMP/g; Huevos de Helmintos: < 1 Huevo/4g ST; Metales pesados: Por debajo de los límites permitidos en la norma ICA.,Fósforo Total (P₂O₅): 20.31 %; Fósforo Asimilable (P₂O₅): 5.47 %; Fósforo de Lenta Asimilación (P₂O₅)***: 14.84 %; Calcio Total (CaO)***: 23.15 %; Calcio Soluble en Agua (CaO)***: 0.47 %; Magnesio Total (MgO): 1.56 %; Magnesio Soluble en Agua (MgO): 0.91 %; Azufre Total (S): 1.10 %; Azufre Soluble en Agua (S): 1.03 %; Silicio Total (SiO₂)***: 21.32 %; Silicio Soluble en Agua (SiO₂)***: 0.02 %; Sodio Total (Na): 0.19 %; Carbono Orgánico Oxidable: 5.06 %; Residuo Insoluble en ácido: 22.29 %; Humedad Máxima: 2.29 %,,,,,,20.31 %,,5.47 %,,14.84 %,,,,,23.15 %,,0.47 %,,1.56 %,,0.91 %,,,,1.10 %,1.03 %,,,,,,,,,,,,,,,,,,,21.32 %,,,0.02 %,,0.19 %,,5.06 %,,,,,2.29 %,,,,,,,,,,22.29 %
13702,ZUELOCA,17/JUN/2024,Fertilizante simple K — Granulado (aplicación al suelo),"Sulfato de calcio, cal dolomita, cloruro de potasio, kieserita, silicato de magnesio, ulexita",Caolín,Metales pesados: Por debajo de los límites permitidos en la norma ICA.,Potasio Soluble en Agua (K₂O): 3.00 %; Calcio Total (CaO)*: 27.22 %; Calcio Soluble en Agua (CaO): 4.59 %; Magnesio Total (MgO)*: 11.54 %; Magnesio Soluble en Agua (MgO): 1.61 %; Azufre Total (S): 3.61 %; Azufre Soluble en Agua (S): 3.06 %; Boro (B): 0.19 %; Silicio Total (SiO₂)*: 3.47 %; Silicio Soluble en Agua (SiO₂): 0.36 %; Humedad Máxima: 1.50 %,,,,,,,,,,,,3.00 %,,27.22 %,,4.59 %,,,,11.54 %,1.61 %,,,,3.61 %,3.06 %,,,0.19 %,,,,,,,,,,,,,,,3.47 %,,,0.36 %,,,,,,,,,,1.50 %,,,,,,,,,,
13749,SULFAK-50,17/JUL/2024,Fertilizante compuesto mezclado PK — Polvo soluble (aplicación al suelo),"Cloruro de potasio, fosfato monopotásico, sulfato de potasio",,Metales pesados: Por debajo de los límites permitidos en la norma ICA.,Fósforo Asimilable (P₂O₅): 3.00 %; Potasio Soluble en Agua (K₂O): 49.50 %; Azufre Total (S): 14.00 %; Humedad Máxima: 0.16 %,,,,,,,,3.00 %,,,,49.50 %,,,,,,,,,,,,,14.00 %,,,,,,,,,,,,,,,,,,,,,,,,,,,,,,,,0.16 %,,,,,,,,,,
13751,SOLURAIFOS,17/JUL/2024,Fertilizante compuesto mezclado NPK — Polvo soluble (aplicación al suelo),"Cloruro de potasio, fosfato de amonio",Dextrosa monohidratada,Metales pesados: Por debajo de los límites permitidos en la norma ICA.,Nitrógeno Total (N): 10.00 %; Nitrógeno Amoniacal (N): 10.00 %; Fósforo Asimilable (P₂O₅): 50.00 %; Potasio Soluble en Agua (K₂O): 10.00 %; Humedad Máxima: 0.13 %,10.00 %,10.00 %,,,,,,50.00 %,,,,10.00 %,,,,,,,,,,,,,,,,,,,,,,,,,,,,,,,,,,,,,,,,,,,,,0.13 %,,,,,,,,,,
13790,PRODUCCION 17,12/AGO/2024,Fertilizante compuesto mezclado NPK — Granulado (aplicación al suelo),"Cloruro de potasio granulado, fosfato diamónico granulado, kieserita granulada, sulfato amónico granulado, urea granulada",Caolín,Metales pesados: Por debajo de los límites permitidos en la norma ICA.,Nitrógeno Total (N): 17.00 %; Nitrógeno Amoniacal (N): 5.00 %; Nitrógeno Ureico (N): 12.00 %; Fósforo Asimilable (P₂O₅): 6.00 %; Potasio Soluble en Agua (K₂O): 16.33 %; Magnesio Soluble en Agua (MgO): 3.50 %; Azufre Total (S): 5.00 %; Humedad Máxima: 1.48 %,17.00 %,5.00 %,,12.00 %,,,,6.00 %,,,,16.33 %,,,,,,,,,3.50 %,,,,5.00 %,,,,,,,,,,,,,,,,,,,,,,,,,,,,,,,,1.48 %,,,,,,,,,,
13801,K2K,20/AGO/2024,Fertilizante orgánico mineral — Granulado (aplicación al suelo),"Biorganik (COOT, K, CaO, S, SiO₂), Sulfato de calcio (yeso agrícola), Cloruro de potasio, Sulfato de potasio",Caolín,Enterobacterias: < 10 UFC/g; Salmonella: Ausencia/25 g; Metales pesados: Por debajo de los límites permitidos en la norma ICA.,Potasio Soluble en Agua (K₂O): 28.76 %; Calcio Total (CaO): 2.84 %; Azufre Total (S): 3.42 %; Sodio (Na): 0.31 %; Silicio: 1.00 %; Carbono Orgánico Oxidable: 5.07 %; pH en Solución al 10%: 6.31; Conductividad Eléctrica (1:100): 9.48 dS/m; Humedad Máxima: 1.50 %; Densidad Aparente: 0.77 g/cm³,,,,,,,,,,,,28.76 %,2.84 %,,,,,,,,,,,,3.42 %,,,,,,,,,,,,,,,,,,,,,,,,1.00 %,,0.31 %,5.07 %,,,,,1.50 %,6.31,9.48 dS/m,,,0.77 g/cm³,,,,,
13824,CALFER LLENADO 5-15-45,05/SEP/2024,Fertilizante mezclado NPK — Polvo soluble (aplicación al suelo mediante sistema de fertirriego),"Fosfato dipotásico, Sulfato de potasio, Nitrato de potasio, Sulfato magnesio anhidro, Ácido bórico, Sulfato de cobalto, Sulfato de cobre, Sulfato de hierro, Sulfato de manganeso, Molibdato de sodio 39% Mo, Sulfato de zinc",E.D.T.A. y Dióxido de silicio,Metales pesados: Por debajo de los límites permitidos en la norma ICA.,Nitrógeno Total (N): 5.00 %; Nitrógeno Amoniacal (N): 0.26 %; Nitrógeno Nítrico (N): 4.74 %; Fósforo Asimilable (P₂O₅): 15.00 %; Potasio Soluble en Agua (K₂O): 45.00 %; Magnesio Soluble en Agua (MgO)*: 1.00 %; Azufre Soluble en Agua (S): 4.88 %; Boro Soluble en Agua (B): 0.020 %; Cobalto Soluble en Agua (Co)*: 0.002 %; Cobre Soluble en Agua (Cu)*: 0.020 %; Hierro Soluble en Agua (Fe)*: 0.055 %; Manganeso Soluble en Agua (Mn)*: 0.056 %; Molibdeno Soluble en Agua (Mo): 0.005 %; Zinc Soluble en Agua (Zn)*: 0.020 %; pH en Solución al 10%: 7.46; Conductividad Eléctrica (1:100): 10.04 dS/m; Solubilidad en agua a 20°C: 35.91 g/100 ml H₂O; Humedad Máxima: 1.30 %,5.00 %,0.26 %,4.74 %,,,,,15.00 %,,,,45.00 %,,,,,,,,,,1.00 %,,,,4.88 %,,0.020 %,,,0.002 %,,,0.020 %,,0.055 %,,0.056 %,0.005 %,,0.020 %,,,,,,,,,,,,,,,,1.30 %,7.46,10.04 dS/m,,,,,,,35.91 g/100 ml H₂O,
13859,2-AVANCE 20-31-10,29/SEP/2024,Fertilizante compuesto complejo NPK — Polvo soluble (aplicación al suelo mediante sistema de fertirriego),"Fosfato de amonio (MAP), Sulfato de amonio (SAM), Nitrato de potasio, Sulfato de magnesio anhidro, Ácido bórico, Sulfato de cobalto, Sulfato de cobre, Sulfato ferroso, Sulfato de manganeso, Molibdato de sodio, Sulfato de zinc",EDTA y Dióxido de silicio,Metales pesados: Por debajo de los límites permitidos en la norma ICA.,Nitrógeno Total (N): 19.50 %; Nitrógeno Amoniacal (N): 6.00 %; Nitrógeno Nítrico (N): 3.00 %; Nitrógeno Ureico (N): 10.50 %; Fósforo Asimilable (P₂O₅): 31.00 %; Potasio Soluble en Agua (K₂O): 10.50 %; Magnesio Soluble en Agua (MgO)*: 1.00 %; Azufre Soluble en Agua (S): 1.05 %; Boro Soluble en Agua (B): 0.020 %; Cobalto Soluble en Agua (Co)*: 0.002 %; Cobre Soluble en Agua (Cu)*: 0.030 %; Hierro Soluble en Agua (Fe)*: 0.080 %; Manganeso Soluble en Agua (Mn)*: 0.090 %; Molibdeno Soluble en Agua (Mo): 0.005 %; Silicio Soluble en Agua (SiO₂): 0.30 %; Zinc Soluble en Agua (Zn)*: 0.020 %; pH en Solución al 10%: 4.04; Conductividad Eléctrica (1:100): 5.83 dS/m; Solubilidad en agua a 20°C: 36.43 g/100 ml H₂O; Humedad Máxima: 1.90 %,19.50 %,6.00 %,3.00 %,10.50 %,,,,31.00 %,,,,10.50 %,,,,,,,,,,1.00 %,,,,1.05 %,,0.020 %,,,0.002 %,,,0.030 %,,0.080 %,,0.090 %,0.005 %,,0.020 %,,,,,,0.30 %,,,,,,,,,,1.90 %,4.04,5.83 dS/m,,,,,,,36.43 g/100 ml H₂O,
13860,CALFER MENORES,29/SEP/2024,Fertilizante inorgánico — Polvo soluble (aplicación al suelo mediante sistema de fertirriego),"Sulfato de magnesio anhidro, Ácido bórico, Sulfato de cobalto, Sulfato de cobre, Sulfato de hierro, Sulfato de manganeso, Molibdato de sodio, Sulfato de zinc",EDTA y Dióxido de silicio,Metales pesados: Por debajo de los límites permitidos en la norma ICA.,Magnesio Soluble en Agua (MgO)*: 8.50 %; Azufre Soluble en Agua (S): 15.00 %; Boro Soluble en Agua (B): 1.00 %; Cobalto Soluble en Agua (Co)*: 0.005 %; Cobre Soluble en Agua (Cu)*: 1.50 %; Hierro Soluble en Agua (Fe)*: 4.00 %; Manganeso Soluble en Agua (Mn)*: 4.00 %; Molibdeno Soluble en Agua (Mo): 0.80 %; Zinc Soluble en Agua (Zn)*: 2.50 %; pH en Solución al 10%: 3.78; Conductividad Eléctrica (1:100): 3.42 dS/m; Solubilidad en agua a 20°C: 31.83 g/100 ml H₂O; Humedad Máxima: 3.37 %,,,,,,,,,,,,,,,,,,,,,,8.50 %,,,,15.00 %,,1.00 %,,,0.005 %,,,1.50 %,,4.00 %,,4.00 %,0.80 %,,2.50 %,,,,,,,,,,,,,,,,3.37 %,3.78,3.42 dS/m,,,,,,,31.83 g/100 ml H₂O,
13867,3-PRODUCTOR 7-13-39,02/OCT/2024,Fertilizante compuesto complejo NPK — Polvo soluble (aplicación al suelo),"Sulfato de amonio (SAM), Nitrato de potasio, Fosfato dipotásico (DKP), Sulfato de potasio, Sulfato de magnesio anhidro, Ácido bórico, Sulfato de cobalto, Sulfato de cobre, Sulfato de hierro, Sulfato de manganeso, Molibdato de sodio, Sulfato de zinc",E.D.T.A. y dióxido de silicio,Metales pesados: Por debajo de los límites permitidos en la norma ICA.,Nitrógeno Total (N): 7.00 %; Nitrógeno Amoniacal (N): 1.00 %; Nitrógeno Nítrico (N): 6.00 %; Fósforo Asimilable (P₂O₅): 12.50 %; Potasio Soluble en Agua (K₂O): 39.50 %; Magnesio Soluble en Agua (MgO): 2.00 %; Azufre Soluble en Agua (S): 4.65 %; Boro Soluble en Agua (B): 0.020 %; Cobalto Soluble en Agua (Co): 0.002 %; Cobre Soluble en Agua (Cu): 0.020 %; Hierro Soluble en Agua (Fe): 0.050 %; Manganeso Soluble en Agua (Mn): 0.050 %; Molibdeno Soluble en Agua (Mo): 0.005 %; Zinc Soluble en Agua (Zn): 0.030 %,7.00 %,1.00 %,6.00 %,,,,,12.50 %,,,,39.50 %,,,,,,,,,2.00 %,,,,,4.65 %,,0.020 %,,0.002 %,,,0.020 %,,0.050 %,,0.050 %,,0.005 %,0.030 %,,,,,,,,,,,,,,,,,,,,,,,,,,,
13871,CALFER FLORACIÓN 10-25-11,07/OCT/2024,Fertilizante compuesto complejo NPK — Polvo soluble (aplicación al suelo),"Fosfato de amonio (MAP), Sulfato de amonio (SAM), Nitrato de potasio, Sulfato de magnesio, Ácido bórico, Sulfato de cobalto, Sulfato de cobre, Sulfato de hierro, Sulfato de manganeso, Molibdato de sodio, Dióxido de silicio, Sulfato de zinc",E.D.T.A. y dextrosa monohidratada,Metales pesados: Por debajo de los límites permitidos en la norma ICA.,Nitrógeno Total (N): 10.00 %; Nitrógeno Amoniacal (N): 7.00 %; Nitrógeno Nítrico (N): 3.00 %; Fósforo Asimilable (P₂O₅): 25.00 %; Potasio Soluble en Agua (K₂O): 11.00 %; Magnesio Soluble en Agua (MgO): 1.00 %; Azufre Soluble en Agua (S): 3.23 %; Boro Soluble en Agua (B): 0.020 %; Cobalto Soluble en Agua (Co): 0.002 %; Cobre Soluble en Agua (Cu): 0.020 %; Hierro Soluble en Agua (Fe): 0.050 %; Manganeso Soluble en Agua (Mn): 0.050 %; Molibdeno Soluble en Agua (Mo): 0.005 %; Silicio Soluble en Agua (SiO₂): 0.620 %; Zinc Soluble en Agua (Zn): 0.020 %,10.00 %,7.00 %,3.00 %,,,,,25.00 %,,,,11.00 %,,,,,,,,,1.00 %,,,,,3.23 %,,0.020 %,,0.002 %,,,0.020 %,,0.050 %,,0.050 %,,0.005 %,0.020 %,,,,,,,0.620 %,,,,,,,,,,,,,,,,,,,,
13872,1-CRECIMIENTO 30-10-10,07/OCT/2024,Fertilizante compuesto complejo NPK — Polvo soluble (aplicación al suelo),"Urea, Fosfato de amonio (MAP), Sulfato de amonio, Nitrato de potasio, Sulfato de magnesio, Ácido bórico, Sulfato de cobalto, Sulfato de cobre, Sulfato de hierro, Sulfato de manganeso, Molibdato de sodio, Sulfato de zinc",E.D.T.A. y dióxido de silicio,Metales pesados: Por debajo de los límites permitidos en la norma ICA.,Nitrógeno Total (N): 30.00 %; Nitrógeno Amoniacal (N): 2.00 %; Nitrógeno Nítrico (N): 3.00 %; Nitrógeno Ureico (N): 25.00 %; Fósforo Asimilable (P₂O₅): 10.50 %; Potasio Soluble en Agua (K₂O): 10.50 %; Magnesio Soluble en Agua (MgO): 0.60 %; Azufre Soluble en Agua (S): 0.58 %; Boro Soluble en Agua (B): 0.020 %; Cobalto Soluble en Agua (Co): 0.003 %; Cobre Soluble en Agua (Cu): 0.020 %; Hierro Soluble en Agua (Fe): 0.050 %; Manganeso Soluble en Agua (Mn): 0.050 %; Molibdeno Soluble en Agua (Mo): 0.005 %; Zinc Soluble en Agua (Zn): 0.020 %,30.00 %,2.00 %,3.00 %,25.00 %,,,,10.50 %,,,,10.50 %,,,,,,,,,0.60 %,,,,,0.58 %,,0.020 %,,0.003 %,,,0.020 %,,0.050 %,,0.050 %,,0.005 %,0.020 %,,,,,,,,,,,,,,,,,,,,,,,,,,,
13883,MAGNE 3,16/OCT/2024,Fertilizante simple K — Granulado (aplicación al suelo),"Cal dolomita, Cloruro de potasio, Kieserita, Óxido de magnesio, Silicato de magnesio",Caolín,Metales pesados: Por debajo de los límites permitidos en la norma ICA.,Potasio Soluble en Agua (K₂O): 3.00 %; Calcio Total (CaO): 4.50 %; Magnesio Total (MgO): 27.00 %; Azufre Total (S): 5.50 %; Silicio Total (SiO₂): 13.00 %,,,,,,,,,,,,3.00 %,4.50 %,,,,,,27.00 %,,,,,,5.50 %,,,,,,,,,,,,,,,,,,13.00 %,,,,,,,,,,,,,,,,,,,,,,,,
13918,ORGANIC-M,29/OCT/2024,Fertilizante orgánico mineral con extracto de algas marinas — Polvo soluble (aplicación al suelo),"Fosfato monopotásico, Nitrato de potasio, Sulfato de magnesio anhidro, Ácido bórico, Sulfato de cobalto, Sulfato de cobre, Sulfato ferroso, Sulfato de manganeso, Molibdato de sodio, Sulfato de zinc, Extracto de algas marinas",Dióxido de silicio,Enterobacterias: < 10 UFC/g; Coliformes Totales: Ausencia/25g y < 1.8 NMP/g; Metales pesados: Por debajo de los límites permitidos en la norma ICA.,Nitrógeno Total (N): 5.03 %; Nitrógeno Nítrico (N): 2.58 %; Nitrógeno Ureico (N): 2.45 %; Fósforo Total (P₂O₅): 5.65 %; Fósforo Asimilable (P₂O₅): 4.87 %; Potasio Soluble en Agua (K₂O): 6.39 %; Calcio Soluble en Agua (CaO): 2.02 %; Magnesio Soluble en Agua (MgO): 1.00 %; Azufre Soluble en Agua (S): 1.00 %; Boro Soluble en Agua (B): 0.001 %; Cobre Soluble en Agua (Cu): 0.01 %; Hierro Soluble en Agua (Fe): 0.02 %; Manganeso Soluble en Agua (Mn): 0.01 %; Molibdeno Soluble en Agua (Mo): 0.005 %; Silicio Total (SiO₂): 0.80 %; Sodio Total (Na): 0.61 %; Carbono Orgánico Oxidable: 15.19 %,5.03 %,,2.58 %,2.45 %,,5.65 %,,4.87 %,,,,6.39 %,,,,2.02 %,,,,,1.00 %,,,,,1.00 %,,0.001 %,,,,,0.01 %,,0.02 %,,0.01 %,,0.005 %,,,,0.80 %,,,,,,,0.61 %,,15.19 %,,,,,,,,,,,,,,,
14125,CALFERCORRECTIVO,14/ABR/2025,Acondicionador inorgánico — Polvo seco (aplicación al suelo),"Cal dolomita, Carbonato de calcio, Silicato de magnesio y Sulfato de calcio",Bentonita gris,Metales pesados: Por debajo de los límites permitidos en la norma ICA.,Calcio Total (CaO): 16.00 %; Magnesio Total (MgO): 14.00 %; Azufre Total (S): 2.50 %; Silicio Total (SiO₂): 14.00 %,,,,,,,,,,,,,16.00 %,,,,,,14.00 %,,,,,,2.50 %,,,,,,,,,,,,,,,,,,14.00 %,,,,,,,,,,,,,,,,,,,,,,,,
