REF_INSUMO;NOMBRE_INS
MP0033;KCL GRANULADO 
PT0031;RAIFOS 20  
PT0431;MFE 41.4-0-6
PT0012;NUCLEO 4  
MP0033;KCL GRANULADO 
PT0431;MFE 41.4-0-6
MP0009;SAM GRANULADO 
PT0150;CARBONITRO 
PT0012;NUCLEO 4  
MP0033;KCL GRANULADO 
PT0031;RAIFOS 20  
PT0430;MFE 43.5-0- 0 - 2.4(S)
PT0443;BORO GRANULADO EN 
PT0431;MFE 41.4-0-6
PT0150;CARBONITRO 
MP0022;DAP GRANULADO 
PT0007;SILIMAGRAN EN  
PT0028;SULFATO DE ZINC AL 22% 
MP0033;KCL GRANULADO 
PT0034;FERTIMENORES  
PT0431;MFE 41.4-0-6
PT0150;CARBONITRO 
MP0009;SAM GRANULADO 
PT0012;NUCLEO 4  
MP0033;KCL GRANULADO 
PT0034;FERTIMENORES  
PT0431;MFE 41.4-0-6
MP0009;SAM GRANULADO 
PT0150;CARBONITRO 
PT0012;NUCLEO 4  
MP0033;KCL GRANULADO 
PT0031;RAIFOS 20  
PT0034;FERTIMENORES  
PT0431;MFE 41.4-0-6
MP0009;SAM GRANULADO 
PT0150;CARBONITRO 
PT0012;NUCLEO 4  
MP0030;AZUFRE MALLA 100 
MP0079;SILICATO DE MAGNESIO 
MP0005;SULFATO DE ZINC 35% 
MP0001;SULFATO DE CALCIO 
MP0080;ROCA FOSFORICA 26% 
MP0092;BENTONITA GRIS 
MP0024;CARBONATO DE CALCIO 
MP0025;CAOLIN GRIS 
MP0028;CAL DOLOMITA 
MP0049;BIOCANECON 
PT0095;CALFERZINC-P 
MP0033;KCL GRANULADO 
PT0031;RAIFOS 20  
PT0430;MFE 43.5-0- 0 - 2.4(S)
PT0065;K2K SN 
MP0009;SAM GRANULADO 
PT0150;CARBONITRO 
MP0029;BORO GRANULADO SN 
PT0012;NUCLEO 4  
MP0033;KCL GRANULADO 
PT0430;MFE 43.5-0- 0 - 2.4(S)
MP0009;SAM GRANULADO 
PT0012;NUCLEO 4  
MP0029;BORO GRANULADO SN 
MP0033;KCL GRANULADO 
MP0009;SAM GRANULADO 
PT0012;NUCLEO 4  
PT0095;CALFERZINC-P 
PT0430;MFE 43.5-0- 0 - 2.4(S)
PT0150;CARBONITRO 
PT0012;NUCLEO 4  
PT0095;CALFERZINC-P 
MP0009;SAM GRANULADO 
MP0033;KCL GRANULADO 
MP0029;BORO GRANULADO SN 
PT0444;MFE 43.5-0- 0 - 2.4(S)+C
MP0033;KCL GRANULADO 
PT0431;MFE 41.4-0-6
MP0022;DAP GRANULADO 
PT0012;NUCLEO 4  
MP0033;KCL GRANULADO 
MP0002;UREA 
MP0016;MAP GRANULADO 
PT0012;NUCLEO 4  
MP0033;KCL GRANULADO 
MP0002;UREA 
MP0016;MAP GRANULADO 
PT0012;NUCLEO 4  
MP0033;KCL GRANULADO 
PT0431;MFE 41.4-0-6
MP0022;DAP GRANULADO 
PT0012;NUCLEO 4  
MP0033;KCL GRANULADO 
MP0002;UREA 
MP0016;MAP GRANULADO 
PT0012;NUCLEO 4  
MP0033;KCL GRANULADO 
PT0431;MFE 41.4-0-6
MP0022;DAP GRANULADO 
PT0012;NUCLEO 4  
MP0033;KCL GRANULADO 
MP0081;UREA PRILLED 
MP0016;MAP GRANULADO 
PT0012;NUCLEO 4  
MP0033;KCL GRANULADO 
PT0431;MFE 41.4-0-6
MP0022;DAP GRANULADO 
PT0012;NUCLEO 4  
MP0033;KCL GRANULADO 
PT0031;RAIFOS 20  
PT0033;ZUELO-CA  
MP0002;UREA 
PT0430;MFE 43.5-0- 0 - 2.4(S)
MP0022;DAP GRANULADO 
PT0007;SILIMAGRAN EN  
PT0012;NUCLEO 4  
MP0022;DAP GRANULADO 
MP0033;KCL GRANULADO 
PT0007;SILIMAGRAN EN  
PT0031;RAIFOS 20  
PT0033;ZUELO-CA  
PT0430;MFE 43.5-0- 0 - 2.4(S)
PT0094;K2K 
PT0095;CALFERZINC-P 
MP0033;KCL GRANULADO 
PT0031;RAIFOS 20  
PT0431;MFE 41.4-0-6
PT0150;CARBONITRO 
MP0009;SAM GRANULADO 
PT0091;ZUELO-CA 
MP0029;BORO GRANULADO SN 
PT0012;NUCLEO 4  
MP0033;KCL GRANULADO 
PT0031;RAIFOS 20  
PT0430;MFE 43.5-0- 0 - 2.4(S)
MP0009;SAM GRANULADO 
MP0022;DAP GRANULADO 
PT0007;SILIMAGRAN EN  
MP0033;KCL GRANULADO 
PT0031;RAIFOS 20  
PT0033;ZUELO-CA  
PT0430;MFE 43.5-0- 0 - 2.4(S)
PT0036;MICRON C 
MP0009;SAM GRANULADO 
MP0022;DAP GRANULADO 
PT0007;SILIMAGRAN EN  
MP0022;DAP GRANULADO 
MP0033;KCL GRANULADO 
MP0009;SAM GRANULADO 
PT0031;RAIFOS 20  
PT0033;ZUELO-CA  
PT0430;MFE 43.5-0- 0 - 2.4(S)
PT0031;RAIFOS 20  
MP0002;UREA 
MP0009;SAM GRANULADO 
PT0150;CARBONITRO 
PT0091;ZUELO-CA 
MP0022;DAP GRANULADO 
MP0033;KCL GRANULADO 
PT0430;MFE 43.5-0- 0 - 2.4(S)
MP0009;SAM GRANULADO 
MP0022;DAP GRANULADO 
PT0007;SILIMAGRAN EN  
MP0033;KCL GRANULADO 
PT0031;RAIFOS 20  
PT0430;MFE 43.5-0- 0 - 2.4(S)
MP0022;DAP GRANULADO 
MP0029;BORO GRANULADO SN 
PT0007;SILIMAGRAN EN  
MP0033;KCL GRANULADO 
PT0031;RAIFOS 20  
PT0033;ZUELO-CA  
PT0431;MFE 41.4-0-6
PT0150;CARBONITRO 
MP0022;DAP GRANULADO 
PT0031;RAIFOS 20  
MP0002;UREA 
MP0009;SAM GRANULADO 
PT0150;CARBONITRO 
MP0022;DAP GRANULADO 
PT0007;SILIMAGRAN EN  
MP0033;KCL GRANULADO 
PT0031;RAIFOS 20  
MP0002;UREA 
MP0009;SAM GRANULADO 
PT0150;CARBONITRO 
MP0022;DAP GRANULADO 
PT0007;SILIMAGRAN EN  
MP0022;DAP GRANULADO 
PT0007;SILIMAGRAN EN  
PT0031;RAIFOS 20  
PT0150;CARBONITRO 
PT0430;MFE 43.5-0- 0 - 2.4(S)
PT0431;MFE 41.4-0-6
PT0033;ZUELO-CA  
MP0022;DAP GRANULADO 
PT0007;SILIMAGRAN EN  
PT0031;RAIFOS 20  
PT0033;ZUELO-CA  
PT0431;MFE 41.4-0-6
PT0430;MFE 43.5-0- 0 - 2.4(S)
PT0150;CARBONITRO 
MP0022;DAP GRANULADO 
PT0093;SILIMAGRAN 
PT0059;RAIFOS 20 SACO 
PT0091;ZUELO-CA 
PT0431;MFE 41.4-0-6
PT0430;MFE 43.5-0- 0 - 2.4(S)
PT0150;CARBONITRO 
MP0033;KCL GRANULADO 
PT0031;RAIFOS 20  
MP0002;UREA 
MP0009;SAM GRANULADO 
PT0150;CARBONITRO 
MP0022;DAP GRANULADO 
PT0007;SILIMAGRAN EN  
PT0012;NUCLEO 4  
MP0033;KCL GRANULADO 
PT0007;SILIMAGRAN EN  
PT0059;RAIFOS 20 SACO 
PT0012;NUCLEO 4  
MP0022;DAP GRANULADO 
PT0430;MFE 43.5-0- 0 - 2.4(S)
PT0431;MFE 41.4-0-6
MP0002;UREA 
PT0150;CARBONITRO 
MP0033;KCL GRANULADO 
PT0031;RAIFOS 20  
PT0007;SILIMAGRAN EN  
PT0017;F.ESPECIAL MF 17-6-18-2-1 
PT0430;MFE 43.5-0- 0 - 2.4(S)
PT0431;MFE 41.4-0-6
PT0150;CARBONITRO 
MP0033;KCL GRANULADO 
PT0033;ZUELO-CA  
PT0430;MFE 43.5-0- 0 - 2.4(S)
MP0016;MAP GRANULADO 
PT0007;SILIMAGRAN EN  
MP0033;KCL GRANULADO 
PT0430;MFE 43.5-0- 0 - 2.4(S)
PT0059;RAIFOS 20 SACO 
MP0022;DAP GRANULADO 
PT0031;RAIFOS 20  
MP0002;UREA 
PT0430;MFE 43.5-0- 0 - 2.4(S)
MP0009;SAM GRANULADO 
PT0150;CARBONITRO 
MP0022;DAP GRANULADO 
PT0007;SILIMAGRAN EN  
MP0033;KCL GRANULADO 
PT0430;MFE 43.5-0- 0 - 2.4(S)
PT0443;BORO GRANULADO EN 
PT0150;CARBONITRO 
MP0022;DAP GRANULADO 
PT0028;SULFATO DE ZINC AL 22% 
MP0033;KCL GRANULADO 
PT0031;RAIFOS 20  
PT0430;MFE 43.5-0- 0 - 2.4(S)
PT0431;MFE 41.4-0-6
PT0065;K2K SN 
PT0150;CARBONITRO 
MP0022;DAP GRANULADO 
MP0029;BORO GRANULADO SN 
PT0007;SILIMAGRAN EN  
PT0028;SULFATO DE ZINC AL 22% 
PT0031;RAIFOS 20  
PT0033;ZUELO-CA  
PT0430;MFE 43.5-0- 0 - 2.4(S)
PT0431;MFE 41.4-0-6
PT0387;DAP GRANULADO 
PT0392;KCL GRANULADO 
PT0150;CARBONITRO 
MP0029;BORO GRANULADO SN 
PT0028;SULFATO DE ZINC AL 22% 
PT0096;FE MAGNE 3 SACO 
MP0033;KCL GRANULADO 
MP0002;UREA 
MP0022;DAP GRANULADO 
PT0012;NUCLEO 4  
PT0034;FERTIMENORES  
MP0002;UREA 
PT0065;K2K SN 
PT0012;NUCLEO 4  
MP0033;KCL GRANULADO 
PT0033;ZUELO-CA  
PT0034;FERTIMENORES  
MP0002;UREA 
MP0022;DAP GRANULADO 
PT0012;NUCLEO 4  
PT0034;FERTIMENORES  
MP0002;UREA 
PT0065;K2K SN 
PT0012;NUCLEO 4  
PT0033;ZUELO-CA  
MP0002;UREA 
MP0022;DAP GRANULADO 
PT0012;NUCLEO 4  
PT0030;FE MAGNE 3  
PT0031;RAIFOS 20  
MP0002;UREA 
PT0065;K2K SN 
MP0009;SAM GRANULADO 
MP0029;BORO GRANULADO SN 
PT0028;SULFATO DE ZINC AL 22% 
MP0033;KCL GRANULADO 
PT0031;RAIFOS 20  
PT0034;FERTIMENORES  
MP0002;UREA 
PT0065;K2K SN 
MP0009;SAM GRANULADO 
MP0022;DAP GRANULADO 
PT0028;SULFATO DE ZINC AL 22% 
MP0033;KCL GRANULADO 
MP0002;UREA 
PT0065;K2K SN 
MP0009;SAM GRANULADO 
MP0002;UREA 
PT0065;K2K SN 
MP0009;SAM GRANULADO 
MP0033;KCL GRANULADO 
PT0031;RAIFOS 20  
MP0002;UREA 
PT0065;K2K SN 
MP0009;SAM GRANULADO 
MP0022;DAP GRANULADO 
PT0012;NUCLEO 4  
MP0033;KCL GRANULADO 
PT0031;RAIFOS 20  
PT0034;FERTIMENORES  
MP0002;UREA 
PT0065;K2K SN 
MP0009;SAM GRANULADO 
MP0016;MAP GRANULADO 
PT0012;NUCLEO 4  
PT0031;RAIFOS 20  
MP0002;UREA 
PT0065;K2K SN 
PT0067;NUCLEO HIERRO 
MP0009;SAM GRANULADO 
PT0020;FORMULACION ESPECIAL BORO 
PT0028;SULFATO DE ZINC AL 22% 
MP0033;KCL GRANULADO 
PT0034;FERTIMENORES  
MP0002;UREA 
PT0065;K2K SN 
MP0009;SAM GRANULADO 
PT0031;RAIFOS 20  
PT0093;SILIMAGRAN 
MP0033;KCL GRANULADO 
MP0002;UREA 
MP0009;SAM GRANULADO 
PT0091;ZUELO-CA 
MP0022;DAP GRANULADO 
PT0031;RAIFOS 20  
MP0033;KCL GRANULADO 
PT0059;RAIFOS 20 SACO 
PT0065;K2K SN 
PT0044;MICRON C-S 
MP0022;DAP GRANULADO 
PT0012;NUCLEO 4  
MP0033;KCL GRANULADO 
PT0034;FERTIMENORES  
MP0002;UREA 
PT0065;K2K SN 
MP0009;SAM GRANULADO 
PT0012;NUCLEO 4  
MP0033;KCL GRANULADO 
MP0002;UREA 
PT0065;K2K SN 
MP0009;SAM GRANULADO 
MP0033;KCL GRANULADO 
PT0034;FERTIMENORES  
MP0002;UREA 
PT0065;K2K SN 
MP0009;SAM GRANULADO 
MP0016;MAP GRANULADO 
PT0012;NUCLEO 4  
PT0031;RAIFOS 20  
MP0033;KCL GRANULADO 
PT0034;FERTIMENORES  
MP0002;UREA 
PT0065;K2K SN 
MP0009;SAM GRANULADO 
MP0022;DAP GRANULADO 
PT0012;NUCLEO 4  
PT0031;RAIFOS 20  
PT0034;FERTIMENORES  
MP0002;UREA 
PT0065;K2K SN 
MP0009;SAM GRANULADO 
MP0037;SULFATO DE POTASIO GRANULADO 
MP0002;UREA 
PT0067;NUCLEO HIERRO 
MP0009;SAM GRANULADO 
PT0020;FORMULACION ESPECIAL BORO 
PT0028;SULFATO DE ZINC AL 22% 
PT0030;FE MAGNE 3  
PT0031;RAIFOS 20  
PT0034;FERTIMENORES  
MP0002;UREA 
PT0065;K2K SN 
MP0009;SAM GRANULADO 
PT0012;NUCLEO 4  
MP0033;KCL GRANULADO 
MP0036;NITRO 
MP0033;KCL GRANULADO 
PT0020;FORMULACION ESPECIAL BORO 
PT0028;SULFATO DE ZINC AL 22% 
MP0033;KCL GRANULADO 
MP0002;UREA 
MP0022;DAP GRANULADO 
PT0012;NUCLEO 4  
MP0033;KCL GRANULADO 
MP0002;UREA 
PT0150;CARBONITRO 
MP0033;KCL GRANULADO 
MP0002;UREA 
PT0150;CARBONITRO 
MP0022;DAP GRANULADO 
MP0029;BORO GRANULADO SN 
PT0028;SULFATO DE ZINC AL 22% 
PT0431;MFE 41.4-0-6
MP0029;BORO GRANULADO SN 
PT0028;SULFATO DE ZINC AL 22% 
MP0033;KCL GRANULADO 
MP0022;DAP GRANULADO 
PT0431;MFE 41.4-0-6
PT0387;DAP GRANULADO 
PT0392;KCL GRANULADO 
MP0029;BORO GRANULADO SN 
PT0028;SULFATO DE ZINC AL 22% 
MP0033;KCL GRANULADO 
MP0002;UREA 
MP0022;DAP GRANULADO 
PT0012;NUCLEO 4  
MP0002;UREA 
MP0001;SULFATO DE CALCIO 
MP0016;MAP GRANULADO 
MP0033;KCL GRANULADO 
MP0022;DAP GRANULADO 
PT0012;NUCLEO 4  
MP0033;KCL GRANULADO 
MP0002;UREA 
MP0022;DAP GRANULADO 
PT0012;NUCLEO 4  
MP0033;KCL GRANULADO 
MP0002;UREA 
MP0022;DAP GRANULADO 
PT0012;NUCLEO 4  
MP0033;KCL GRANULADO 
MP0002;UREA 
MP0022;DAP GRANULADO 
PT0012;NUCLEO 4  
MP0033;KCL GRANULADO 
MP0002;UREA 
MP0022;DAP GRANULADO 
PT0012;NUCLEO 4  
MP0033;KCL GRANULADO 
MP0002;UREA 
MP0022;DAP GRANULADO 
PT0007;SILIMAGRAN EN  
PT0012;NUCLEO 4  
MP0022;DAP GRANULADO 
MP0033;KCL GRANULADO 
PT0012;NUCLEO 4  
PT0007;SILIMAGRAN EN  
PT0431;MFE 41.4-0-6
MP0033;KCL GRANULADO 
PT0012;NUCLEO 4  
PT0431;MFE 41.4-0-6
PT0236;NUCLEO MAGNESIO-SILICIO  
MP0022;DAP GRANULADO 
