dossier,archivo_balance,hoja,fila_excel,materia_prima,kg_ton,pct_100kg
01_1-CRECIMIENTO,01_1-CRECIMIENTO\05_Balance_Masas\3.1-Balance Materia 1-CRECIMIENTO_v2.xlsx,1-CRECIMIENTO 30-10-10,7,UREA,543.5,54.35
01_1-CRECIMIENTO,01_1-CRECIMIENTO\05_Balance_Masas\3.1-Balance Materia 1-CRECIMIENTO_v2.xlsx,1-CRECIMIENTO 30-10-10,8,FOSFATO DE AMONIO (MAP),152.5,15.25
01_1-CRECIMIENTO,01_1-CRECIMIENTO\05_Balance_Masas\3.1-Balance Materia 1-CRECIMIENTO_v2.xlsx,1-CRECIMIENTO 30-10-10,9,SULFATO DE AMONIO (SAM),0.3,0.03
01_1-CRECIMIENTO,01_1-CRECIMIENTO\05_Balance_Masas\3.1-Balance Materia 1-CRECIMIENTO_v2.xlsx,1-CRECIMIENTO 30-10-10,10,NITRATO DE POTASIO (KNO3),232.6,23.26
01_1-CRECIMIENTO,01_1-CRECIMIENTO\05_Balance_Masas\3.1-Balance Materia 1-CRECIMIENTO_v2.xlsx,1-CRECIMIENTO 30-10-10,11,SULFATO MAGNESIO,40,4
01_1-CRECIMIENTO,01_1-CRECIMIENTO\05_Balance_Masas\3.1-Balance Materia 1-CRECIMIENTO_v2.xlsx,1-CRECIMIENTO 30-10-10,12,ACIDO BORICO,1.2,0.12
01_1-CRECIMIENTO,01_1-CRECIMIENTO\05_Balance_Masas\3.1-Balance Materia 1-CRECIMIENTO_v2.xlsx,1-CRECIMIENTO 30-10-10,13,SULFATO DE COBALTO,0.2,0.015
01_1-CRECIMIENTO,01_1-CRECIMIENTO\05_Balance_Masas\3.1-Balance Materia 1-CRECIMIENTO_v2.xlsx,1-CRECIMIENTO 30-10-10,14,SULFATO DE COBRE,0.8,0.08
01_1-CRECIMIENTO,01_1-CRECIMIENTO\05_Balance_Masas\3.1-Balance Materia 1-CRECIMIENTO_v2.xlsx,1-CRECIMIENTO 30-10-10,15,SULFATO DE HIERRO,2.5,0.25
01_1-CRECIMIENTO,01_1-CRECIMIENTO\05_Balance_Masas\3.1-Balance Materia 1-CRECIMIENTO_v2.xlsx,1-CRECIMIENTO 30-10-10,16,SULFATO DE MANGANESO,1.7,0.17
01_1-CRECIMIENTO,01_1-CRECIMIENTO\05_Balance_Masas\3.1-Balance Materia 1-CRECIMIENTO_v2.xlsx,1-CRECIMIENTO 30-10-10,17,MOLIBDATO DE SODIO,0.13,0.013
01_1-CRECIMIENTO,01_1-CRECIMIENTO\05_Balance_Masas\3.1-Balance Materia 1-CRECIMIENTO_v2.xlsx,1-CRECIMIENTO 30-10-10,18,DIÓXIDO SILICIO,2.9,0.29
01_1-CRECIMIENTO,01_1-CRECIMIENTO\05_Balance_Masas\3.1-Balance Materia 1-CRECIMIENTO_v2.xlsx,1-CRECIMIENTO 30-10-10,19,SULFATO DE ZINC,0.6,0.06
01_1-CRECIMIENTO,01_1-CRECIMIENTO\05_Balance_Masas\3.1-Balance Materia 1-CRECIMIENTO_v2.xlsx,1-CRECIMIENTO 30-10-10,21,E.D.T.A,21.07,2.112
01_1-CRECIMIENTO,01_1-CRECIMIENTO\05_Balance_Masas\3.1-C_Balance Materia CRECIMIENTO_240608_v1.xlsx,1-CRECIMIENTO 30-10-10,7,UREA,543.5,54.35
01_1-CRECIMIENTO,01_1-CRECIMIENTO\05_Balance_Masas\3.1-C_Balance Materia CRECIMIENTO_240608_v1.xlsx,1-CRECIMIENTO 30-10-10,8,FOSFATO DE AMONIO (MAP),152.5,15.25
01_1-CRECIMIENTO,01_1-CRECIMIENTO\05_Balance_Masas\3.1-C_Balance Materia CRECIMIENTO_240608_v1.xlsx,1-CRECIMIENTO 30-10-10,9,SULFATO DE AMONIO (SAM),0.3,0.03
01_1-CRECIMIENTO,01_1-CRECIMIENTO\05_Balance_Masas\3.1-C_Balance Materia CRECIMIENTO_240608_v1.xlsx,1-CRECIMIENTO 30-10-10,10,NITRATO DE POTASIO (KNO3),232.6,23.26
01_1-CRECIMIENTO,01_1-CRECIMIENTO\05_Balance_Masas\3.1-C_Balance Materia CRECIMIENTO_240608_v1.xlsx,1-CRECIMIENTO 30-10-10,11,SULFATO MAGNESIO,40,4
01_1-CRECIMIENTO,01_1-CRECIMIENTO\05_Balance_Masas\3.1-C_Balance Materia CRECIMIENTO_240608_v1.xlsx,1-CRECIMIENTO 30-10-10,12,ACIDO BORICO,1.2,0.12
01_1-CRECIMIENTO,01_1-CRECIMIENTO\05_Balance_Masas\3.1-C_Balance Materia CRECIMIENTO_240608_v1.xlsx,1-CRECIMIENTO 30-10-10,13,SULFATO DE COBALTO,0.2,0.015
01_1-CRECIMIENTO,01_1-CRECIMIENTO\05_Balance_Masas\3.1-C_Balance Materia CRECIMIENTO_240608_v1.xlsx,1-CRECIMIENTO 30-10-10,14,SULFATO DE COBRE,0.8,0.08
01_1-CRECIMIENTO,01_1-CRECIMIENTO\05_Balance_Masas\3.1-C_Balance Materia CRECIMIENTO_240608_v1.xlsx,1-CRECIMIENTO 30-10-10,15,SULFATO DE HIERRO,2.5,0.25
01_1-CRECIMIENTO,01_1-CRECIMIENTO\05_Balance_Masas\3.1-C_Balance Materia CRECIMIENTO_240608_v1.xlsx,1-CRECIMIENTO 30-10-10,16,SULFATO DE MANGANESO,1.7,0.17
01_1-CRECIMIENTO,01_1-CRECIMIENTO\05_Balance_Masas\3.1-C_Balance Materia CRECIMIENTO_240608_v1.xlsx,1-CRECIMIENTO 30-10-10,17,MOLIBDATO DE SODIO,0.13,0.013
01_1-CRECIMIENTO,01_1-CRECIMIENTO\05_Balance_Masas\3.1-C_Balance Materia CRECIMIENTO_240608_v1.xlsx,1-CRECIMIENTO 30-10-10,18,SULFATO DE ZINC,0.6,0.06
01_1-CRECIMIENTO,01_1-CRECIMIENTO\05_Balance_Masas\3.1-C_Balance Materia CRECIMIENTO_240608_v1.xlsx,1-CRECIMIENTO 30-10-10,20,E.D.T.A,21.07,2.112
01_1-CRECIMIENTO,01_1-CRECIMIENTO\05_Balance_Masas\3.1-C_Balance Materia CRECIMIENTO_240608_v1.xlsx,1-CRECIMIENTO 30-10-10,21,DIÓXIDO SILICIO,2.9,0.29
02_2-AVANCE,02_2-AVANCE\05_Balance_Masas\3.1-C_Balance MAsa 2-AVANCE_v2.xlsx,2-AVANCE 20-30-10,7,UREA,239.1,23.91
02_2-AVANCE,02_2-AVANCE\05_Balance_Masas\3.1-C_Balance MAsa 2-AVANCE_v2.xlsx,2-AVANCE 20-30-10,8,FOSFATO DE AMONIO (MAP),491.8,49.18
02_2-AVANCE,02_2-AVANCE\05_Balance_Masas\3.1-C_Balance MAsa 2-AVANCE_v2.xlsx,2-AVANCE 20-30-10,9,SULFATO DE AMONIO (SAM),4.7,0.47
02_2-AVANCE,02_2-AVANCE\05_Balance_Masas\3.1-C_Balance MAsa 2-AVANCE_v2.xlsx,2-AVANCE 20-30-10,10,NITRATO DE POTASIO (KNO3),218.9,21.89
02_2-AVANCE,02_2-AVANCE\05_Balance_Masas\3.1-C_Balance MAsa 2-AVANCE_v2.xlsx,2-AVANCE 20-30-10,11,SULFATO MAGNESIO ANHIDRO,31.3,3.13
02_2-AVANCE,02_2-AVANCE\05_Balance_Masas\3.1-C_Balance MAsa 2-AVANCE_v2.xlsx,2-AVANCE 20-30-10,12,ACIDO BORICO,1.2,0.12
02_2-AVANCE,02_2-AVANCE\05_Balance_Masas\3.1-C_Balance MAsa 2-AVANCE_v2.xlsx,2-AVANCE 20-30-10,13,SULFATO DE COBALTO,0.1,0.01
02_2-AVANCE,02_2-AVANCE\05_Balance_Masas\3.1-C_Balance MAsa 2-AVANCE_v2.xlsx,2-AVANCE 20-30-10,14,SULFATO DE COBRE,1.2,0.12
02_2-AVANCE,02_2-AVANCE\05_Balance_Masas\3.1-C_Balance MAsa 2-AVANCE_v2.xlsx,2-AVANCE 20-30-10,15,SULFATO FERROSO,2.7,0.27
02_2-AVANCE,02_2-AVANCE\05_Balance_Masas\3.1-C_Balance MAsa 2-AVANCE_v2.xlsx,2-AVANCE 20-30-10,16,SULFATO DE MANGANESO,2.9,0.29
02_2-AVANCE,02_2-AVANCE\05_Balance_Masas\3.1-C_Balance MAsa 2-AVANCE_v2.xlsx,2-AVANCE 20-30-10,17,MOLIBDATO DE SODIO,0.13,0.013
02_2-AVANCE,02_2-AVANCE\05_Balance_Masas\3.1-C_Balance MAsa 2-AVANCE_v2.xlsx,2-AVANCE 20-30-10,19,SULFATO DE ZINC,0.6,0.06
02_2-AVANCE,02_2-AVANCE\05_Balance_Masas\3.1-C_Balance MAsa 2-AVANCE_v2.xlsx,2-AVANCE 20-30-10,21,E.D.T.A,2.3,0.227
02_2-AVANCE,02_2-AVANCE\05_Balance_Masas\3.1-C_Balance MAsa 2-AVANCE_v2.xlsx,2-AVANCE 20-30-10,22,DIÓXIDO SILICIO,3.1,0.31
02_2-AVANCE,02_2-AVANCE\05_Balance_Masas\3.1_Balance MAsa 2-AVANCE_v2.xlsx,2-AVANCE 20-30-10,7,UREA,239.1,23.91
02_2-AVANCE,02_2-AVANCE\05_Balance_Masas\3.1_Balance MAsa 2-AVANCE_v2.xlsx,2-AVANCE 20-30-10,8,FOSFATO DE AMONIO (MAP),491.8,49.18
02_2-AVANCE,02_2-AVANCE\05_Balance_Masas\3.1_Balance MAsa 2-AVANCE_v2.xlsx,2-AVANCE 20-30-10,9,SULFATO DE AMONIO (SAM),4.7,0.47
02_2-AVANCE,02_2-AVANCE\05_Balance_Masas\3.1_Balance MAsa 2-AVANCE_v2.xlsx,2-AVANCE 20-30-10,10,NITRATO DE POTASIO (KNO3),218.9,21.89
02_2-AVANCE,02_2-AVANCE\05_Balance_Masas\3.1_Balance MAsa 2-AVANCE_v2.xlsx,2-AVANCE 20-30-10,11,SULFATO MAGNESIO ANHIDRO,31.3,3.13
02_2-AVANCE,02_2-AVANCE\05_Balance_Masas\3.1_Balance MAsa 2-AVANCE_v2.xlsx,2-AVANCE 20-30-10,12,ACIDO BORICO,1.2,0.12
02_2-AVANCE,02_2-AVANCE\05_Balance_Masas\3.1_Balance MAsa 2-AVANCE_v2.xlsx,2-AVANCE 20-30-10,13,SULFATO DE COBALTO,0.1,0.01
02_2-AVANCE,02_2-AVANCE\05_Balance_Masas\3.1_Balance MAsa 2-AVANCE_v2.xlsx,2-AVANCE 20-30-10,14,SULFATO DE COBRE,1.2,0.12
02_2-AVANCE,02_2-AVANCE\05_Balance_Masas\3.1_Balance MAsa 2-AVANCE_v2.xlsx,2-AVANCE 20-30-10,15,SULFATO FERROSO,2.7,0.27
02_2-AVANCE,02_2-AVANCE\05_Balance_Masas\3.1_Balance MAsa 2-AVANCE_v2.xlsx,2-AVANCE 20-30-10,16,SULFATO DE MANGANESO,2.9,0.29
02_2-AVANCE,02_2-AVANCE\05_Balance_Masas\3.1_Balance MAsa 2-AVANCE_v2.xlsx,2-AVANCE 20-30-10,17,MOLIBDATO DE SODIO,0.13,0.013
02_2-AVANCE,02_2-AVANCE\05_Balance_Masas\3.1_Balance MAsa 2-AVANCE_v2.xlsx,2-AVANCE 20-30-10,18,DIÓXIDO SILICIO,3.1,0.31
02_2-AVANCE,02_2-AVANCE\05_Balance_Masas\3.1_Balance MAsa 2-AVANCE_v2.xlsx,2-AVANCE 20-30-10,19,SULFATO DE ZINC,0.6,0.06
02_2-AVANCE,02_2-AVANCE\05_Balance_Masas\3.1_Balance MAsa 2-AVANCE_v2.xlsx,2-AVANCE 20-30-10,21,E.D.T.A,2.3,0.227
02_NUCLEO CAMASI,02_NUCLEO CAMASI\05_Balance_Masas\Balance_Masas_NUCLEO CAMASI GRIS X KILO.xlsx,NUCLEO CAMASI GRIS X KILO,7,VINAZA X KILO,100,10
02_NUCLEO CAMASI,02_NUCLEO CAMASI\05_Balance_Masas\Balance_Masas_NUCLEO CAMASI GRIS X KILO.xlsx,NUCLEO CAMASI GRIS X KILO,8,CARBONATO DE CALCIO X KILO,350,35
02_NUCLEO CAMASI,02_NUCLEO CAMASI\05_Balance_Masas\Balance_Masas_NUCLEO CAMASI GRIS X KILO.xlsx,NUCLEO CAMASI GRIS X KILO,9,KIESERITA EN POLVO X KILO,50,5
02_NUCLEO CAMASI,02_NUCLEO CAMASI\05_Balance_Masas\Balance_Masas_NUCLEO CAMASI GRIS X KILO.xlsx,NUCLEO CAMASI GRIS X KILO,10,BENTONITA GRIS X KILO,600,60
02_NUCLEO CAMASI,02_NUCLEO CAMASI\05_Balance_Masas\Balance_Masas_NUCLEO CAMASI ROJO X KILO.xlsx,NUCLEO CAMASI ROJO X KILO,7,BENTONITA ROJA X KILO,600,60
02_NUCLEO CAMASI,02_NUCLEO CAMASI\05_Balance_Masas\Balance_Masas_NUCLEO CAMASI ROJO X KILO.xlsx,NUCLEO CAMASI ROJO X KILO,8,CARBONATO DE CALCIO X KILO,350,35
02_NUCLEO CAMASI,02_NUCLEO CAMASI\05_Balance_Masas\Balance_Masas_NUCLEO CAMASI ROJO X KILO.xlsx,NUCLEO CAMASI ROJO X KILO,9,KIESERITA EN POLVO X KILO,50,5
02_NUCLEO CAMASI,02_NUCLEO CAMASI\05_Balance_Masas\Balance_Masas_NUCLEO CAMASI ROJO X KILO.xlsx,NUCLEO CAMASI ROJO X KILO,10,VINAZA X KILO,100,10
03_3-PRODUCTOR,03_3-PRODUCTOR\05_Balance_Masas\3.1-C_Balance Masa 3-PRODUCTOR_v2.xlsx,3-PRODUCTOR 7-12-40,7,SULFATO DE AMONIO (SAM),32.2,3.22
03_3-PRODUCTOR,03_3-PRODUCTOR\05_Balance_Masas\3.1-C_Balance Masa 3-PRODUCTOR_v2.xlsx,3-PRODUCTOR 7-12-40,8,NITRATO DE POTASIO,465.2,46.52
03_3-PRODUCTOR,03_3-PRODUCTOR\05_Balance_Masas\3.1-C_Balance Masa 3-PRODUCTOR_v2.xlsx,3-PRODUCTOR 7-12-40,9,FOSFATO DIPOTASICO (DKP),258.7,25.87
03_3-PRODUCTOR,03_3-PRODUCTOR\05_Balance_Masas\3.1-C_Balance Masa 3-PRODUCTOR_v2.xlsx,3-PRODUCTOR 7-12-40,10,SULFATO DE POTASIO,120.6,12.06
03_3-PRODUCTOR,03_3-PRODUCTOR\05_Balance_Masas\3.1-C_Balance Masa 3-PRODUCTOR_v2.xlsx,3-PRODUCTOR 7-12-40,11,SULFATO DE MAGNESIO ANHIDRO,62.5,6.25
03_3-PRODUCTOR,03_3-PRODUCTOR\05_Balance_Masas\3.1-C_Balance Masa 3-PRODUCTOR_v2.xlsx,3-PRODUCTOR 7-12-40,12,ACIDO BORICO,1.2,0.12
03_3-PRODUCTOR,03_3-PRODUCTOR\05_Balance_Masas\3.1-C_Balance Masa 3-PRODUCTOR_v2.xlsx,3-PRODUCTOR 7-12-40,13,SULFATO DE COBALTO,0.1,0.01
03_3-PRODUCTOR,03_3-PRODUCTOR\05_Balance_Masas\3.1-C_Balance Masa 3-PRODUCTOR_v2.xlsx,3-PRODUCTOR 7-12-40,14,SULFATO DE COBRE,0.8,0.08
03_3-PRODUCTOR,03_3-PRODUCTOR\05_Balance_Masas\3.1-C_Balance Masa 3-PRODUCTOR_v2.xlsx,3-PRODUCTOR 7-12-40,15,SULFATO DE HIERRO,2.5,0.25
03_3-PRODUCTOR,03_3-PRODUCTOR\05_Balance_Masas\3.1-C_Balance Masa 3-PRODUCTOR_v2.xlsx,3-PRODUCTOR 7-12-40,16,SULFATO DE MANGANESO,1.7,0.17
03_3-PRODUCTOR,03_3-PRODUCTOR\05_Balance_Masas\3.1-C_Balance Masa 3-PRODUCTOR_v2.xlsx,3-PRODUCTOR 7-12-40,17,MOLIBDATO DE SODIO,0.13,0.013
03_3-PRODUCTOR,03_3-PRODUCTOR\05_Balance_Masas\3.1-C_Balance Masa 3-PRODUCTOR_v2.xlsx,3-PRODUCTOR 7-12-40,18,SULFATO DE ZINC,0.9,0.085
03_3-PRODUCTOR,03_3-PRODUCTOR\05_Balance_Masas\3.1-C_Balance Masa 3-PRODUCTOR_v2.xlsx,3-PRODUCTOR 7-12-40,20,E.D.T.A,50.37,5.042
03_3-PRODUCTOR,03_3-PRODUCTOR\05_Balance_Masas\3.1-C_Balance Masa 3-PRODUCTOR_v2.xlsx,3-PRODUCTOR 7-12-40,21,DIÓXIDO SILICIO,3.1,0.31
03_3-PRODUCTOR,03_3-PRODUCTOR\05_Balance_Masas\3.1_Balance Masa 3-PRODUCTOR_v2.xlsx,3-PRODUCTOR 7-12-40,7,SULFATO DE AMONIO (SAM),32.2,3.22
03_3-PRODUCTOR,03_3-PRODUCTOR\05_Balance_Masas\3.1_Balance Masa 3-PRODUCTOR_v2.xlsx,3-PRODUCTOR 7-12-40,8,NITRATO DE POTASIO,465.2,46.52
03_3-PRODUCTOR,03_3-PRODUCTOR\05_Balance_Masas\3.1_Balance Masa 3-PRODUCTOR_v2.xlsx,3-PRODUCTOR 7-12-40,9,FOSFATO DIPOTASICO (DKP),258.7,25.87
03_3-PRODUCTOR,03_3-PRODUCTOR\05_Balance_Masas\3.1_Balance Masa 3-PRODUCTOR_v2.xlsx,3-PRODUCTOR 7-12-40,10,SULFATO DE POTASIO,120.6,12.06
03_3-PRODUCTOR,03_3-PRODUCTOR\05_Balance_Masas\3.1_Balance Masa 3-PRODUCTOR_v2.xlsx,3-PRODUCTOR 7-12-40,11,SULFATO DE MAGNESIO ANHIDRO,62.5,6.25
03_3-PRODUCTOR,03_3-PRODUCTOR\05_Balance_Masas\3.1_Balance Masa 3-PRODUCTOR_v2.xlsx,3-PRODUCTOR 7-12-40,12,ACIDO BORICO,1.2,0.12
03_3-PRODUCTOR,03_3-PRODUCTOR\05_Balance_Masas\3.1_Balance Masa 3-PRODUCTOR_v2.xlsx,3-PRODUCTOR 7-12-40,13,SULFATO DE COBALTO,0.1,0.01
03_3-PRODUCTOR,03_3-PRODUCTOR\05_Balance_Masas\3.1_Balance Masa 3-PRODUCTOR_v2.xlsx,3-PRODUCTOR 7-12-40,14,SULFATO DE COBRE,0.8,0.08
03_3-PRODUCTOR,03_3-PRODUCTOR\05_Balance_Masas\3.1_Balance Masa 3-PRODUCTOR_v2.xlsx,3-PRODUCTOR 7-12-40,15,SULFATO DE HIERRO,2.5,0.25
03_3-PRODUCTOR,03_3-PRODUCTOR\05_Balance_Masas\3.1_Balance Masa 3-PRODUCTOR_v2.xlsx,3-PRODUCTOR 7-12-40,16,SULFATO DE MANGANESO,1.7,0.17
03_3-PRODUCTOR,03_3-PRODUCTOR\05_Balance_Masas\3.1_Balance Masa 3-PRODUCTOR_v2.xlsx,3-PRODUCTOR 7-12-40,17,MOLIBDATO DE SODIO,0.13,0.013
03_3-PRODUCTOR,03_3-PRODUCTOR\05_Balance_Masas\3.1_Balance Masa 3-PRODUCTOR_v2.xlsx,3-PRODUCTOR 7-12-40,18,DIÓXIDO SILICIO,3.1,0.31
03_3-PRODUCTOR,03_3-PRODUCTOR\05_Balance_Masas\3.1_Balance Masa 3-PRODUCTOR_v2.xlsx,3-PRODUCTOR 7-12-40,19,SULFATO DE ZINC,0.9,0.085
03_3-PRODUCTOR,03_3-PRODUCTOR\05_Balance_Masas\3.1_Balance Masa 3-PRODUCTOR_v2.xlsx,3-PRODUCTOR 7-12-40,21,E.D.T.A,50.37,5.042
03_NUCLEO 4,03_NUCLEO 4\05_Balance_Masas\Balance_Masas_NUCLEO 4 X KILO.xlsx,NUCLEO 4 X KILO,7,CAL DOLOMITA X KILO,100,10
03_NUCLEO 4,03_NUCLEO 4\05_Balance_Masas\Balance_Masas_NUCLEO 4 X KILO.xlsx,NUCLEO 4 X KILO,8,SILICATO DE MAGNESIO X KILO,400,40
03_NUCLEO 4,03_NUCLEO 4\05_Balance_Masas\Balance_Masas_NUCLEO 4 X KILO.xlsx,NUCLEO 4 X KILO,9,CARBONATO DE CALCIO X KILO,250,25
03_NUCLEO 4,03_NUCLEO 4\05_Balance_Masas\Balance_Masas_NUCLEO 4 X KILO.xlsx,NUCLEO 4 X KILO,10,SULFATO DE CALCIO X KILO,150,15
03_NUCLEO 4,03_NUCLEO 4\05_Balance_Masas\Balance_Masas_NUCLEO 4 X KILO.xlsx,NUCLEO 4 X KILO,11,KIESERITA EN POLVO X KILO,100,10
04_10-20-20,04_10-20-20\05_Balance_Masas\3.1_Balance Masa TODERO_v4_5.xlsx,TODERO,7,UREA,369,36.9
04_10-20-20,04_10-20-20\05_Balance_Masas\3.1_Balance Masa TODERO_v4_5.xlsx,TODERO,8,FOSFATO MONOAMONICO (MAP),74.5,7.45
04_10-20-20,04_10-20-20\05_Balance_Masas\3.1_Balance Masa TODERO_v4_5.xlsx,TODERO,9,FOSFATO MONOPOTASICO (MKP),31.8,3.18
04_10-20-20,04_10-20-20\05_Balance_Masas\3.1_Balance Masa TODERO_v4_5.xlsx,TODERO,10,FOSFATO DIPOTASICO (DKP),343.5,34.35
04_10-20-20,04_10-20-20\05_Balance_Masas\3.1_Balance Masa TODERO_v4_5.xlsx,TODERO,11,SULFATO MAGNESIO ANHIDRO,32.5,3.25
04_10-20-20,04_10-20-20\05_Balance_Masas\3.1_Balance Masa TODERO_v4_5.xlsx,TODERO,12,SULFATO DE COBRE,1.2,0.12
04_10-20-20,04_10-20-20\05_Balance_Masas\3.1_Balance Masa TODERO_v4_5.xlsx,TODERO,13,SULFATO FERROSO MONOHIDRATO,3.5,0.35
04_10-20-20,04_10-20-20\05_Balance_Masas\3.1_Balance Masa TODERO_v4_5.xlsx,TODERO,14,SULFATO DE MANGANESO,1,0.1
04_10-20-20,04_10-20-20\05_Balance_Masas\3.1_Balance Masa TODERO_v4_5.xlsx,TODERO,15,SULFATO DE ZINC,2,0.2
04_10-20-20,04_10-20-20\05_Balance_Masas\3.1_Balance Masa TODERO_v4_5.xlsx,TODERO,16,QUITINA ORGÁNICA (HYT-C),108,10.8
04_10-20-20,04_10-20-20\05_Balance_Masas\3.1_Balance Masa TODERO_v4_5.xlsx,TODERO,17,VINAZA (BIORGANIK),33,3.3
04_10-20-20,04_10-20-20\05_Balance_Masas\3_Balance Materias Primas 10-20-20.xlsx,bm_mf_10-20-20,8,UREA,75,7.5
04_10-20-20,04_10-20-20\05_Balance_Masas\3_Balance Materias Primas 10-20-20.xlsx,bm_mf_10-20-20,9,SAM,25,2.5
04_10-20-20,04_10-20-20\05_Balance_Masas\3_Balance Materias Primas 10-20-20.xlsx,bm_mf_10-20-20,10,KCL,330,33
04_10-20-20,04_10-20-20\05_Balance_Masas\3_Balance Materias Primas 10-20-20.xlsx,bm_mf_10-20-20,11,DAP,320,32
04_10-20-20,04_10-20-20\05_Balance_Masas\3_Balance Materias Primas 10-20-20.xlsx,bm_mf_10-20-20,12,RAIFOS20,250,25
04_25-4-24,04_25-4-24\05_Balance_Masas\Balance_Masas_MF 25-4-24 l0.xlsx,MF 25-4-24 X KILO,7,UREA X KILO,490,49
04_25-4-24,04_25-4-24\05_Balance_Masas\Balance_Masas_MF 25-4-24 l0.xlsx,MF 25-4-24 X KILO,8,DAP GRANULADO X KILO,80,8
04_25-4-24,04_25-4-24\05_Balance_Masas\Balance_Masas_MF 25-4-24 l0.xlsx,MF 25-4-24 X KILO,9,KCL GRANULADO X KILO,390,39
04_25-4-24,04_25-4-24\05_Balance_Masas\Balance_Masas_MF 25-4-24 l0.xlsx,MF 25-4-24 X KILO,10,NUCLEO 4 X KILO,40,4
04_25-4-24,04_25-4-24\05_Balance_Masas\Balance_Masas_MF 25-4-24 l1.xlsx,MF 25-4-24 X KILO,7,41.4-0-16,540,54
04_25-4-24,04_25-4-24\05_Balance_Masas\Balance_Masas_MF 25-4-24 l1.xlsx,MF 25-4-24 X KILO,8,DAP GRANULADO X KILO,70,7
04_25-4-24,04_25-4-24\05_Balance_Masas\Balance_Masas_MF 25-4-24 l1.xlsx,MF 25-4-24 X KILO,9,KCL GRANULADO X KILO,320,32
04_25-4-24,04_25-4-24\05_Balance_Masas\Balance_Masas_MF 25-4-24 l1.xlsx,MF 25-4-24 X KILO,10,NUCLEO 4 X KILO,70,7
04_25-4-24,04_25-4-24\05_Balance_Masas\Balance_Masas_MF 25-4-24 X KILO.xlsx,MF 25-4-24 X KILO,7,UREA X KILO,460,46
04_25-4-24,04_25-4-24\05_Balance_Masas\Balance_Masas_MF 25-4-24 X KILO.xlsx,MF 25-4-24 X KILO,8,DAP GRANULADO X KILO,80,8
04_25-4-24,04_25-4-24\05_Balance_Masas\Balance_Masas_MF 25-4-24 X KILO.xlsx,MF 25-4-24 X KILO,9,KCL GRANULADO X KILO,360,36
04_25-4-24,04_25-4-24\05_Balance_Masas\Balance_Masas_MF 25-4-24 X KILO.xlsx,MF 25-4-24 X KILO,10,NUCLEO 4 X KILO,100,10
04_25-4-24,04_25-4-24\05_Balance_Masas\Balance_Masas_MF 25-4-24 X KILO.xlsx,MF 25-4-24 X KILO,11,EMPAQUES E INERTES,40,4
05_10-30-10,05_10-30-10\05_Balance_Masas\3.1_Balance Masa TODERO_v4_5.xlsx,TODERO,7,UREA,369,36.9
05_10-30-10,05_10-30-10\05_Balance_Masas\3.1_Balance Masa TODERO_v4_5.xlsx,TODERO,8,FOSFATO MONOAMONICO (MAP),74.5,7.45
05_10-30-10,05_10-30-10\05_Balance_Masas\3.1_Balance Masa TODERO_v4_5.xlsx,TODERO,9,FOSFATO MONOPOTASICO (MKP),31.8,3.18
05_10-30-10,05_10-30-10\05_Balance_Masas\3.1_Balance Masa TODERO_v4_5.xlsx,TODERO,10,FOSFATO DIPOTASICO (DKP),343.5,34.35
05_10-30-10,05_10-30-10\05_Balance_Masas\3.1_Balance Masa TODERO_v4_5.xlsx,TODERO,11,SULFATO MAGNESIO ANHIDRO,32.5,3.25
05_10-30-10,05_10-30-10\05_Balance_Masas\3.1_Balance Masa TODERO_v4_5.xlsx,TODERO,12,SULFATO DE COBRE,1.2,0.12
05_10-30-10,05_10-30-10\05_Balance_Masas\3.1_Balance Masa TODERO_v4_5.xlsx,TODERO,13,SULFATO FERROSO MONOHIDRATO,3.5,0.35
05_10-30-10,05_10-30-10\05_Balance_Masas\3.1_Balance Masa TODERO_v4_5.xlsx,TODERO,14,SULFATO DE MANGANESO,1,0.1
05_10-30-10,05_10-30-10\05_Balance_Masas\3.1_Balance Masa TODERO_v4_5.xlsx,TODERO,15,SULFATO DE ZINC,2,0.2
05_10-30-10,05_10-30-10\05_Balance_Masas\3.1_Balance Masa TODERO_v4_5.xlsx,TODERO,16,QUITINA ORGÁNICA (HYT-C),108,10.8
05_10-30-10,05_10-30-10\05_Balance_Masas\3.1_Balance Masa TODERO_v4_5.xlsx,TODERO,17,VINAZA (BIORGANIK),33,3.3
05_10-30-10,05_10-30-10\05_Balance_Masas\3_Balance Materias Primas 10-30-10.xlsx,bm_mf_10-30-10,8,UREA,20,2
05_10-30-10,05_10-30-10\05_Balance_Masas\3_Balance Materias Primas 10-30-10.xlsx,bm_mf_10-30-10,9,KCL,160,16
05_10-30-10,05_10-30-10\05_Balance_Masas\3_Balance Materias Primas 10-30-10.xlsx,bm_mf_10-30-10,10,DAP,510,51
05_10-30-10,05_10-30-10\05_Balance_Masas\3_Balance Materias Primas 10-30-10.xlsx,bm_mf_10-30-10,11,RAIFOS20,310,31
05_10-30-10,05_10-30-10\05_Balance_Masas\Balance_Masas_MF 10-30-10 X KILO.xlsx,MF 10-30-10 X KILO,7,DAP GRANULADO X KILO,600,60
05_10-30-10,05_10-30-10\05_Balance_Masas\Balance_Masas_MF 10-30-10 X KILO.xlsx,MF 10-30-10 X KILO,8,KCL GRANULADO X KILO,150,15
05_10-30-10,05_10-30-10\05_Balance_Masas\Balance_Masas_MF 10-30-10 X KILO.xlsx,MF 10-30-10 X KILO,9,NUCLEO 4 X KILO,250,25
05_10-30-10,05_10-30-10\05_Balance_Masas\Balance_Masas_MF 10-30-10 X KILO.xlsx,MF 10-30-10 X KILO,10,EMPAQUES E INERTES,40,4
05_18-18-18,05_18-18-18\05_Balance_Masas\Balance_Masas_MF 18-18-18 L0.xlsx,MF 18-18-18 X KILO,7,UREA X KILO,220,22
05_18-18-18,05_18-18-18\05_Balance_Masas\Balance_Masas_MF 18-18-18 L0.xlsx,MF 18-18-18 X KILO,8,DAP GRANULADO X KILO,370,37
05_18-18-18,05_18-18-18\05_Balance_Masas\Balance_Masas_MF 18-18-18 L0.xlsx,MF 18-18-18 X KILO,9,KCL GRANULADO X KILO,280,28
05_18-18-18,05_18-18-18\05_Balance_Masas\Balance_Masas_MF 18-18-18 L0.xlsx,MF 18-18-18 X KILO,10,NUCLEO 4 X KILO,130,13
05_18-18-18,05_18-18-18\05_Balance_Masas\Balance_Masas_MF 18-18-18 L1.xlsx,MF 18-18-18 X KILO,7,41.4 – 0 -6,250,25
05_18-18-18,05_18-18-18\05_Balance_Masas\Balance_Masas_MF 18-18-18 L1.xlsx,MF 18-18-18 X KILO,8,DAP GRANULADO X KILO,370,37
05_18-18-18,05_18-18-18\05_Balance_Masas\Balance_Masas_MF 18-18-18 L1.xlsx,MF 18-18-18 X KILO,9,KCL GRANULADO X KILO,250,25
05_18-18-18,05_18-18-18\05_Balance_Masas\Balance_Masas_MF 18-18-18 L1.xlsx,MF 18-18-18 X KILO,10,NUCLEO 4 X KILO,130,13
05_18-18-18,05_18-18-18\05_Balance_Masas\Balance_Masas_MF 18-18-18 X KILO (Copy).xlsx,MF 18-18-18 X KILO,7,UREA X KILO,230,23
05_18-18-18,05_18-18-18\05_Balance_Masas\Balance_Masas_MF 18-18-18 X KILO (Copy).xlsx,MF 18-18-18 X KILO,8,DAP GRANULADO X KILO,350,35
05_18-18-18,05_18-18-18\05_Balance_Masas\Balance_Masas_MF 18-18-18 X KILO (Copy).xlsx,MF 18-18-18 X KILO,9,KCL GRANULADO X KILO,280,28
05_18-18-18,05_18-18-18\05_Balance_Masas\Balance_Masas_MF 18-18-18 X KILO (Copy).xlsx,MF 18-18-18 X KILO,10,NUCLEO 4 X KILO,140,14
06_13-5-27,06_13-5-27\05_Balance_Masas\03_Balance Materias Primas 13-5-27_voff.xlsx,salida,8,UREA - NUTRICION PLANTAS,200,20
06_13-5-27,06_13-5-27\05_Balance_Masas\03_Balance Materias Primas 13-5-27_voff.xlsx,salida,9,MAP - PRECISAGRO,100,10
06_13-5-27,06_13-5-27\05_Balance_Masas\03_Balance Materias Primas 13-5-27_voff.xlsx,salida,10,KCL - NUTRICION PLANTAS,450,45
06_13-5-27,06_13-5-27\05_Balance_Masas\03_Balance Materias Primas 13-5-27_voff.xlsx,salida,11,SAM - PRECISAGRO,150,15
06_13-5-27,06_13-5-27\05_Balance_Masas\03_Balance Materias Primas 13-5-27_voff.xlsx,salida,13,SILICATO DE MAGNESIO - JULIAN SALDARRIAGA,100,10
06_17-6-18-2,06_17-6-18-2\05_Balance_Masas\Balance_Masas_MF 17-6-18-2-1 X KILO (Copy).xlsx,MF 17-6-18-2-1 X KILO,7,UREA X KILO,300,30
06_17-6-18-2,06_17-6-18-2\05_Balance_Masas\Balance_Masas_MF 17-6-18-2-1 X KILO (Copy).xlsx,MF 17-6-18-2-1 X KILO,8,DAP GRANULADO X KILO,110,11
06_17-6-18-2,06_17-6-18-2\05_Balance_Masas\Balance_Masas_MF 17-6-18-2-1 X KILO (Copy).xlsx,MF 17-6-18-2-1 X KILO,9,KCL GRANULADO X KILO,280,28
06_17-6-18-2,06_17-6-18-2\05_Balance_Masas\Balance_Masas_MF 17-6-18-2-1 X KILO (Copy).xlsx,MF 17-6-18-2-1 X KILO,10,NUCLEO 4 X KILO,310,31
06_17-6-18-2,06_17-6-18-2\05_Balance_Masas\Balance_Masas_MF 17-6-18-2-1-L0.xlsx,MF 17-6-18-2-1 X KILO,7,UREA X KILO,300,30
06_17-6-18-2,06_17-6-18-2\05_Balance_Masas\Balance_Masas_MF 17-6-18-2-1-L0.xlsx,MF 17-6-18-2-1 X KILO,8,DAP GRANULADO X KILO,110,11
06_17-6-18-2,06_17-6-18-2\05_Balance_Masas\Balance_Masas_MF 17-6-18-2-1-L0.xlsx,MF 17-6-18-2-1 X KILO,9,KCL GRANULADO X KILO,280,28
06_17-6-18-2,06_17-6-18-2\05_Balance_Masas\Balance_Masas_MF 17-6-18-2-1-L0.xlsx,MF 17-6-18-2-1 X KILO,10,NUCLEO 4 X KILO,310,31
06_17-6-18-2,06_17-6-18-2\05_Balance_Masas\Balance_Masas_MF 17-6-18-2-1-L1.xlsx,MF 17-6-18-2-1 X KILO,7,41.4 – 0 – 6,340,34
06_17-6-18-2,06_17-6-18-2\05_Balance_Masas\Balance_Masas_MF 17-6-18-2-1-L1.xlsx,MF 17-6-18-2-1 X KILO,8,DAP GRANULADO X KILO,110,11
06_17-6-18-2,06_17-6-18-2\05_Balance_Masas\Balance_Masas_MF 17-6-18-2-1-L1.xlsx,MF 17-6-18-2-1 X KILO,9,KCL GRANULADO X KILO,250,25
06_17-6-18-2,06_17-6-18-2\05_Balance_Masas\Balance_Masas_MF 17-6-18-2-1-L1.xlsx,MF 17-6-18-2-1 X KILO,10,NUCLEO 4 X KILO,300,30
07_15-15-15,07_15-15-15\05_Balance_Masas\Balance_Masas_MF 15-15-15 L1.xlsx,MF 15-15-15 X KILO,7,41.4 – 0 – 6,200,20
07_15-15-15,07_15-15-15\05_Balance_Masas\Balance_Masas_MF 15-15-15 L1.xlsx,MF 15-15-15 X KILO,8,DAP GRANULADO X KILO,300,30
07_15-15-15,07_15-15-15\05_Balance_Masas\Balance_Masas_MF 15-15-15 L1.xlsx,MF 15-15-15 X KILO,9,KCL GRANULADO X KILO,210,21
07_15-15-15,07_15-15-15\05_Balance_Masas\Balance_Masas_MF 15-15-15 L1.xlsx,MF 15-15-15 X KILO,10,NUCLEO 4 X KILO,290,29
07_15-15-15,07_15-15-15\05_Balance_Masas\Balance_Masas_MF 15-15-15 X KILO.xlsx,MF 15-15-15 X KILO,7,UREA X KILO,180,18
07_15-15-15,07_15-15-15\05_Balance_Masas\Balance_Masas_MF 15-15-15 X KILO.xlsx,MF 15-15-15 X KILO,8,DAP GRANULADO X KILO,300,30
07_15-15-15,07_15-15-15\05_Balance_Masas\Balance_Masas_MF 15-15-15 X KILO.xlsx,MF 15-15-15 X KILO,9,KCL GRANULADO X KILO,230,23
07_15-15-15,07_15-15-15\05_Balance_Masas\Balance_Masas_MF 15-15-15 X KILO.xlsx,MF 15-15-15 X KILO,10,NUCLEO 4 X KILO,290,29
07_15-15-15,07_15-15-15\05_Balance_Masas\Balance_Masas_MF 15-15-15 X L0.xlsx,MF 15-15-15 X KILO,7,UREA X KILO,180,18
07_15-15-15,07_15-15-15\05_Balance_Masas\Balance_Masas_MF 15-15-15 X L0.xlsx,MF 15-15-15 X KILO,8,DAP GRANULADO X KILO,300,30
07_15-15-15,07_15-15-15\05_Balance_Masas\Balance_Masas_MF 15-15-15 X L0.xlsx,MF 15-15-15 X KILO,9,KCL GRANULADO X KILO,230,23
07_15-15-15,07_15-15-15\05_Balance_Masas\Balance_Masas_MF 15-15-15 X L0.xlsx,MF 15-15-15 X KILO,10,NUCLEO 4 X KILO,290,29
08_BORO GRANULADO,08_BORO GRANULADO\05_Balance_Masas\Balance_Masas_BORO GRANULADO SN X KILO.xlsx,BORO GRANULADO SN X KILO,7,ULEXITA X KILO,850,85
08_BORO GRANULADO,08_BORO GRANULADO\05_Balance_Masas\Balance_Masas_BORO GRANULADO SN X KILO.xlsx,BORO GRANULADO SN X KILO,8,CARBONATO DE CALCIO X KILO,50,5
08_BORO GRANULADO,08_BORO GRANULADO\05_Balance_Masas\Balance_Masas_BORO GRANULADO SN X KILO.xlsx,BORO GRANULADO SN X KILO,9,VINAZA X KILO,100,10
08_BORO GRANULADO,08_BORO GRANULADO\05_Balance_Masas\Balance_Masas_BORO GRANULADO SN X KILO.xlsx,BORO GRANULADO SN X KILO,10,KIESERITA EN POLVO X KILO,50,5
08_BORO GRANULADO,08_BORO GRANULADO\05_Balance_Masas\Balance_Masas_BORO GRANULADO SN X KILO.xlsx,BORO GRANULADO SN X KILO,11,SILICATO DE MAGNESIO X KILO,50,5
13_B-ZINC 15,13_B-ZINC 15\05_Balance_Masas\3.1_BZINC_Balance-materias-primas.xlsx,entrada,6,BENTONITA,130,13
13_B-ZINC 15,13_B-ZINC 15\05_Balance_Masas\3.1_BZINC_Balance-materias-primas.xlsx,entrada,7,KCL ESTÁNDAR,70,7
13_B-ZINC 15,13_B-ZINC 15\05_Balance_Masas\3.1_BZINC_Balance-materias-primas.xlsx,entrada,9,OXIDO ZN,100,10
13_B-ZINC 15,13_B-ZINC 15\05_Balance_Masas\3.1_BZINC_Balance-materias-primas.xlsx,entrada,10,SILICATO MG,150,15
13_B-ZINC 15,13_B-ZINC 15\05_Balance_Masas\3.1_BZINC_Balance-materias-primas.xlsx,entrada,11,SULFATO ZN,270,27
13_B-ZINC 15,13_B-ZINC 15\05_Balance_Masas\3.1_BZINC_Balance-materias-primas.xlsx,entrada,12,ULEXITA,280,28
13_B-ZINC 15,13_B-ZINC 15\05_Balance_Masas\3.1_BZINC_Balance-materias-primas.xlsx,entrada,13,SUMA,1000,100
13_B-ZINC 15,13_B-ZINC 15\05_Balance_Masas\3.1_BZINC_Balance-materias-primas.xlsx,balance materias primas,9,BENTONITA,130,13
13_B-ZINC 15,13_B-ZINC 15\05_Balance_Masas\3.1_BZINC_Balance-materias-primas.xlsx,balance materias primas,10,KCL ESTÁNDAR,70,7
13_B-ZINC 15,13_B-ZINC 15\05_Balance_Masas\3.1_BZINC_Balance-materias-primas.xlsx,balance materias primas,12,OXIDO ZN,100,10
13_B-ZINC 15,13_B-ZINC 15\05_Balance_Masas\3.1_BZINC_Balance-materias-primas.xlsx,balance materias primas,13,SILICATO MG,150,15
13_B-ZINC 15,13_B-ZINC 15\05_Balance_Masas\3.1_BZINC_Balance-materias-primas.xlsx,balance materias primas,14,SULFATO ZN,270,27
13_B-ZINC 15,13_B-ZINC 15\05_Balance_Masas\3.1_BZINC_Balance-materias-primas.xlsx,balance materias primas,15,ULEXITA,280,28
13_B-ZINC 15,13_B-ZINC 15\05_Balance_Masas\3.1_BZINC_Balance-materias-primas.xlsx,salida,9,BENTONITA,130,13
13_B-ZINC 15,13_B-ZINC 15\05_Balance_Masas\3.1_BZINC_Balance-materias-primas.xlsx,salida,10,KCL ESTÁNDAR,70,7
13_B-ZINC 15,13_B-ZINC 15\05_Balance_Masas\3.1_BZINC_Balance-materias-primas.xlsx,salida,12,OXIDO ZN,100,10
13_B-ZINC 15,13_B-ZINC 15\05_Balance_Masas\3.1_BZINC_Balance-materias-primas.xlsx,salida,13,SILICATO MG,150,15
13_B-ZINC 15,13_B-ZINC 15\05_Balance_Masas\3.1_BZINC_Balance-materias-primas.xlsx,salida,14,SULFATO ZN,270,27
13_B-ZINC 15,13_B-ZINC 15\05_Balance_Masas\3.1_BZINC_Balance-materias-primas.xlsx,salida,15,ULEXITA,280,28
17_CALFERCORRECTIVO,17_CALFERCORRECTIVO\05_Balance_Masas\Balance Materias Primas_CALFERCORRECTIVO - v2.xlsx,balance materias primas,8,SULFATO CALCIO - ANIBAL ARANGO,200,20
17_CALFERCORRECTIVO,17_CALFERCORRECTIVO\05_Balance_Masas\Balance Materias Primas_CALFERCORRECTIVO - v2.xlsx,balance materias primas,9,CARBONATO CALCIO - AGROCALES,170,17
17_CALFERCORRECTIVO,17_CALFERCORRECTIVO\05_Balance_Masas\Balance Materias Primas_CALFERCORRECTIVO - v2.xlsx,balance materias primas,10,CAL DOLOMITA - BOLIVARIANA MINERALES,100,10
17_CALFERCORRECTIVO,17_CALFERCORRECTIVO\05_Balance_Masas\Balance Materias Primas_CALFERCORRECTIVO - v2.xlsx,balance materias primas,11,SILICATO MAGNESIO - JULIAN SALDARRIAGA,350,35
17_CALFERCORRECTIVO,17_CALFERCORRECTIVO\05_Balance_Masas\Balance Materias Primas_CALFERCORRECTIVO - v2.xlsx,balance materias primas,13,BENTONITA GRIS - DIDIER HOYOS,180,18
17_CALFERCORRECTIVO,17_CALFERCORRECTIVO\05_Balance_Masas\Balance-materias-primas_ferticorrectivo.xlsx,entrada,6,CARBONATO CA,100,10
17_CALFERCORRECTIVO,17_CALFERCORRECTIVO\05_Balance_Masas\Balance-materias-primas_ferticorrectivo.xlsx,entrada,7,DOLOMITA,100,10
17_CALFERCORRECTIVO,17_CALFERCORRECTIVO\05_Balance_Masas\Balance-materias-primas_ferticorrectivo.xlsx,entrada,8,ROCA FOSFORICA,150,15
17_CALFERCORRECTIVO,17_CALFERCORRECTIVO\05_Balance_Masas\Balance-materias-primas_ferticorrectivo.xlsx,entrada,9,SILICATO MG,450,45
17_CALFERCORRECTIVO,17_CALFERCORRECTIVO\05_Balance_Masas\Balance-materias-primas_ferticorrectivo.xlsx,entrada,10,SULFATO CA,200,20
17_CALFERCORRECTIVO,17_CALFERCORRECTIVO\05_Balance_Masas\Balance-materias-primas_ferticorrectivo.xlsx,entrada,11,SUMA,1000,100
17_CALFERCORRECTIVO,17_CALFERCORRECTIVO\05_Balance_Masas\Balance-materias-primas_ferticorrectivo.xlsx,balance materias primas,9,CARBONATO CALCIO - AGROCALES,100,10
17_CALFERCORRECTIVO,17_CALFERCORRECTIVO\05_Balance_Masas\Balance-materias-primas_ferticorrectivo.xlsx,balance materias primas,10,DOLOMITA - BOLIV. MINERALES,100,10
17_CALFERCORRECTIVO,17_CALFERCORRECTIVO\05_Balance_Masas\Balance-materias-primas_ferticorrectivo.xlsx,balance materias primas,11,ROCA FOSFORICA - FOSFATOS HUILA,150,15
17_CALFERCORRECTIVO,17_CALFERCORRECTIVO\05_Balance_Masas\Balance-materias-primas_ferticorrectivo.xlsx,balance materias primas,12,SILICATO MAGNESIO - JULIAN SALDARRIAGA,450,45
17_CALFERCORRECTIVO,17_CALFERCORRECTIVO\05_Balance_Masas\Balance-materias-primas_ferticorrectivo.xlsx,balance materias primas,13,SULFATO CALCIO - SANTA ROSA,200,20
17_CALFERCORRECTIVO,17_CALFERCORRECTIVO\05_Balance_Masas\Balance-materias-primas_ferticorrectivo.xlsx,salida,9,CARBONATO CALCIO - AGROCALES,100,10
17_CALFERCORRECTIVO,17_CALFERCORRECTIVO\05_Balance_Masas\Balance-materias-primas_ferticorrectivo.xlsx,salida,10,DOLOMITA - BOLIV. MINERALES,100,10
17_CALFERCORRECTIVO,17_CALFERCORRECTIVO\05_Balance_Masas\Balance-materias-primas_ferticorrectivo.xlsx,salida,11,ROCA FOSFORICA - FOSFATOS HUILA,150,15
17_CALFERCORRECTIVO,17_CALFERCORRECTIVO\05_Balance_Masas\Balance-materias-primas_ferticorrectivo.xlsx,salida,12,SILICATO MAGNESIO - JULIAN SALDARRIAGA,450,45
17_CALFERCORRECTIVO,17_CALFERCORRECTIVO\05_Balance_Masas\Balance-materias-primas_ferticorrectivo.xlsx,salida,13,SULFATO CALCIO - SANTA ROSA,200,20
17_CALFERCORRECTIVO,17_CALFERCORRECTIVO\05_Balance_Masas\Balance_Masas_CALFERCORRECTIVO X KILO.xlsx,CALFERCORRECTIVO X KILO,7,ROCA FOSFORICA 26% X KILO,150,15
17_CALFERCORRECTIVO,17_CALFERCORRECTIVO\05_Balance_Masas\Balance_Masas_CALFERCORRECTIVO X KILO.xlsx,CALFERCORRECTIVO X KILO,8,CAL DOLOMITA X KILO,100,10
17_CALFERCORRECTIVO,17_CALFERCORRECTIVO\05_Balance_Masas\Balance_Masas_CALFERCORRECTIVO X KILO.xlsx,CALFERCORRECTIVO X KILO,9,CARBONATO DE CALCIO X KILO,100,10
17_CALFERCORRECTIVO,17_CALFERCORRECTIVO\05_Balance_Masas\Balance_Masas_CALFERCORRECTIVO X KILO.xlsx,CALFERCORRECTIVO X KILO,10,SULFATO DE CALCIO X KILO,200,20
17_CALFERCORRECTIVO,17_CALFERCORRECTIVO\05_Balance_Masas\Balance_Masas_CALFERCORRECTIVO X KILO.xlsx,CALFERCORRECTIVO X KILO,11,SILICATO DE MAGNESIO X KILO,350,35
17_CALFERCORRECTIVO,17_CALFERCORRECTIVO\05_Balance_Masas\Balance_Masas_CALFERCORRECTIVO X KILO.xlsx,CALFERCORRECTIVO X KILO,12,BENTONITA GRIS X KILO,100,10
17_CALFERCORRECTIVO,17_CALFERCORRECTIVO\05_Balance_Masas\Balance_Masas_CALFERCORRECTIVO X KILO.xlsx,CALFERCORRECTIVO X KILO,13,EMPAQUES E INERTES,40,4
18_CAL DESARROLLO,18_CAL DESARROLLO\05_Balance_Masas\3-C_ Balance Materias CALFER DESARROLLO.xlsx,Calfer Desarrollo,7,UREA,337,33.7
18_CAL DESARROLLO,18_CAL DESARROLLO\05_Balance_Masas\3-C_ Balance Materias CALFER DESARROLLO.xlsx,Calfer Desarrollo,8,FOSFATO DE AMONIO (MAP),152.5,15.25
18_CAL DESARROLLO,18_CAL DESARROLLO\05_Balance_Masas\3-C_ Balance Materias CALFER DESARROLLO.xlsx,Calfer Desarrollo,9,SULFATO DE AMONIO (SAM),214.6,21.46
18_CAL DESARROLLO,18_CAL DESARROLLO\05_Balance_Masas\3-C_ Balance Materias CALFER DESARROLLO.xlsx,Calfer Desarrollo,10,NITRATO DE POTASIO (KNO3),232.6,23.26
18_CAL DESARROLLO,18_CAL DESARROLLO\05_Balance_Masas\3-C_ Balance Materias CALFER DESARROLLO.xlsx,Calfer Desarrollo,11,SULFATO MAGNESIO ANHIDRO,31.3,3.13
18_CAL DESARROLLO,18_CAL DESARROLLO\05_Balance_Masas\3-C_ Balance Materias CALFER DESARROLLO.xlsx,Calfer Desarrollo,12,ACIDO BORICO,1.2,0.12
18_CAL DESARROLLO,18_CAL DESARROLLO\05_Balance_Masas\3-C_ Balance Materias CALFER DESARROLLO.xlsx,Calfer Desarrollo,13,SULFATO DE COBALTO,0.1,0.01
18_CAL DESARROLLO,18_CAL DESARROLLO\05_Balance_Masas\3-C_ Balance Materias CALFER DESARROLLO.xlsx,Calfer Desarrollo,14,SULFATO DE COBRE,0.8,0.08
18_CAL DESARROLLO,18_CAL DESARROLLO\05_Balance_Masas\3-C_ Balance Materias CALFER DESARROLLO.xlsx,Calfer Desarrollo,15,SULFATO DE HIERRO,1,0.1
18_CAL DESARROLLO,18_CAL DESARROLLO\05_Balance_Masas\3-C_ Balance Materias CALFER DESARROLLO.xlsx,Calfer Desarrollo,16,SULFATO DE MANGANESO,0.7,0.07
18_CAL DESARROLLO,18_CAL DESARROLLO\05_Balance_Masas\3-C_ Balance Materias CALFER DESARROLLO.xlsx,Calfer Desarrollo,17,MOLIBDATO DE SODIO,0.13,0.013
18_CAL DESARROLLO,18_CAL DESARROLLO\05_Balance_Masas\3-C_ Balance Materias CALFER DESARROLLO.xlsx,Calfer Desarrollo,18,SULFATO DE ZINC,0.6,0.06
18_CAL DESARROLLO,18_CAL DESARROLLO\05_Balance_Masas\3-C_ Balance Materias CALFER DESARROLLO.xlsx,Calfer Desarrollo,20,E.D.T.A,24.57,2.457
18_CAL DESARROLLO,18_CAL DESARROLLO\05_Balance_Masas\3-C_ Balance Materias CALFER DESARROLLO.xlsx,Calfer Desarrollo,21,DIÓXIDO SILICIO,2.9,0.29
19_CALFER FLORACION,19_CALFER FLORACION\05_Balance_Masas\3.1_Balance Materias CALFER FLORACIÓN.xlsx,Calfer Floración,7,FOSFATO DE AMONIO (MAP),398.4,39.84
19_CALFER FLORACION,19_CALFER FLORACION\05_Balance_Masas\3.1_Balance Materias CALFER FLORACIÓN.xlsx,Calfer Floración,8,SULFATO DE AMONIO (SAM),97.9,9.79
19_CALFER FLORACION,19_CALFER FLORACION\05_Balance_Masas\3.1_Balance Materias CALFER FLORACIÓN.xlsx,Calfer Floración,9,NITRATO DE POTASIO (KNO3),232.6,23.26
19_CALFER FLORACION,19_CALFER FLORACION\05_Balance_Masas\3.1_Balance Materias CALFER FLORACIÓN.xlsx,Calfer Floración,10,SULFATO MAGNESIO,66.9,6.69
19_CALFER FLORACION,19_CALFER FLORACION\05_Balance_Masas\3.1_Balance Materias CALFER FLORACIÓN.xlsx,Calfer Floración,11,ACIDO BORICO,1.2,0.12
19_CALFER FLORACION,19_CALFER FLORACION\05_Balance_Masas\3.1_Balance Materias CALFER FLORACIÓN.xlsx,Calfer Floración,12,SULFATO DE COBALTO,0.1,0.01
19_CALFER FLORACION,19_CALFER FLORACION\05_Balance_Masas\3.1_Balance Materias CALFER FLORACIÓN.xlsx,Calfer Floración,13,SULFATO DE COBRE,0.8,0.08
19_CALFER FLORACION,19_CALFER FLORACION\05_Balance_Masas\3.1_Balance Materias CALFER FLORACIÓN.xlsx,Calfer Floración,14,SULFATO DE HIERRO,2.5,0.25
19_CALFER FLORACION,19_CALFER FLORACION\05_Balance_Masas\3.1_Balance Materias CALFER FLORACIÓN.xlsx,Calfer Floración,15,SULFATO DE MANGANESO,1.7,0.17
19_CALFER FLORACION,19_CALFER FLORACION\05_Balance_Masas\3.1_Balance Materias CALFER FLORACIÓN.xlsx,Calfer Floración,16,MOLIBDATO DE SODIO,0.13,0.013
19_CALFER FLORACION,19_CALFER FLORACION\05_Balance_Masas\3.1_Balance Materias CALFER FLORACIÓN.xlsx,Calfer Floración,17,SULFATO DE ZINC,0.6,0.06
19_CALFER FLORACION,19_CALFER FLORACION\05_Balance_Masas\3.1_Balance Materias CALFER FLORACIÓN.xlsx,Calfer Floración,19,E.D.T.A,38.8,3.88
19_CALFER FLORACION,19_CALFER FLORACION\05_Balance_Masas\3.1_Balance Materias CALFER FLORACIÓN.xlsx,Calfer Floración,20,DEXTROSA MONOHIDRATADA,151.9,15.187
19_CALFER FLORACION,19_CALFER FLORACION\05_Balance_Masas\3.1_Balance Materias CALFER FLORACIÓN.xlsx,Calfer Floración,21,DIÓXIDO SILICIO,6.5,0.65
19_CALFER FLORACION,19_CALFER FLORACION\05_Balance_Masas\3.1_Balance Materias CALFER FLORACIÓN.xlsx,Calfer Floración (2),7,FOSFATO DE AMONIO (MAP),398.4,39.84
19_CALFER FLORACION,19_CALFER FLORACION\05_Balance_Masas\3.1_Balance Materias CALFER FLORACIÓN.xlsx,Calfer Floración (2),8,SULFATO DE AMONIO (SAM),97.9,9.79
19_CALFER FLORACION,19_CALFER FLORACION\05_Balance_Masas\3.1_Balance Materias CALFER FLORACIÓN.xlsx,Calfer Floración (2),9,NITRATO DE POTASIO (KNO3),232.6,23.26
19_CALFER FLORACION,19_CALFER FLORACION\05_Balance_Masas\3.1_Balance Materias CALFER FLORACIÓN.xlsx,Calfer Floración (2),10,SULFATO MAGNESIO,66.9,6.69
19_CALFER FLORACION,19_CALFER FLORACION\05_Balance_Masas\3.1_Balance Materias CALFER FLORACIÓN.xlsx,Calfer Floración (2),11,ACIDO BORICO,1.2,0.12
19_CALFER FLORACION,19_CALFER FLORACION\05_Balance_Masas\3.1_Balance Materias CALFER FLORACIÓN.xlsx,Calfer Floración (2),12,SULFATO DE COBALTO,0.1,0.01
19_CALFER FLORACION,19_CALFER FLORACION\05_Balance_Masas\3.1_Balance Materias CALFER FLORACIÓN.xlsx,Calfer Floración (2),13,SULFATO DE COBRE,0.8,0.08
19_CALFER FLORACION,19_CALFER FLORACION\05_Balance_Masas\3.1_Balance Materias CALFER FLORACIÓN.xlsx,Calfer Floración (2),14,SULFATO DE HIERRO,2.5,0.25
19_CALFER FLORACION,19_CALFER FLORACION\05_Balance_Masas\3.1_Balance Materias CALFER FLORACIÓN.xlsx,Calfer Floración (2),15,SULFATO DE MANGANESO,1.7,0.17
19_CALFER FLORACION,19_CALFER FLORACION\05_Balance_Masas\3.1_Balance Materias CALFER FLORACIÓN.xlsx,Calfer Floración (2),16,MOLIBDATO DE SODIO,0.13,0.013
19_CALFER FLORACION,19_CALFER FLORACION\05_Balance_Masas\3.1_Balance Materias CALFER FLORACIÓN.xlsx,Calfer Floración (2),17,SULFATO DE ZINC,0.6,0.06
19_CALFER FLORACION,19_CALFER FLORACION\05_Balance_Masas\3.1_Balance Materias CALFER FLORACIÓN.xlsx,Calfer Floración (2),19,E.D.T.A,38.8,3.88
19_CALFER FLORACION,19_CALFER FLORACION\05_Balance_Masas\3.1_Balance Materias CALFER FLORACIÓN.xlsx,Calfer Floración (2),20,DEXTROSA MONOHIDRATADA,151.9,15.187
19_CALFER FLORACION,19_CALFER FLORACION\05_Balance_Masas\3.1_Balance Materias CALFER FLORACIÓN.xlsx,Calfer Floración (2),21,DIÓXIDO SILICIO,6.5,0.65
20_CALFER LLENADO,20_CALFER LLENADO\05_Balance_Masas\3.1-C_Balance Materias CALFER LLENADO_v2.xlsx,Calfer llenado,7,FOSFATO DIPOTASICO (DKP),339,33.9
20_CALFER LLENADO,20_CALFER LLENADO\05_Balance_Masas\3.1-C_Balance Materias CALFER LLENADO_v2.xlsx,Calfer llenado,8,SULFATO DE POTASIO,217.7,21.77
20_CALFER LLENADO,20_CALFER LLENADO\05_Balance_Masas\3.1-C_Balance Materias CALFER LLENADO_v2.xlsx,Calfer llenado,9,NITRATO DE POTASIO (KNO3),367.7,36.77
20_CALFER LLENADO,20_CALFER LLENADO\05_Balance_Masas\3.1-C_Balance Materias CALFER LLENADO_v2.xlsx,Calfer llenado,10,SULFATO MAGNESIO ANHIDRO,31.3,3.13
20_CALFER LLENADO,20_CALFER LLENADO\05_Balance_Masas\3.1-C_Balance Materias CALFER LLENADO_v2.xlsx,Calfer llenado,11,ACIDO BORICO,1.2,0.12
20_CALFER LLENADO,20_CALFER LLENADO\05_Balance_Masas\3.1-C_Balance Materias CALFER LLENADO_v2.xlsx,Calfer llenado,12,SULFATO DE COBALTO,0.1,0.01
20_CALFER LLENADO,20_CALFER LLENADO\05_Balance_Masas\3.1-C_Balance Materias CALFER LLENADO_v2.xlsx,Calfer llenado,13,SULFATO DE COBRE,1.6,0.16
20_CALFER LLENADO,20_CALFER LLENADO\05_Balance_Masas\3.1-C_Balance Materias CALFER LLENADO_v2.xlsx,Calfer llenado,14,SULFATO DE HIERRO,5,0.5
20_CALFER LLENADO,20_CALFER LLENADO\05_Balance_Masas\3.1-C_Balance Materias CALFER LLENADO_v2.xlsx,Calfer llenado,15,SULFATO DE MANGANESO,3.3,0.33
20_CALFER LLENADO,20_CALFER LLENADO\05_Balance_Masas\3.1-C_Balance Materias CALFER LLENADO_v2.xlsx,Calfer llenado,16,MOLIBDATO DE SODIO,0.14,0.014
20_CALFER LLENADO,20_CALFER LLENADO\05_Balance_Masas\3.1-C_Balance Materias CALFER LLENADO_v2.xlsx,Calfer llenado,18,SULFATO DE ZINC,0.6,0.06
20_CALFER LLENADO,20_CALFER LLENADO\05_Balance_Masas\3.1-C_Balance Materias CALFER LLENADO_v2.xlsx,Calfer llenado,20,E.D.T.A,29.3,2.93
20_CALFER LLENADO,20_CALFER LLENADO\05_Balance_Masas\3.1-C_Balance Materias CALFER LLENADO_v2.xlsx,Calfer llenado,21,DIÓXIDO SILICIO,3.1,0.31
20_CALFER LLENADO,20_CALFER LLENADO\05_Balance_Masas\3.1_Balance Materias CALFER LLENADO_v2.xlsx,Calfer llenado,7,FOSFATO DIPOTASICO (DKP),339,33.9
20_CALFER LLENADO,20_CALFER LLENADO\05_Balance_Masas\3.1_Balance Materias CALFER LLENADO_v2.xlsx,Calfer llenado,8,SULFATO DE POTASIO,217.7,21.77
20_CALFER LLENADO,20_CALFER LLENADO\05_Balance_Masas\3.1_Balance Materias CALFER LLENADO_v2.xlsx,Calfer llenado,9,NITRATO DE POTASIO (KNO3),367.7,36.77
20_CALFER LLENADO,20_CALFER LLENADO\05_Balance_Masas\3.1_Balance Materias CALFER LLENADO_v2.xlsx,Calfer llenado,10,SULFATO MAGNESIO ANHIDRO,31.3,3.13
20_CALFER LLENADO,20_CALFER LLENADO\05_Balance_Masas\3.1_Balance Materias CALFER LLENADO_v2.xlsx,Calfer llenado,11,ACIDO BORICO,1.2,0.12
20_CALFER LLENADO,20_CALFER LLENADO\05_Balance_Masas\3.1_Balance Materias CALFER LLENADO_v2.xlsx,Calfer llenado,12,SULFATO DE COBALTO,0.1,0.01
20_CALFER LLENADO,20_CALFER LLENADO\05_Balance_Masas\3.1_Balance Materias CALFER LLENADO_v2.xlsx,Calfer llenado,13,SULFATO DE COBRE,1.6,0.16
20_CALFER LLENADO,20_CALFER LLENADO\05_Balance_Masas\3.1_Balance Materias CALFER LLENADO_v2.xlsx,Calfer llenado,14,SULFATO DE HIERRO,5,0.5
20_CALFER LLENADO,20_CALFER LLENADO\05_Balance_Masas\3.1_Balance Materias CALFER LLENADO_v2.xlsx,Calfer llenado,15,SULFATO DE MANGANESO,3.3,0.33
20_CALFER LLENADO,20_CALFER LLENADO\05_Balance_Masas\3.1_Balance Materias CALFER LLENADO_v2.xlsx,Calfer llenado,16,MOLIBDATO DE SODIO,0.14,0.014
20_CALFER LLENADO,20_CALFER LLENADO\05_Balance_Masas\3.1_Balance Materias CALFER LLENADO_v2.xlsx,Calfer llenado,17,DIÓXIDO SILICIO,3.1,0.31
20_CALFER LLENADO,20_CALFER LLENADO\05_Balance_Masas\3.1_Balance Materias CALFER LLENADO_v2.xlsx,Calfer llenado,18,SULFATO DE ZINC,0.6,0.06
20_CALFER LLENADO,20_CALFER LLENADO\05_Balance_Masas\3.1_Balance Materias CALFER LLENADO_v2.xlsx,Calfer llenado,22,E.D.T.A,29.3,2.93
22_CALFER MENORES,22_CALFER MENORES\05_Balance_Masas\3.1-C_Balance Materias CALFER MENORES.xlsx,Calfer Menores,7,SULFATO MAGNESIO ANHIDRO,281.4,28.14
22_CALFER MENORES,22_CALFER MENORES\05_Balance_Masas\3.1-C_Balance Materias CALFER MENORES.xlsx,Calfer Menores,8,ACIDO BORICO,57.2,5.72
22_CALFER MENORES,22_CALFER MENORES\05_Balance_Masas\3.1-C_Balance Materias CALFER MENORES.xlsx,Calfer Menores,9,SULFATO DE COBALTO,0.3,0.03
22_CALFER MENORES,22_CALFER MENORES\05_Balance_Masas\3.1-C_Balance Materias CALFER MENORES.xlsx,Calfer Menores,10,SULFATO DE COBRE,60,6
22_CALFER MENORES,22_CALFER MENORES\05_Balance_Masas\3.1-C_Balance Materias CALFER MENORES.xlsx,Calfer Menores,11,SULFATO DE HIERRO,200,20
22_CALFER MENORES,22_CALFER MENORES\05_Balance_Masas\3.1-C_Balance Materias CALFER MENORES.xlsx,Calfer Menores,12,SULFATO DE MANGANESO,129,12.9
22_CALFER MENORES,22_CALFER MENORES\05_Balance_Masas\3.1-C_Balance Materias CALFER MENORES.xlsx,Calfer Menores,13,MOLIBDATO DE SODIO,20.6,2.06
22_CALFER MENORES,22_CALFER MENORES\05_Balance_Masas\3.1-C_Balance Materias CALFER MENORES.xlsx,Calfer Menores,14,SULFATO DE ZINC,85.8,8.58
22_CALFER MENORES,22_CALFER MENORES\05_Balance_Masas\3.1-C_Balance Materias CALFER MENORES.xlsx,Calfer Menores,16,E.D.T.A,161,16.1
22_CALFER MENORES,22_CALFER MENORES\05_Balance_Masas\3.1-C_Balance Materias CALFER MENORES.xlsx,Calfer Menores,17,DIÓXIDO SILICIO,4.7,0.47
22_CALFER MENORES,22_CALFER MENORES\05_Balance_Masas\3.1_Balance Materias CALFER MENORES.xlsx,Calfer Menores,7,SULFATO MAGNESIO ANHIDRO,281.4,28.14
22_CALFER MENORES,22_CALFER MENORES\05_Balance_Masas\3.1_Balance Materias CALFER MENORES.xlsx,Calfer Menores,8,ACIDO BORICO,57.2,5.72
22_CALFER MENORES,22_CALFER MENORES\05_Balance_Masas\3.1_Balance Materias CALFER MENORES.xlsx,Calfer Menores,9,SULFATO DE COBALTO,0.3,0.03
22_CALFER MENORES,22_CALFER MENORES\05_Balance_Masas\3.1_Balance Materias CALFER MENORES.xlsx,Calfer Menores,10,SULFATO DE COBRE,60,6
22_CALFER MENORES,22_CALFER MENORES\05_Balance_Masas\3.1_Balance Materias CALFER MENORES.xlsx,Calfer Menores,11,SULFATO DE HIERRO,200,20
22_CALFER MENORES,22_CALFER MENORES\05_Balance_Masas\3.1_Balance Materias CALFER MENORES.xlsx,Calfer Menores,12,SULFATO DE MANGANESO,129,12.9
22_CALFER MENORES,22_CALFER MENORES\05_Balance_Masas\3.1_Balance Materias CALFER MENORES.xlsx,Calfer Menores,13,MOLIBDATO DE SODIO,20.6,2.06
22_CALFER MENORES,22_CALFER MENORES\05_Balance_Masas\3.1_Balance Materias CALFER MENORES.xlsx,Calfer Menores,14,DIÓXIDO SILICIO,4.7,0.47
22_CALFER MENORES,22_CALFER MENORES\05_Balance_Masas\3.1_Balance Materias CALFER MENORES.xlsx,Calfer Menores,15,SULFATO DE ZINC,85.8,8.58
22_CALFER MENORES,22_CALFER MENORES\05_Balance_Masas\3.1_Balance Materias CALFER MENORES.xlsx,Calfer Menores,17,E.D.T.A,161,16.1
23_CALFERZINC-P,23_CALFERZINC-P\05_Balance_Masas\Balance_Masas_CALFERZINC-P SN X KILO.xlsx,CALFERZINC-P SN X KILO,7,SULFATO DE ZINC 35% X KILO,675,67.5
23_CALFERZINC-P,23_CALFERZINC-P\05_Balance_Masas\Balance_Masas_CALFERZINC-P SN X KILO.xlsx,CALFERZINC-P SN X KILO,8,CARBONATO DE CALCIO X KILO,75,7.5
23_CALFERZINC-P,23_CALFERZINC-P\05_Balance_Masas\Balance_Masas_CALFERZINC-P SN X KILO.xlsx,CALFERZINC-P SN X KILO,9,KIESERITA EN POLVO X KILO,50,5
23_CALFERZINC-P,23_CALFERZINC-P\05_Balance_Masas\Balance_Masas_CALFERZINC-P SN X KILO.xlsx,CALFERZINC-P SN X KILO,10,BENTONITA GRIS X KILO,200,20
24_FERTIMENORES,24_FERTIMENORES\05_Balance_Masas\Balance_Masas_FERTIMENORES SN X KILO.xlsx,FERTIMENORES SN X KILO,7,CARBONATO DE CALCIO X KILO,100,10
24_FERTIMENORES,24_FERTIMENORES\05_Balance_Masas\Balance_Masas_FERTIMENORES SN X KILO.xlsx,FERTIMENORES SN X KILO,8,ULEXITA X KILO,70,7
24_FERTIMENORES,24_FERTIMENORES\05_Balance_Masas\Balance_Masas_FERTIMENORES SN X KILO.xlsx,FERTIMENORES SN X KILO,9,SULFATO DE CALCIO X KILO,160,16
24_FERTIMENORES,24_FERTIMENORES\05_Balance_Masas\Balance_Masas_FERTIMENORES SN X KILO.xlsx,FERTIMENORES SN X KILO,10,ROCA FOSFORICA 26% X KILO,270,27
24_FERTIMENORES,24_FERTIMENORES\05_Balance_Masas\Balance_Masas_FERTIMENORES SN X KILO.xlsx,FERTIMENORES SN X KILO,11,CAL DOLOMITA X KILO,70,7
24_FERTIMENORES,24_FERTIMENORES\05_Balance_Masas\Balance_Masas_FERTIMENORES SN X KILO.xlsx,FERTIMENORES SN X KILO,12,SILICATO DE MAGNESIO X KILO,100,10
24_FERTIMENORES,24_FERTIMENORES\05_Balance_Masas\Balance_Masas_FERTIMENORES SN X KILO.xlsx,FERTIMENORES SN X KILO,13,BENTONITA GRIS X KILO,100,10
24_FERTIMENORES,24_FERTIMENORES\05_Balance_Masas\Balance_Masas_FERTIMENORES SN X KILO.xlsx,FERTIMENORES SN X KILO,14,KIESERITA EN POLVO X KILO,50,5
24_FERTIMENORES,24_FERTIMENORES\05_Balance_Masas\Balance_Masas_FERTIMENORES SN X KILO.xlsx,FERTIMENORES SN X KILO,15,VINAZA X KILO,150,15
24_FERTIMENORES,24_FERTIMENORES\05_Balance_Masas\Balance_Masas_FERTIMENORES SN X KILO.xlsx,FERTIMENORES SN X KILO,16,SULFATO DE ZINC 35% X KILO,70,7
24_FERTIMENORES,24_FERTIMENORES\05_Balance_Masas\Balance_Masas_FERTIMENORES SN X KILO.xlsx,FERTIMENORES SN X KILO,17,SULFATO DE COBRE 22% X KILO,10,1
29_K2K,29_K2K\05_Balance_Masas\Balance_Masas_K2K SN X KILO.xlsx,K2K SN X KILO,7,KIESERITA EN POLVO X KILO,50,5
29_K2K,29_K2K\05_Balance_Masas\Balance_Masas_K2K SN X KILO.xlsx,K2K SN X KILO,8,SULFATO DE CALCIO X KILO,50,5
29_K2K,29_K2K\05_Balance_Masas\Balance_Masas_K2K SN X KILO.xlsx,K2K SN X KILO,9,SULFATO DE POTASIO SOLUBLE X KILO,120,12
29_K2K,29_K2K\05_Balance_Masas\Balance_Masas_K2K SN X KILO.xlsx,K2K SN X KILO,10,KCL STANDAR X KILO,400,40
29_K2K,29_K2K\05_Balance_Masas\Balance_Masas_K2K SN X KILO.xlsx,K2K SN X KILO,11,ABONO ORGANICO A,200,20
29_K2K,29_K2K\05_Balance_Masas\Balance_Masas_K2K SN X KILO.xlsx,K2K SN X KILO,12,VINAZA X KILO,200,20
29_K2K,29_K2K\05_Balance_Masas\Balance_Masas_K2K SN X KILO.xlsx,K2K SN X KILO,13,CARBONATO DE CALCIO X KILO,80,8
29_K2K,29_K2K\05_Balance_Masas\Balance_Masas_K2K SN X KILO.xlsx,K2K SN X KILO,14,BENTONITA ROJA X KILO,100,10
31_MAGNE-3,31_MAGNE-3\05_Balance_Masas\1 Balance Materias MAGNE-3.xlsx,ZueloCa,7,SULFATO CALCIO - YESO AGRICOLA,230.8,23.08
31_MAGNE-3,31_MAGNE-3\05_Balance_Masas\1 Balance Materias MAGNE-3.xlsx,ZueloCa,8,CAL DOLOMITA,566.7,56.67
31_MAGNE-3,31_MAGNE-3\05_Balance_Masas\1 Balance Materias MAGNE-3.xlsx,ZueloCa,9,CLORURO POTASIO (KCL),50,5
31_MAGNE-3,31_MAGNE-3\05_Balance_Masas\1 Balance Materias MAGNE-3.xlsx,ZueloCa,10,KIESERITA,50,5
31_MAGNE-3,31_MAGNE-3\05_Balance_Masas\1 Balance Materias MAGNE-3.xlsx,ZueloCa,11,SILICATO MAGNESIO,20.6,2.06
31_MAGNE-3,31_MAGNE-3\05_Balance_Masas\1 Balance Materias MAGNE-3.xlsx,ZueloCa,12,ULEXITA,16.7,1.67
31_MAGNE-3,31_MAGNE-3\05_Balance_Masas\1 Balance Materias MAGNE-3.xlsx,ZueloCa,22,CAOLIN,65.2,6.52
31_MAGNE-3,31_MAGNE-3\05_Balance_Masas\1 Balance Materias MAGNE-3.xlsx,magne3,7,CAL DOLOMITA,130,13
31_MAGNE-3,31_MAGNE-3\05_Balance_Masas\1 Balance Materias MAGNE-3.xlsx,magne3,8,CLORURO POTASIO (KCL),50,5
31_MAGNE-3,31_MAGNE-3\05_Balance_Masas\1 Balance Materias MAGNE-3.xlsx,magne3,9,KIESERITA,250,25
31_MAGNE-3,31_MAGNE-3\05_Balance_Masas\1 Balance Materias MAGNE-3.xlsx,magne3,10,OXIDO DE MAGNESIO,50,5
31_MAGNE-3,31_MAGNE-3\05_Balance_Masas\1 Balance Materias MAGNE-3.xlsx,magne3,11,SILICATO MAGNESIO,414.4,41.44
31_MAGNE-3,31_MAGNE-3\05_Balance_Masas\1 Balance Materias MAGNE-3.xlsx,magne3,13,CAOLIN,105.6,10.56
31_MAGNE-3,31_MAGNE-3\05_Balance_Masas\Balance_Masas_FE MAGNE 3 SN X KILO.xlsx,FE MAGNE 3 SN X KILO,7,CARBONATO DE CALCIO X KILO,50,5
31_MAGNE-3,31_MAGNE-3\05_Balance_Masas\Balance_Masas_FE MAGNE 3 SN X KILO.xlsx,FE MAGNE 3 SN X KILO,8,OXIDO DE MAGNESIO X KILO,100,10
31_MAGNE-3,31_MAGNE-3\05_Balance_Masas\Balance_Masas_FE MAGNE 3 SN X KILO.xlsx,FE MAGNE 3 SN X KILO,9,KCL STANDAR X KILO,50,5
31_MAGNE-3,31_MAGNE-3\05_Balance_Masas\Balance_Masas_FE MAGNE 3 SN X KILO.xlsx,FE MAGNE 3 SN X KILO,10,SULFATO DE CALCIO X KILO,150,15
31_MAGNE-3,31_MAGNE-3\05_Balance_Masas\Balance_Masas_FE MAGNE 3 SN X KILO.xlsx,FE MAGNE 3 SN X KILO,11,BENTONITA GRIS X KILO,50,5
31_MAGNE-3,31_MAGNE-3\05_Balance_Masas\Balance_Masas_FE MAGNE 3 SN X KILO.xlsx,FE MAGNE 3 SN X KILO,12,SILICATO DE MAGNESIO X KILO,400,40
31_MAGNE-3,31_MAGNE-3\05_Balance_Masas\Balance_Masas_FE MAGNE 3 SN X KILO.xlsx,FE MAGNE 3 SN X KILO,13,KIESERITA EN POLVO X KILO,200,20
31_MAGNE-3,31_MAGNE-3\05_Balance_Masas\Balance_Masas_FE MAGNE 3 SN X KILO.xlsx,FE MAGNE 3 SN X KILO,14,VINAZA X KILO,100,10
38_NUCLEO CAMASI YARA,38_NUCLEO CAMASI YARA\05_Balance_Masas\Balance_Masas_NUCLEO CAMASI YARA SN.xlsx,NUCLEO CAMASI YARA SN,7,KIESERITA EN POLVO X KILO,50,5
38_NUCLEO CAMASI YARA,38_NUCLEO CAMASI YARA\05_Balance_Masas\Balance_Masas_NUCLEO CAMASI YARA SN.xlsx,NUCLEO CAMASI YARA SN,8,SILICATO DE MAGNESIO X KILO,100,10
38_NUCLEO CAMASI YARA,38_NUCLEO CAMASI YARA\05_Balance_Masas\Balance_Masas_NUCLEO CAMASI YARA SN.xlsx,NUCLEO CAMASI YARA SN,9,CARBONATO DE CALCIO X KILO,600,60
38_NUCLEO CAMASI YARA,38_NUCLEO CAMASI YARA\05_Balance_Masas\Balance_Masas_NUCLEO CAMASI YARA SN.xlsx,NUCLEO CAMASI YARA SN,10,VINAZA X KILO,50,5
38_NUCLEO CAMASI YARA,38_NUCLEO CAMASI YARA\05_Balance_Masas\Balance_Masas_NUCLEO CAMASI YARA SN.xlsx,NUCLEO CAMASI YARA SN,11,BENTONITA GRIS X KILO,250,25
39_NUCLEO FOSFORO-1,39_NUCLEO FOSFORO-1\05_Balance_Masas\Balance_Masas_NUCLEO FOSFORO 1 X KILO.xlsx,NUCLEO FOSFORO 1 X KILO,7,ROCA FOSFORICA 26% X KILO,750,75
39_NUCLEO FOSFORO-1,39_NUCLEO FOSFORO-1\05_Balance_Masas\Balance_Masas_NUCLEO FOSFORO 1 X KILO.xlsx,NUCLEO FOSFORO 1 X KILO,8,BENTONITA ROJA X KILO,100,10
39_NUCLEO FOSFORO-1,39_NUCLEO FOSFORO-1\05_Balance_Masas\Balance_Masas_NUCLEO FOSFORO 1 X KILO.xlsx,NUCLEO FOSFORO 1 X KILO,9,CAL DOLOMITA X KILO,50,5
39_NUCLEO FOSFORO-1,39_NUCLEO FOSFORO-1\05_Balance_Masas\Balance_Masas_NUCLEO FOSFORO 1 X KILO.xlsx,NUCLEO FOSFORO 1 X KILO,10,KIESERITA EN POLVO X KILO,50,5
39_NUCLEO FOSFORO-1,39_NUCLEO FOSFORO-1\05_Balance_Masas\Balance_Masas_NUCLEO FOSFORO 1 X KILO.xlsx,NUCLEO FOSFORO 1 X KILO,11,SILICATO DE MAGNESIO X KILO,50,5
39_NUCLEO FOSFORO-1,39_NUCLEO FOSFORO-1\05_Balance_Masas\Balance_Masas_NUCLEO FOSFORO 1 X KILO.xlsx,NUCLEO FOSFORO 1 X KILO,12,VINAZA X KILO,100,10
42_NUCLEO MAGNESIO-SILICIO,42_NUCLEO MAGNESIO-SILICIO\05_Balance_Masas\Balance_Masas_NUCLEO MAGNESIO-SILICIO X KILO.xlsx,NUCLEO MAGNESIO-SILICIO X KILO,7,SILICATO DE MAGNESIO X KILO,900,90
42_NUCLEO MAGNESIO-SILICIO,42_NUCLEO MAGNESIO-SILICIO\05_Balance_Masas\Balance_Masas_NUCLEO MAGNESIO-SILICIO X KILO.xlsx,NUCLEO MAGNESIO-SILICIO X KILO,8,BENTONITA ROJA X KILO,50,5
42_NUCLEO MAGNESIO-SILICIO,42_NUCLEO MAGNESIO-SILICIO\05_Balance_Masas\Balance_Masas_NUCLEO MAGNESIO-SILICIO X KILO.xlsx,NUCLEO MAGNESIO-SILICIO X KILO,9,KIESERITA EN POLVO X KILO,50,5
42_NUCLEO MAGNESIO-SILICIO,42_NUCLEO MAGNESIO-SILICIO\05_Balance_Masas\Balance_Masas_NUCLEO MAGNESIO-SILICIO X KILO.xlsx,NUCLEO MAGNESIO-SILICIO X KILO,10,VINAZA X KILO,100,10
43_NUCLEO MAGNESIO-S,43_NUCLEO MAGNESIO-S\05_Balance_Masas\Balance_Masas_NUCLEO MAGNESIO-S.xlsx,NUCLEO MAGNESIO-S,7,SULFATO DE CALCIO X KILO,440,44
43_NUCLEO MAGNESIO-S,43_NUCLEO MAGNESIO-S\05_Balance_Masas\Balance_Masas_NUCLEO MAGNESIO-S.xlsx,NUCLEO MAGNESIO-S,8,KIESERITA EN POLVO X KILO,180,18
43_NUCLEO MAGNESIO-S,43_NUCLEO MAGNESIO-S\05_Balance_Masas\Balance_Masas_NUCLEO MAGNESIO-S.xlsx,NUCLEO MAGNESIO-S,9,BENTONITA ROJA X KILO,70,7
43_NUCLEO MAGNESIO-S,43_NUCLEO MAGNESIO-S\05_Balance_Masas\Balance_Masas_NUCLEO MAGNESIO-S.xlsx,NUCLEO MAGNESIO-S,10,SILICATO DE MAGNESIO X KILO,310,31
43_NUCLEO MAGNESIO-S,43_NUCLEO MAGNESIO-S\05_Balance_Masas\Balance_Masas_NUCLEO MAGNESIO-S.xlsx,NUCLEO MAGNESIO-S,11,VINAZA X KILO,100,10
46_RAIFOS 20,46_RAIFOS 20\05_Balance_Masas\Balance Materias SOLURaiFOS_v.xlsx,SOLURAIFOS_x,7,FOSFATO DE AMONIO (MAP),822,82.2
46_RAIFOS 20,46_RAIFOS 20\05_Balance_Masas\Balance Materias SOLURaiFOS_v.xlsx,SOLURAIFOS_x,8,CLORURO POTASIO (KCL),165,16.5
46_RAIFOS 20,46_RAIFOS 20\05_Balance_Masas\Balance Materias SOLURaiFOS_v.xlsx,SOLURAIFOS_x,10,Dextrosa Monohidradatada,13,1.3
46_RAIFOS 20,46_RAIFOS 20\05_Balance_Masas\Balance_Masas_RAIFOS 20 SN X KILO.xlsx,RAIFOS 20 SN X KILO,7,KIESERITA EN POLVO X KILO,50,5
46_RAIFOS 20,46_RAIFOS 20\05_Balance_Masas\Balance_Masas_RAIFOS 20 SN X KILO.xlsx,RAIFOS 20 SN X KILO,8,MAP TECNICO X KILO,50,5
46_RAIFOS 20,46_RAIFOS 20\05_Balance_Masas\Balance_Masas_RAIFOS 20 SN X KILO.xlsx,RAIFOS 20 SN X KILO,9,ROCA FOSFORICA 26% X KILO,650,65
46_RAIFOS 20,46_RAIFOS 20\05_Balance_Masas\Balance_Masas_RAIFOS 20 SN X KILO.xlsx,RAIFOS 20 SN X KILO,10,SILICATO DE MAGNESIO X KILO,90,9
46_RAIFOS 20,46_RAIFOS 20\05_Balance_Masas\Balance_Masas_RAIFOS 20 SN X KILO.xlsx,RAIFOS 20 SN X KILO,11,LEONARDITA X KILO,100,10
46_RAIFOS 20,46_RAIFOS 20\05_Balance_Masas\Balance_Masas_RAIFOS 20 SN X KILO.xlsx,RAIFOS 20 SN X KILO,12,ABONO ORGANICO A,60,6
46_RAIFOS 20,46_RAIFOS 20\05_Balance_Masas\Balance_Masas_RAIFOS 20 SN X KILO.xlsx,RAIFOS 20 SN X KILO,13,VINAZA X KILO,200,20
51_SUELO-Ca,51_SUELO-Ca\05_Balance_Masas\Balance_Masas_FORMULACION ESPECIAL SUELO CA POLVO.xlsx,FORMULACION ESPECIAL SUELO CA P,7,SILICATO DE MAGNESIO X KILO,50,5
51_SUELO-Ca,51_SUELO-Ca\05_Balance_Masas\Balance_Masas_FORMULACION ESPECIAL SUELO CA POLVO.xlsx,FORMULACION ESPECIAL SUELO CA P,8,ULEXITA X KILO,25,2.5
51_SUELO-Ca,51_SUELO-Ca\05_Balance_Masas\Balance_Masas_FORMULACION ESPECIAL SUELO CA POLVO.xlsx,FORMULACION ESPECIAL SUELO CA P,9,CAL DOLOMITA X KILO,550,55
51_SUELO-Ca,51_SUELO-Ca\05_Balance_Masas\Balance_Masas_FORMULACION ESPECIAL SUELO CA POLVO.xlsx,FORMULACION ESPECIAL SUELO CA P,10,SULFATO DE CALCIO X KILO,200,20
51_SUELO-Ca,51_SUELO-Ca\05_Balance_Masas\Balance_Masas_FORMULACION ESPECIAL SUELO CA POLVO.xlsx,FORMULACION ESPECIAL SUELO CA P,11,BENTONITA ROJA X KILO,50,5
51_SUELO-Ca,51_SUELO-Ca\05_Balance_Masas\Balance_Masas_FORMULACION ESPECIAL SUELO CA POLVO.xlsx,FORMULACION ESPECIAL SUELO CA P,12,KIESERITA EN POLVO X KILO,50,5
51_SUELO-Ca,51_SUELO-Ca\05_Balance_Masas\Balance_Masas_FORMULACION ESPECIAL SUELO CA POLVO.xlsx,FORMULACION ESPECIAL SUELO CA P,13,VINAZA X KILO,200,20
51_SUELO-Ca,51_SUELO-Ca\05_Balance_Masas\Balance_Masas_FORMULACION ESPECIAL SUELO CA POLVO.xlsx,FORMULACION ESPECIAL SUELO CA P,14,KCL STANDAR X KILO,40,4
51_SUELO-Ca,51_SUELO-Ca\05_Balance_Masas\Balance_Masas_FORMULACION ESPECIAL SUELO CA POLVO.xlsx,FORMULACION ESPECIAL SUELO CA P,15,CARBONATO DE CALCIO X KILO,35,3.5
51_SUELO-Ca,51_SUELO-Ca\05_Balance_Masas\Balance_Masas_FORMULACION ESPECIAL SUELO CA POLVO.xlsx,FORMULACION ESPECIAL SUELO CA P,16,EMPAQUES E INERTES,40,4
52_SULFA K 50,52_SULFA K 50\05_Balance_Masas\BALANCE MATERIAS PRIMAS SULFAK 50.xlsx,ZueloCa,7,SULFATO CALCIO - YESO AGRICOLA,230.8,23.08
52_SULFA K 50,52_SULFA K 50\05_Balance_Masas\BALANCE MATERIAS PRIMAS SULFAK 50.xlsx,ZueloCa,8,CAL DOLOMITA,566.7,56.67
52_SULFA K 50,52_SULFA K 50\05_Balance_Masas\BALANCE MATERIAS PRIMAS SULFAK 50.xlsx,ZueloCa,9,CLORURO POTASIO (KCL),50,5
52_SULFA K 50,52_SULFA K 50\05_Balance_Masas\BALANCE MATERIAS PRIMAS SULFAK 50.xlsx,ZueloCa,10,KIESERITA,50,5
52_SULFA K 50,52_SULFA K 50\05_Balance_Masas\BALANCE MATERIAS PRIMAS SULFAK 50.xlsx,ZueloCa,11,SILICATO MAGNESIO,20.6,2.06
52_SULFA K 50,52_SULFA K 50\05_Balance_Masas\BALANCE MATERIAS PRIMAS SULFAK 50.xlsx,ZueloCa,12,ULEXITA,16.7,1.67
52_SULFA K 50,52_SULFA K 50\05_Balance_Masas\BALANCE MATERIAS PRIMAS SULFAK 50.xlsx,ZueloCa,22,CAOLIN,65.2,6.52
52_SULFA K 50,52_SULFA K 50\05_Balance_Masas\BALANCE MATERIAS PRIMAS SULFAK 50.xlsx,sulfa-k_50,7,CLORURO POTASIO (KCL),164.5,16.45
52_SULFA K 50,52_SULFA K 50\05_Balance_Masas\BALANCE MATERIAS PRIMAS SULFAK 50.xlsx,sulfa-k_50,8,FOSFATO MONOPOTASICO (MKP),57.7,5.77
52_SULFA K 50,52_SULFA K 50\05_Balance_Masas\BALANCE MATERIAS PRIMAS SULFAK 50.xlsx,sulfa-k_50,9,SULFATO POTASIO,777.8,77.78
55_SULFATO ZINC 22,55_SULFATO ZINC 22\05_Balance_Masas\Balance_Masas_SULFATO DE ZINC 22% SN.xlsx,SULFATO DE ZINC 22% SN,7,SULFATO DE ZINC 35% X KILO,675,67.5
55_SULFATO ZINC 22,55_SULFATO ZINC 22\05_Balance_Masas\Balance_Masas_SULFATO DE ZINC 22% SN.xlsx,SULFATO DE ZINC 22% SN,8,CARBONATO DE CALCIO X KILO,75,7.5
55_SULFATO ZINC 22,55_SULFATO ZINC 22\05_Balance_Masas\Balance_Masas_SULFATO DE ZINC 22% SN.xlsx,SULFATO DE ZINC 22% SN,9,KIESERITA EN POLVO X KILO,50,5
55_SULFATO ZINC 22,55_SULFATO ZINC 22\05_Balance_Masas\Balance_Masas_SULFATO DE ZINC 22% SN.xlsx,SULFATO DE ZINC 22% SN,10,BENTONITA GRIS X KILO,200,20
57_YESO EN POLVO,57_YESO EN POLVO\05_Balance_Masas\Balance_Masas_FORMULACION ESPECIAL SULFATO DE CALCIO P.xlsx,FORMULACION ESPECIAL SULFATO DE,7,SULFATO DE CALCIO X KILO,750,75
57_YESO EN POLVO,57_YESO EN POLVO\05_Balance_Masas\Balance_Masas_FORMULACION ESPECIAL SULFATO DE CALCIO P.xlsx,FORMULACION ESPECIAL SULFATO DE,8,KIESERITA EN POLVO X KILO,50,5
57_YESO EN POLVO,57_YESO EN POLVO\05_Balance_Masas\Balance_Masas_FORMULACION ESPECIAL SULFATO DE CALCIO P.xlsx,FORMULACION ESPECIAL SULFATO DE,9,CARBONATO DE CALCIO X KILO,150,15
57_YESO EN POLVO,57_YESO EN POLVO\05_Balance_Masas\Balance_Masas_FORMULACION ESPECIAL SULFATO DE CALCIO P.xlsx,FORMULACION ESPECIAL SULFATO DE,10,BENTONITA GRIS X KILO,50,5
60_BIOPLANTAS,60_BIOPLANTAS\05_Balance_Masas\Balance_Masas_BIOPLANTAS X KILO.xlsx,BIOPLANTAS X KILO,7,BIOCANECON X KILO,1000,100
60_BIOPLANTAS,60_BIOPLANTAS\05_Balance_Masas\Balance_Masas_BIOPLANTAS X KILO.xlsx,BIOPLANTAS X KILO,8,EMPAQUES E INERTES,40,4
62_SILIMAGRAN 30,62_SILIMAGRAN 30\05_Balance_Masas\Balance_Masas_SILIMAGRAN SN X KILO.xlsx,SILIMAGRAN SN X KILO,7,ROCA FOSFORICA 26% X KILO,160,16
62_SILIMAGRAN 30,62_SILIMAGRAN 30\05_Balance_Masas\Balance_Masas_SILIMAGRAN SN X KILO.xlsx,SILIMAGRAN SN X KILO,8,BENTONITA GRIS X KILO,20,2
62_SILIMAGRAN 30,62_SILIMAGRAN 30\05_Balance_Masas\Balance_Masas_SILIMAGRAN SN X KILO.xlsx,SILIMAGRAN SN X KILO,9,KIESERITA EN POLVO X KILO,70,7
62_SILIMAGRAN 30,62_SILIMAGRAN 30\05_Balance_Masas\Balance_Masas_SILIMAGRAN SN X KILO.xlsx,SILIMAGRAN SN X KILO,10,VINAZA X KILO,100,10
62_SILIMAGRAN 30,62_SILIMAGRAN 30\05_Balance_Masas\Balance_Masas_SILIMAGRAN SN X KILO.xlsx,SILIMAGRAN SN X KILO,11,334,750,75
