idInterno;codigoExterno;codigoOriginal;producto;clase;tipo;origen;archivado;C;N;N-NH4;N-NO3;N-org;N-ur;P;K;CaO;MgO;S;B;Co;Cu;Fe;Mn;Mo;SiO2;Zn;Na
MP0001;145;145;AZUFRE;MP;G;csv;;0;0;0;0;0;0;0;0;0;0;51;0;0;0;0;0;0;0;0;0
MP0002;97;97;DAP;MP;G;csv;;0;18;0;0;0;0;46;0;0;0;0;0;0;0;0;0;0;0;0;0
MP0003;144;144;KCL;MP;G;csv;;0;0;0;0;0;0;0;60;0;0;0;0;0;0;0;0;0;0;0;0
MP0004;75;75;KIESERITA;MP;G;csv;;0;0;0;0;0;0;0;0;0;25;20;0;0;0;0;0;0;0;0;0
MP0005;72;72;MAP;MP;G;csv;;0;11;0;0;0;0;52;0;0;0;0;0;0;0;0;0;0;0;0;0
MP0006;32;32;SAM;MP;G;csv;;0;21;0;0;0;0;0;0;0;0;24;0;0;0;0;0;0;0;0;0
MP0007;167;167;SULFATO POTASIO;MP;G;csv;;0;0;0;0;0;0;0;52;0;0;18;0;0;0;0;0;0;0;0;0
MP0008;12;12;UREA;MP;G;csv;;0;46;0;0;0;0;0;0;0;0;0;0;0;0;0;0;0;0;0;0
MP0010;361;361;AMINOACIDOS 43;MP;P;csv;;0;0;0;0;0;0;0;0;0;0;0;0;0;0;0;0;0;0;0;0
MP0011;360;360;AMINOACIDOS 80;MP;P;csv;;0;0;0;0;0;0;0;0;0;0;0;0;0;0;0;0;0;0;0;0
MP0012;130;130;AZUFRE M100;MP;P;csv;;0;0;0;0;0;0;0;0;0;0;51;0;0;0;0;0;0;0;0;0
MP0013;1204;1204;BASE 1;MP;P;csv;;0;0;0;0;0;0;0;0;0;0;0;0;0;0;0;0;0;0;0;0
MP0014;223;223;BENTONITA CALCICA;MP;P;csv;;0;0;0;0;0;0;0;0;0;0;0;0;0;0;0;0;0;0;0;0
MP0015;370;370;BENTONITA GRIS;MP;P;csv;;0;0;0;0;0;0;0;2;6;4;0;0;0;0;0;0;0;57;0;0
MP0016;111;111;BENTONITA ROJA;MP;P;csv;;0;0;0;0;0;0;0;0;0;1;0;0;0;0;0;0;0;47;0;0
MP0017;198;198;BENTONITA SODICA;MP;P;csv;;0;0;0;0;0;0;0;0;0;0;0;0;0;0;0;0;0;0;0;0
MP0018;204;204;BIOCANE;MP;P;csv;;13;1;0;0;0;0;2.12;3;3.62;1.21;1.31;0;0;0;18;0;0;23.1;0;0
MP0019;463;463;CAL APAGADA;MP;P;csv;;0;0;0;0;0;0;0;0;55;0;0;0;0;0;0;0;0;0;0;0
MP0020;120;120;CAL DOLOMITA;MP;P;csv;;0;0;0;0;0;0;0;0;34;14;0;0;0;0;0;0;0;0;0;0
MP0021;110;110;CAOLIN GRIS;MP;P;csv;;0;0;0;0;0;0;0;0;0.5;0.2;0;0;0;0;0.5;0;0;47;0;0
MP0022;105;105;CARBONATO CALCIO;MP;P;csv;;0;0;0;0;0;0;0;0;40;0;0;0;0;0;0;0;0;0;0;0
MP0023;103;103;CITRATO ZINC;MP;P;csv;;0;0;0;0;0;0;0;0;0;0;0;0;0;0;0;0;0;0;0;0
MP0024;226;226;DAP TECNICO;MP;P;csv;;0;0;0;0;0;0;0;0;0;0;0;0;0;0;0;0;0;0;0;0
MP0025;359;359;EXTRACTO ALGAS;MP;P;csv;;0;0;0;0;0;0;0;0;0;0;0;0;0;0;0;0;0;0;0;0
MP0026;437;437;FOSFORITA NEIVA;MP;P;csv;;0;0;0;0;0;0;22;0;42;0;0;0;0;0;0;0;0;16;0;0
MP0027;501;501;HIDROXIDO CALCIO;MP;P;csv;;0;0;0;0;0;0;0;0;55;0;0;0;0;0;0;0;0;0;0;0
MP0028;143;143;KCL STD;MP;P;csv;;0;0;0;0;0;0;0;60;0;0;0;0;0;0;0;0;0;0;0;0
MP0029;74;74;KIESERITA;MP;P;csv;;0;0;0;0;0;0;0;0;0;25;20;0;0;0;0;0;0;0;0;0
MP0030;152;152;LEONARDITA;MP;P;csv;;0;0;0;0;0;0;0;0;0;0;0;0;0;0;0;0;0;0;0;0
MP0031;193;193;MAP STD;MP;P;csv;;0;12;0;0;0;0;52;0;0;0;0;0;0;0;0;0;0;0;0;0
MP0032;57;57;OXIDO MAGNESIO;MP;P;csv;;0;0;0;0;0;0;0;0;3;90;0;0;0;0;0;0;0;5;0;0
MP0033;448;448;PRODUCTO A;MP;P;csv;;0;0;0;0;0;0;0;0;0;0;0;0;0;0;0;0;0;0;0;0
MP0034;31;31;ROCA FOSFORICA;MP;P;csv;;0;0;0;0;0;0;31;0;37;0;0;0;0;0;0;0;0;0;0;0
MP0035;832;832;ROCA FOSFORICA-24;MP;P;csv;;0;0;0;0;0;0;24;0;0;0;0;0;0;0;0;0;0;0;0;0
MP0036;290;290;ROCA FOSFORICA-26;MP;P;csv;;0;0;0;0;0;0;26;0;36;0;0;0;0;0;0;0;0;0;0;0
MP0037;34;34;ROCA FOSFORICA-28;MP;P;csv;;0;0;0;0;0;0;28;0;29;0;0;0;0;0;0;0;0;0;0;0
MP0038;681;681;ROCA FOSFORICA-30;MP;P;csv;;0;0;0;0;0;0;30;0;0;0;0;0;0;0;0;0;0;0;0;0
MP0039;40;40;SAM STD;MP;P;csv;;0;0;0;0;0;0;0;0;0;0;0;0;0;0;0;0;0;0;0;0
MP0040;171;171;SILICATO HIERRO;MP;P;csv;;0;0;0;0;0;0;0;0;0;0;0;0;0;0;0;0;0;0;0;0
MP0041;274;274;SILICATO MAGNESIO;MP;P;csv;;0;0;0;0;0;0;0;0;0;33.86;0;0;0;0;0;0;0;36.98;0;0
MP0042;37;37;SILICATO SODIO;MP;P;csv;;0;0;0;0;0;0;0;0;0;0;0;0;0;0;0;0;0;0;0;0
MP0043;5;5;SULFATO CALCIO;MP;P;csv;;0;0;0;0;0;0;0;0;22;0;13;0;0;0;0;0;0;0;0;0
MP0044;505;505;SULFATO CALCIO SUCROAL;MP;P;csv;;0;0;0;0;0;0;0;0;22;0;13;0;0;0;0;0;0;0;0;0
MP0045;831;831;SULFATO COBRE;MP;P;csv;;0;0;0;0;0;0;0;0;0;0;12;0;0;25;0;0;0;0;0;0
MP0046;30;30;SULFATO COBRE 22;MP;P;csv;;0;0;0;0;0;0;0;0;0;0;12;0;0;22;0;0;0;0;0;0
MP0047;173;173;SULFATO COBRE 25;MP;P;csv;;0;0;0;0;0;0;0;0;0;0;12;0;0;25;0;0;0;0;0;0
MP0048;23;23;SULFATO DE ZINC 35;MP;P;csv;;0;0;0;0;0;0;0;0;0;0;11;0;0;0;0;0;0;0;35;0
MP0049;28;28;SULFATO HIERRO;MP;P;csv;;0;0;0;0;0;0;0;0;0;0;0;0;0;0;0;0;0;0;0;0
MP0050;425;425;SULFATO MANGANESO;MP;P;csv;;0;0;0;0;0;0;0;0;0;0;0;0;0;0;0;0;0;0;0;0
MP0051;21;21;SULFATO ZINC 22 MP;MP;P;csv;;0;0;0;0;0;0;0;0;0;0;0;0;0;0;0;0;0;0;22;0
MP0052;227;227;SULFATO ZINC 32;MP;P;csv;;0;0;0;0;0;0;0;0;0;0;0;0;0;0;0;0;0;0;32;0
MP0053;23;23;SULFATO ZINC 35;MP;P;csv;;0;0;0;0;0;0;0;0;0;0;0;0;0;0;0;0;0;0;35;0
MP0054;323;323;SULFATO ZINC 38;MP;P;csv;;0;0;0;0;0;0;0;0;0;0;0;0;0;0;0;0;0;0;38;0
MP0055;16;16;ULEXITA;MP;P;csv;;0;0;0;0;0;0;0;0;13;0;0;14;0;0;0;0;0;0;0;0
MZR0001;R;R;MF 10-24-4;MZR;G;csv;;0;10;0;0;0;0;24;4;0;0;0;0;0;0;0;0;0;0;0;0
MZR0002;R;R;MF 17-5-7;MZR;G;csv;;0;17;0;0;0;0;5;7;0;0;0;0;0;0;0;0;0;0;0;0
MZR0003;R;R;MF 17-7-2 / MAX UTEO;MZR;G;csv;;0;17;0;0;0;0;7;2;0;0;0;0;0;0;0;0;0;0;0;0
MZR0004;R;R;MF 27-1-12;MZR;G;csv;;0;27;0;0;0;0;1;12;0;0;0;0;0;0;0;0;0;0;0;0
MZR0005;R;R;MFE 10-15-20;MZR;G;csv;;0;10;0;0;0;0;15;20;0;0;0;0;0;0;0;0;0;0;0;0
MZR0006;R;R;MFE 10-30-10;MZR;G;csv;;0;10;0;0;0;0;30;10;0;0;0;0;0;0;0;0;0;0;0;0
MZR0007;R;R;MFE 11-10-3;MZR;G;csv;;0;11;0;0;0;0;10;3;0;0;0;0;0;0;0;0;0;0;0;0
MZR0008;R;R;MFE 14-4-23;MZR;G;csv;;0;14;0;0;0;0;4;23;0;0;0;0;0;0;0;0;0;0;0;0
MZR0009;R;R;MFE 16-16-16;MZR;G;csv;;0;16;0;0;0;0;16;16;0;0;0;0;0;0;0;0;0;0;0;0
MZR0010;R;R;MFE 21-5-1;MZR;G;csv;;0;21;0;0;0;0;5;1;0;0;0;0;0;0;0;0;0;0;0;0
MZR0011;R;R;MFE 22-3-13;MZR;G;csv;;0;22;0;0;0;0;3;13;0;0;0;0;0;0;0;0;0;0;0;0
MZR0012;R;R;MFE 22-3-7;MZR;G;csv;;0;22;0;0;0;0;3;7;0;0;0;0;0;0;0;0;0;0;0;0
MZR0013;R;R;MFE 23-5-10;MZR;G;csv;;0;23;0;0;0;0;5;10;0;0;0;0;0;0;0;0;0;0;0;0
MZR0014;R;R;MFE 24-2-14;MZR;G;csv;;0;24;0;0;0;0;2;14;0;0;0;0;0;0;0;0;0;0;0;0
MZR0015;R;R;MFE 26-6-2 / SUPER PASTURA;MZR;G;csv;;0;26;0;0;0;0;6;2;0;0;0;0;0;0;0;0;0;0;0;0
MZR0016;R;R;MFE 28-0-6;MZR;G;csv;;0;28;0;0;0;0;0;6;0;0;0;0;0;0;0;0;0;0;0;0
MZR0017;R;R;MFE 28-1-12;MZR;G;csv;;0;28;0;0;0;0;1;12;0;0;0;0;0;0;0;0;0;0;0;0
MZR0018;R;R;MFE 31-0-20 TMC;MZR;G;csv;;0;31;0;0;0;0;0;20;0;0;0;0;0;0;0;0;0;0;0;0
MZR0019;R1;R1;MFE 41.4-0-6;MZR;G;csv;;0;41.4;0;0;0;0;0;6;0;0;0;0;0;0;0;0;0;0;0;0
MZR0020;R2;R2;MFE 43.5-0-0-2.4S;MZR;G;csv;;0;43.5;0;0;0;0;0;0;0;0;2.4;0;0;0;0;0;0;0;0;0
PT0001;123;123;BORO G;PT;G;csv;;0;0;0;0;0;0;0;0;0;0;0;10;0;0;0;0;0;0;0;0
PT0002;150;150;CALFERZINC P;PT;G;csv;;0;0;0;0;0;0;0;3;0;0;7;0;0;0;0;0;0;0;22;0
PT0003;663;663;FE FERTIMENORES;PT;G;csv;;0;0;0;0;0;0;5;0;13;6;5;1;0.5;0.5;0;0;0;0;2.5;0
PT0004;141;141;FE SULFATO CALCIO P;PT;G;csv;;0;0;0;0;0;0;0;0;26.4;1.5;10.8;0;0;0;0;0;0;2.8;0;0
PT0005;643;643;FE SULFATO ZINC 22;PT;G;csv;;0;0;0;0;0;0;0;0;0;0;0;0;0;0;0;0;0;0;22;0
PT0006;300;300;K2K;PT;G;csv;;5;0;0;0;0;0;0;28.76;2.84;0;3.42;0;0;0;0;0;0;1;0;0.31
PT0007;154;154;MAGNE 3;PT;G;csv;;0;0;0;0;0;0;0;3;4.5;27;5.5;0;0;0;0;0;0;13;0;0
PT0008;411;411;MF 0-15-15+EM;PT;G;csv;;0;0;0;0;0;0;15;15;0;0;0;0;0;0;0;0;0;0;0;0
PT0009;137;137;MF 10-20-20;PT;G;csv;;0;10;0;0;0;0;20;20;0;0;0;0;0;0;0;0;0;0;0;0
PT0010;86;86;MF 10-30-10;PT;G;csv;;0;10;0;0;0;0;30;10;0;0;0;0;0;0;0;0;0;0;0;0
PT0011;407;407;MF 10-10-20+EM;PT;G;csv;;0;10;0;0;0;0;10;20;0;0;0;0;0;0;0;0;0;0;0;0
PT0012;396;396;MF 10-15-20+EM;PT;G;csv;;0;10;0;0;0;0;15;20;0;0;0;0;0;0;0;0;0;0;0;0
PT0013;495;495;MF 10-15-29+EM;PT;G;csv;;0;10;0;0;0;0;15;29;0;0;0;0;0;0;0;0;0;0;0;0
PT0014;408;408;MF 10-20-20+EM;PT;G;csv;;0;10;0;0;0;0;20;20;0;0;0;0;0;0;0;0;0;0;0;0
PT0015;464;464;MF 10-20-28+EM;PT;G;csv;;0;10;0;0;0;0;20;28;0;0;0;0;0;0;0;0;0;0;0;0
PT0016;423;423;MF 10-20-30+EM;PT;G;csv;;0;10;0;0;0;0;20;30;0;0;0;0;0;0;0;0;0;0;0;0
PT0017;406;406;MF 10-24-4+EM;PT;G;csv;;0;10;0;0;0;0;24;4;0;0;0;0;0;0;0;0;0;0;0;0
PT0018;387;387;MF 10-28-6+EM;PT;G;csv;;0;10;0;0;0;0;28;6;0;0;0;0;0;0;0;0;0;0;0;0
PT0019;390;390;MF 10-6-4 + EM;PT;G;csv;;0;10;0;0;0;0;6;4;0;0;0;0;0;0;0;0;0;0;0;0
PT0020;670;670;MF 10-9-30;PT;G;csv;;0;10;0;0;0;0;9;30;0;0;0;0;0;0;0;0;0;0;0;0
PT0021;458;458;MF 10-9-30+EM;PT;G;csv;;0;10;0;0;0;0;9;30;0;0;0;0;0;0;0;0;0;0;0;0
PT0022;388;388;MF 11-5-27;PT;G;csv;;0;11;0;0;0;0;5;27;0;0;0;0;0;0;0;0;0;0;0;0
PT0023;543;543;MF 11-29-12+EM;PT;G;csv;;0;11;0;0;0;0;29;12;0;0;0;0;0;0;0;0;0;0;0;0
PT0024;268;268;MF 12-24-12;PT;G;csv;;0;12;0;0;0;0;24;12;0;0;0;0;0;0;0;0;0;0;0;0
PT0025;317;317;MF 12-24-12+EM;PT;G;csv;;0;12;0;0;0;0;24;12;0;0;0;0;0;0;0;0;0;0;0;0
PT0026;318;318;MF 12-7-12+EM;PT;G;csv;;0;12;0;0;0;0;7;12;0;0;0;0;0;0;0;0;0;0;0;0
PT0027;496;496;MF 12-30-10+EM;PT;G;csv;;0;12;0;0;0;0;30;10;0;0;0;0;0;0;0;0;0;0;0;0
PT0028;490;490;MF 13-26-10+ EM;PT;G;csv;;0;13;0;0;0;0;26;10;0;0;0;0;0;0;0;0;0;0;0;0
PT0029;419;419;MF 13-7-12+EM;PT;G;csv;;0;13;0;0;0;0;7;12;0;0;0;0;0;0;0;0;0;0;0;0
PT0030;381;381;MF 14-3-19-7Ca+EM;PT;G;csv;;0;14;0;0;0;0;3;19;7;0;0;0;0;0;0;0;0;0;0;0
PT0031;433;433;MF 14-4-23+EM;PT;G;csv;;0;14;0;0;0;0;4;23;0;0;0;0;0;0;0;0;0;0;0;0
PT0032;516;516;MF 14-4-24+EM;PT;G;csv;;0;14;0;0;0;0;4;24;0;0;0;0;0;0;0;0;0;0;0;0
PT0033;85;85;MF 15-15-15;PT;G;csv;;0;15;0;0;0;0;15;15;0;0;0;0;0;0;0;0;0;0;0;0
PT0034;462;462;MF 15-4-23+EM;PT;G;csv;;0;15;0;0;0;0;4;23;0;0;0;0;0;0;0;0;0;0;0;0
PT0035;426;426;MF 15-6-8+EM;PT;G;csv;;0;15;0;0;0;0;6;8;0;0;0;0;0;0;0;0;0;0;0;0
PT0036;612;612;MF 16-26-12;PT;G;csv;;0;16;0;0;0;0;23;12;0;0;0;0;0;0;0;0;0;0;0;0
PT0037;517;517;MF 16-16-16+EM;PT;G;csv;;0;16;0;0;0;0;16;16;0;0;0;0;0;0;0;0;0;0;0;0
PT0038;441;441;MF 16-17-0-7Ca+EM;PT;G;csv;;0;16;0;0;0;0;17;0;7;0;0;0;0;0;0;0;0;0;0;0
PT0039;405;405;MF 16-3-14+EM;PT;G;csv;;0;16;0;0;0;0;3;14;0;0;0;0;0;0;0;0;0;0;0;0
PT0040;84;84;MF 17-6-18-2-1;PT;G;csv;;0;17;0;0;0;0;6;18;2;1;0;0;0;0;0;0;0;0;0;0
PT0041;402;402;MF 17-6-18-6+EM;PT;G;csv;;0;17;0;0;0;0;6;18;6;0;0;0;0;0;0;0;0;0;0;0
PT0042;401;401;MF 17-8-11+EM+CO;PT;G;csv;;0;17;0;0;0;0;8;11;0;0;0;0;0;0;0;0;0;0;0;0
PT0043;478;478;MF 17-4-23+EM;PT;G;csv;;0;17;0;0;0;0;4;23;0;0;0;0;0;0;0;0;0;0;0;0
PT0044;477;477;MF 17-5-7+EM;PT;G;csv;;0;17;0;0;0;0;5;7;0;0;0;0;0;0;0;0;0;0;0;0
PT0045;83;83;MF 18-18-18;PT;G;csv;;0;18;0;0;0;0;18;18;0;0;0;0;0;0;0;0;0;0;0;0
PT0046;353;353;MF 18-8-5-4+EM;PT;G;csv;;0;18;0;0;0;0;8;5;4;0;0;0;0;0;0;0;0;0;0;0
PT0047;301;301;MF 19-1-2-1+EM;PT;G;csv;;0;19;0;0;0;0;1;2;1;0;0;0;0;0;0;0;0;0;0;0
PT0048;304;304;MF 19-5-9-5+EM;PT;G;csv;;0;19;0;0;0;0;5;6;5;0;0;0;0;0;0;0;0;0;0;0
PT0049;384;384;MF 19-1-3 + MEORES;PT;G;csv;;0;19;0;0;0;0;1;3;0;0;0;0;0;0;0;0;0;0;0;0
PT0050;442;442;MF 19-3-18+EM;PT;G;csv;;0;19;0;0;0;0;3;18;0;0;0;0;0;0;0;0;0;0;0;0
PT0051;284;284;MF 20-17-18+TCM;PT;G;csv;;0;20;0;0;0;0;17;18;0;0;0;0;0;0;0;0;0;0;0;0
PT0052;529;529;MF 20-0-30-3S;PT;G;csv;;0;20;0;0;0;0;0;30;0;0;3;0;0;0;0;0;0;0;0;0
PT0053;519;519;MF 20-3-15+EM;PT;G;csv;;0;20;0;0;0;0;3;15;0;0;0;0;0;0;0;0;0;0;0;0
PT0054;457;457;MF 20-6-0-5CA+EM;PT;G;csv;;0;20;0;0;0;0;6;0;5;0;0;0;0;0;0;0;0;0;0;0
PT0055;631;631;MF 20-8-10+EM;PT;G;csv;;0;20;0;0;0;0;8;10;0;0;0;0;0;0;0;0;0;0;0;0
PT0056;172;172;MF 21-1-2+EM;PT;G;csv;;0;21;0;0;0;0;1;2;0;0;0;0;0;0;0;0;0;0;0;0
PT0057;357;357;MF 21-5-10-6S+EM;PT;G;csv;;0;21;0;0;0;0;5;10;0;0;6;0;0;0;0;0;0;0;0;0
PT0058;415;415;MF 21-2-8+EM;PT;G;csv;;0;21;0;0;0;0;2;8;0;0;0;0;0;0;0;0;0;0;0;0
PT0059;316;316;MF 21-3-8-3Ca+MEORES;PT;G;csv;;0;21;0;0;0;0;3;8;3;0;0;0;0;0;0;0;0;0;0;0
PT0060;307;307;MF 21-4-5-3Ca+MEORES;PT;G;csv;;0;21;0;0;0;0;4;5;3;0;0;0;0;0;0;0;0;0;0;0
PT0061;497;497;MF 21-5-10+EM;PT;G;csv;;0;21;0;0;0;0;5;10;0;0;0;0;0;0;0;0;0;0;0;0
PT0062;471;471;MF 21-5-9+EM;PT;G;csv;;0;21;0;0;0;0;5;9;0;0;0;0;0;0;0;0;0;0;0;0
PT0063;632;632;MF 21-9-9+EM;PT;G;csv;;0;21;0;0;0;0;9;9;0;0;0;0;0;0;0;0;0;0;0;0
PT0064;315;315;MF 22 3 13 4S+MEORES;PT;G;csv;;0;21;0;0;0;0;3;13;0;0;4;0;0;0;0;0;0;0;0;0
PT0065;524;524;MF 22-0-25-3S;PT;G;csv;;0;22;0;0;0;0;0;25;0;0;3;0;0;0;0;0;0;0;0;0
PT0066;526;526;MF 22-0-3+EM;PT;G;csv;;0;22;0;0;0;0;0;3;0;0;0;0;0;0;0;0;0;0;0;0
PT0067;511;511;MF 22-4-8+EM;PT;G;csv;;0;22;0;0;0;0;4;8;0;0;0;0;0;0;0;0;0;0;0;0
PT0068;525;525;MF 22-5-13+EM;PT;G;csv;;0;22;0;0;0;0;5;13;0;0;0;0;0;0;0;0;0;0;0;0
PT0069;456;456;MF 22-6-3+EM;PT;G;csv;;0;22;0;0;0;0;6;3;0;0;0;0;0;0;0;0;0;0;0;0
PT0070;398;398;MF 22-6-7Ca+EM;PT;G;csv;;0;22;0;0;0;0;6;0;7;0;0;0;0;0;0;0;0;0;0;0
PT0071;633;633;MF 22-6-7+EM;PT;G;csv;;0;22;0;0;0;0;6;7;0;0;0;0;0;0;0;0;0;0;0;0
PT0072;634;634;MF 22-9-9+EM;PT;G;csv;;0;22;0;0;0;0;9;9;0;0;0;0;0;0;0;0;0;0;0;0
PT0073;20;20;MF 23-3-20;PT;G;csv;;0;23;0;0;0;0;3;20;3;0;0;0;0;0;0;0;0;0;0;0
PT0074;618;618;MF 23 6 8 + EM;PT;G;csv;;0;23;0;0;0;0;6;8;0;0;0;0;0;0;0;0;0;0;0;0
PT0075;394;394;MF 23-3-20+EM;PT;G;csv;;0;23;0;0;0;0;3;20;0;0;0;0;0;0;0;0;0;0;0;0
PT0076;506;506;MF 23-5-6+EM;PT;G;csv;;0;23;0;0;0;0;5;6;0;0;0;0;0;0;0;0;0;0;0;0
PT0077;508;508;MF 23-6-8+EM;PT;G;csv;;0;23;0;0;0;0;6;8;0;0;0;0;0;0;0;0;0;0;0;0
PT0078;308;308;MF 24-0-17+EM;PT;G;csv;;0;24;0;0;0;0;0;17;0;0;0;0;0;0;0;0;0;0;0;0
PT0079;174;174;MF 24-3-9-3+EM;PT;G;csv;;0;24;0;0;0;0;3;9;3;0;0;0;0;0;0;0;0;0;0;0
PT0080;348;348;MF 24-5-7-5S-3Ca+1CO;PT;G;csv;;1;24;0;0;0;0;5;7;3;0;5;0;0;0;0;0;0;0;0;0
PT0081;436;436;MF 24-0-2+EM;PT;G;csv;;0;24;0;0;0;0;0;2;0;0;0;0;0;0;0;0;0;0;0;0
PT0082;532;532;MF 24-3-12+EM;PT;G;csv;;0;24;0;0;0;0;3;12;0;0;0;0;0;0;0;0;0;0;0;0
PT0083;440;440;MF 24-4-11+EM;PT;G;csv;;0;24;0;0;0;0;4;11;0;0;0;0;0;0;0;0;0;0;0;0
PT0084;473;473;MF 24-5-6+EM;PT;G;csv;;0;24;0;0;0;0;5;6;0;0;0;0;0;0;0;0;0;0;0;0
PT0085;328;328;MF 25-0-15+EM;PT;G;csv;;0;25;0;0;0;0;0;15;0;0;0;0;0;0;0;0;0;0;0;0
PT0086;146;146;MF 25-0-17-4S+EM;PT;G;csv;;0;25;0;0;0;0;0;17;0;0;4;0;0;0;0;0;0;0;0;0
PT0087;148;148;MF 25-10-18+ MEORES;PT;G;csv;;0;25;0;0;0;0;10;18;0;0;0;0;0;0;0;0;0;0;0;0
PT0088;175;175;MF 25-10-18+EM;PT;G;csv;;0;25;0;0;0;0;10;18;0;0;0;0;0;0;0;0;0;0;0;0
PT0089;382;382;MF 25-15-2-3-2;PT;G;csv;;0;25;0;0;0;0;15;2;3;2;0;0;0;0;0;0;0;0;0;0
PT0090;82;82;MF 25-4-24;PT;G;csv;;0;25;0;0;0;0;4;24;0;0;0;0;0;0;0;0;0;0;0;0
PT0091;518;518;MF 25-17-1+EM;PT;G;csv;;0;25;0;0;0;0;17;1;0;0;0;0;0;0;0;0;0;0;0;0
PT0092;455;455;MF 25-1-13+EM;PT;G;csv;;0;25;0;0;0;0;1;13;0;0;0;0;0;0;0;0;0;0;0;0
PT0093;509;509;MF 25-4-11+EM;PT;G;csv;;0;25;0;0;0;0;4;11;0;0;0;0;0;0;0;0;0;0;0;0
PT0094;656;656;MF 25-4-17+EM;PT;G;csv;;0;25;0;0;0;0;4;17;0;0;0;0;0;0;0;0;0;0;0;0
PT0095;367;367;MF 25-5-0-8Ca+EM;PT;G;csv;;0;25;0;0;0;0;5;0;8;0;0;0;0;0;0;0;0;0;0;0
PT0096;533;533;MF 25-5-12+EM;PT;G;csv;;0;25;0;0;0;0;5;12;0;0;0;0;0;0;0;0;0;0;0;0
PT0097;492;492;MF 25-7K-2CA+EM;PT;G;csv;;0;25;0;0;0;0;7;7;0;0;0;0;0;0;0;0;0;0;0;0
PT0098;652;652;MF 25-7-7+EM;PT;G;csv;;0;25;0;0;0;0;7;7;0;0;0;0;0;0;0;0;0;0;0;0
PT0099;648;648;MF 25-8-14+EM;PT;G;csv;;0;25;0;0;0;0;8;14;0;0;0;0;0;0;0;0;0;0;0;0
PT0100;159;159;MF 26-0-17+EM;PT;G;csv;;0;26;0;0;0;0;0;17;0;0;0;0;0;0;0;0;0;0;0;0
PT0101;176;176;MF 26-1-12-+EM;PT;G;csv;;0;26;0;0;0;0;1;12;0;0;0;0;0;0;0;0;0;0;0;0
PT0102;619;619;MF 26 7 6 + EM;PT;G;csv;;0;26;0;0;0;0;7;6;0;0;0;0;0;0;0;0;0;0;0;0
PT0103;514;514;MF 26-1-11+EM;PT;G;csv;;0;26;0;0;0;0;1;11;0;0;0;0;0;0;0;0;0;0;0;0
PT0104;512;512;MF 26-5-11+EM;PT;G;csv;;0;26;0;0;0;0;5;11;0;0;0;0;0;0;0;0;0;0;0;0
PT0105;476;476;MF 26-9-9+EM;PT;G;csv;;0;26;0;0;0;0;9;9;0;0;0;0;0;0;0;0;0;0;0;0
PT0106;136;136;MF 27-17-0Ca;PT;G;csv;;0;27;0;0;0;0;17;0;0;0;0;0;0;0;0;0;0;0;0;0
PT0107;630;630;MF 27-0-14+EM;PT;G;csv;;0;27;0;0;0;0;0;14;0;0;5;0;0;0;0;0;0;2;0;0
PT0108;385;385;MF 27-15K-5S-2Si-0,80CO;PT;G;csv;;0.8;27;0;0;0;0;0;15;0;0;0;0;0;0;0;0;0;0;0;0
PT0109;445;445;MF 27-1-12-2Ca+EM;PT;G;csv;;0;27;0;0;0;0;1;12;2;0;0;0;0;0;0;0;0;0;0;0
PT0110;475;475;MF 27-1-7+EM;PT;G;csv;;0;27;0;0;0;0;1;7;0;0;0;0;0;0;0;0;0;0;0;0
PT0111;653;653;MF 27-1-8+EM;PT;G;csv;;0;27;0;0;0;0;1;8;0;0;0;0;0;0;0;0;0;0;0;0
PT0112;642;642;MF 27-3-12+EM;PT;G;csv;;0;27;0;0;0;0;3;12;0;0;0;0;0;0;0;0;0;0;0;0
PT0113;536;536;MF 27-3-3+EM;PT;G;csv;;0;27;0;0;0;0;3;3;0;0;0;0;0;0;0;0;0;0;0;0
PT0114;438;438;MF 27-4-3+EM;PT;G;csv;;0;27;0;0;0;0;4;3;0;0;0;0;0;0;0;0;0;0;0;0
PT0115;606;606;MF 27-6-13+EM;PT;G;csv;;0;27;0;0;0;0;6;13;0;0;0;0;0;0;0;0;0;0;0;0
PT0116;480;480;MF 27-9K-10S+EM;PT;G;csv;;0;27;0;0;0;0;6;9;0;0;10;0;0;0;0;0;0;0;0;0
PT0117;299;299;MF 28-0-6-2Ca+EM;PT;G;csv;;0;28;0;0;0;0;0;6;2;0;0;0;0;0;0;0;0;0;0;0
PT0118;312;312;MF 28-0-9-2Ca+EM;PT;G;csv;;0;28;0;0;0;0;0;9;2;0;0;0;0;0;0;0;0;0;0;0
PT0119;165;165;MF 28-1-12+EM;PT;G;csv;;0;28;0;0;0;0;1;12;2;0;0;0;0;0;0;0;0;0;0;0
PT0120;303;303;MF 28-1-6-2Ca+EM;PT;G;csv;;0;28;0;0;0;0;1;6;2;0;0;0;0;0;0;0;0;0;0;0
PT0121;352;352;MF 28-1-6-5S-EM+1CO;PT;G;csv;;1;28;0;0;0;0;1;6;0;0;5;0;0;0;0;0;0;0;0;0
PT0122;620;620;MF 28-1-7 +EM;PT;G;csv;;0;28;0;0;0;0;1;7;0;0;0;0;0;0;0;0;0;0;0;0
PT0123;617;617;MF 28 1 8 + EM;PT;G;csv;;0;28;0;0;0;0;1;8;0;0;0;0;0;0;0;0;0;0;0;0
PT0124;513;513;MF 28-0-12+EM;PT;G;csv;;0;28;0;0;0;0;0;12;0;0;0;0;0;0;0;0;0;0;0;0
PT0125;537;537;MF 28-14-10+EM;PT;G;csv;;0;28;0;0;0;0;14;10;0;0;0;0;0;0;0;0;0;0;0;0
PT0126;432;432;MF 28-1-12+EM;PT;G;csv;;0;28;0;0;0;0;1;12;0;0;0;0;0;0;0;0;0;0;0;0
PT0127;487;487;MF 28-4-15 +EM;PT;G;csv;;0;28;0;0;0;0;4;15;0;0;0;0;0;0;0;0;0;0;0;0
PT0128;469;469;MF 28-5-6+EM;PT;G;csv;;0;28;0;0;0;0;5;6;0;0;0;0;0;0;0;0;0;0;0;0
PT0129;527;527;MF 29-0-16-4S;PT;G;csv;;0;29;0;0;0;0;0;16;0;0;4;0;0;0;0;0;0;0;0;0
PT0130;522;522;MF 29-10-10+EM;PT;G;csv;;0;29;0;0;0;0;10;10;0;0;0;0;0;0;0;0;0;0;0;0
PT0131;417;417;MF 29-3-15+EM;PT;G;csv;;0;29;0;0;0;0;3;15;0;0;0;0;0;0;0;0;0;0;0;0
PT0132;389;389;MF 3-10-2 + EM;PT;G;csv;;0;3;0;0;0;0;10;2;0;0;0;0;0;0;0;0;0;0;0;0
PT0133;163;163;MF 30-0-20 +EM +TMC;PT;G;csv;;0;30;0;0;0;0;0;20;0;0;0;0;0;0;0;0;0;0;0;0
PT0134;418;418;MF 30 0 20;PT;G;csv;;0;30;0;0;0;0;0;20;0;0;0;0;0;0;0;0;0;0;0;0
PT0135;538;538;MF 30-11-10+EM;PT;G;csv;;0;30;0;0;0;0;11;10;0;0;0;0;0;0;0;0;0;0;0;0
PT0136;493;493;MF 30-12K-2CA+EM;PT;G;csv;;0;30;0;0;0;0;12;12;2;0;0;0;0;0;0;0;0;0;0;0
PT0137;298;298;MF 31-0-20+X;PT;G;csv;;0;31;0;0;0;0;0;20;0;0;0;0;0;0;0;0;0;0;0;0
PT0138;187;187;MF 31-0-20+TMC;PT;G;csv;;0;31;0;0;0;0;0;20;0;0;0;0;0;0;0;0;0;0;0;0
PT0139;81;81;MF 31-8-8-2;PT;G;csv;;0;31;0;0;0;0;8;8;2;0;0;0;0;0;0;0;0;0;0;0
PT0140;521;521;MF 31-6-11+EM;PT;G;csv;;0;31;0;0;0;0;6;11;0;0;0;0;0;0;0;0;0;0;0;0
PT0141;380;380;MF 32-0-6+EM;PT;G;csv;;0;32;0;0;0;0;0;6;0;0;0;0;0;0;0;0;0;0;0;0
PT0142;327;327;MF 32-6-5-2SI-1CO;PT;G;csv;;1;32;0;0;0;0;6;5;0;0;0;0;0;0;0;0;0;2;0;0
PT0143;383;383;MF 32 1 6 2Ca+ EM;PT;G;csv;;0;32;0;0;0;0;1;6;2;0;0;0;0;0;0;0;0;0;0;0
PT0144;665;665;MF 32-1-12+EM;PT;G;csv;;0;32;0;0;0;0;1;12;0;0;0;0;0;0;0;0;0;0;0;0
PT0145;626;626;MF 33-1-12+EM;PT;G;csv;;0;33;0;0;0;0;1;12;0;0;0;0;0;0;0;0;0;0;0;0
PT0146;479;479;MF 33-5-12;PT;G;csv;;0;33;0;0;0;0;5;12;0;0;0;0;0;0;0;0;0;0;0;0
PT0147;523;523;MF 37-0-11;PT;G;csv;;0;37;0;0;0;0;0;11;0;0;0;0;0;0;0;0;0;0;0;0
PT0148;434;434;MF 37-2Ca-2Mg+EM;PT;G;csv;;0;37;0;0;0;0;0;0;2;2;0;0;0;0;0;0;0;0;0;0
PT0149;168;168;MF 38-0-0-8;PT;G;csv;;0;38;0;0;0;0;0;0;8;0;0;0;0;0;0;0;0;0;0;0
PT0150;399;399;MF 38-10K_;PT;G;csv;;0;38;0;0;0;0;0;10;0;0;0;0;0;0;0;0;0;0;0;0
PT0151;640;640;MF 3-13-32+EM;PT;G;csv;;0;3;0;0;0;0;13;32;0;0;0;0;0;0;0;0;0;0;0;0
PT0152;369;369;MF 40-3-0-2+EM;PT;G;csv;;0;40;0;0;0;0;3;0;2;0;0;0;0;0;0;0;0;0;0;0
PT0153;292;292;MF 52K-1,1B-0,5Z;PT;G;csv;;0;0;0;0;0;0;0;52;0;0;0;1.1;0;0;0;0;0;0;0.5;0
PT0154;391;391;MF 6-9-6+EM;PT;G;csv;;0;6;0;0;0;0;9;6;0;0;0;0;0;0;0;0;0;0;0;0
PT0155;356;356;MF 7-7-5-3S+EM+2CO;PT;G;csv;;2;7;0;0;0;0;7;5;0;0;3;0;0;0;0;0;0;0;0;0
PT0156;545;545;MF 7-14-29+EM;PT;G;csv;;0;7;0;0;0;0;14;29;0;0;0;0;0;0;0;0;0;0;0;0
PT0157;313;313;MF 8-24-8+EM;PT;G;csv;;0;8;0;0;0;0;24;8;0;0;0;0;0;0;0;0;0;0;0;0
PT0158;435;435;MF 8-15-23+EM;PT;G;csv;;0;8;0;0;0;0;15;23;0;0;0;0;0;0;0;0;0;0;0;0
PT0159;510;510;MF 8-17-34-1S;PT;G;csv;;0;8;0;0;0;0;17;34;0;0;1;0;0;0;0;0;0;0;0;0
PT0160;453;453;MF 8-20-12+EM;PT;G;csv;;0;8;0;0;0;0;20;12;0;0;0;0;0;0;0;0;0;0;0;0
PT0161;439;439;MF 9-12-24+EM;PT;G;csv;;0;9;0;0;0;0;12;24;0;0;0;0;0;0;0;0;0;0;0;0
PT0162;21;21;MF-17-6-18-2;PT;G;csv;;0;17;0;0;0;0;6;18;0;0;2;0;0;0;0;0;0;0;0;0
PT0163;22;22;MF-23-3-20-4Ca-3Si;PT;G;csv;;0;23;0;0;0;0;3;20;4;0;0;0;0;0;0;0;0;3;0;0
PT0164;673;673;MFE 0-10+EM;PT;G;csv;;0;0;0;0;0;0;1;0;0;0;0;0;0;0;0;0;0;0;0;0
PT0165;588;588;MFE 10 11 29;PT;G;csv;;0;10;0;0;0;0;11;29;0;0;0;0;0;0;0;0;0;0;0;0
PT0166;641;641;MFE 10-24-14 +EM;PT;G;csv;;0;10;0;0;0;0;24;14;0;0;0;0;0;0;0;0;0;0;0;0
PT0167;542;542;MFE 10-25-8+EM;PT;G;csv;;0;10;0;0;0;0;25;8;0;0;0;0;0;0;0;0;0;0;0;0
PT0168;589;589;MFE 10-6-16 +EM;PT;G;csv;;0;10;0;0;0;0;6;16;0;0;0;0;0;0;0;0;0;0;0;0
PT0169;668;668;MFE 10-6-6+EM;PT;G;csv;;0;10;0;0;0;0;6;6;0;0;0;0;0;0;0;0;0;0;0;0
PT0170;569;569;MFE 10-9-18+EM;PT;G;csv;;0;10;0;0;0;0;9;18;0;0;0;0;0;0;0;0;0;0;0;0
PT0171;544;544;MFE 11-24-9+EM;PT;G;csv;;0;11;0;0;0;0;24;9;0;0;0;0;0;0;0;0;0;0;0;0
PT0172;646;646;MFE 11-25-9+EM;PT;G;csv;;0;11;0;0;0;0;25;9;0;0;0;0;0;0;0;0;0;0;0;0
PT0173;660;660;MFE 11-9-18+EM;PT;G;csv;;0;11;0;0;0;0;9;18;0;0;0;0;0;0;0;0;0;0;0;0
PT0174;587;587;MFE 12 25 9;PT;G;csv;;0;12;0;0;0;0;25;9;0;0;0;0;0;0;0;0;0;0;0;0
PT0175;659;659;MFE 13-15-10+EM;PT;G;csv;;0;13;0;0;0;0;16;10;0;0;0;0;0;0;0;0;0;0;0;0
PT0176;314;314;MFE 13-26-6+EM;PT;G;csv;;0;13;0;0;0;0;26;6;0;0;0;0;0;0;0;0;0;0;0;0
PT0177;489;489;MFE 13-36-10+EM;PT;G;csv;;0;13;0;0;0;0;36;10;0;0;0;0;0;0;0;0;0;0;0;0
PT0178;601;601;MFE 13-6-6+EM;PT;G;csv;;0;13;0;0;0;0;6;6;0;0;0;0;0;0;0;0;0;0;0;0
PT0179;590;590;MFE 15-12-20+EM;PT;G;csv;;0;15;0;0;0;0;12;20;0;0;0;0;0;0;0;0;0;0;0;0
PT0180;623;623;MFE 15-20-2+EM;PT;G;csv;;0;15;0;0;0;0;20;2;0;0;0;0;0;0;0;0;0;0;0;0
PT0181;602;602;MFE 15-21-1+EM;PT;G;csv;;0;15;0;0;0;0;21;1;0;0;0;0;0;0;0;0;0;0;0;0
PT0182;635;635;MFE 15-9-20+EM;PT;G;csv;;0;15;0;0;0;0;9;20;0;0;0;0;0;0;0;0;0;0;0;0
PT0183;658;658;MFE 16-21-5+EM;PT;G;csv;;0;16;0;0;0;0;21;5;0;0;0;0;0;0;0;0;0;0;0;0
PT0184;429;429;MFE 18-18-18+EM;PT;G;csv;;0;18;0;0;0;0;18;18;0;0;0;0;0;0;0;0;0;0;0;0
PT0185;649;649;MFE 18-2-0+EM;PT;G;csv;;0;18;0;0;0;0;2;0;0;0;0;0;0;0;0;0;0;0;0;0
PT0186;414;414;MFE 18-9-29+EM;PT;G;csv;;0;18;0;0;0;0;9;29;0;0;0;0;0;0;0;0;0;0;0;0
PT0187;674;674;MFE 19-25-6+EM;PT;G;csv;;0;19;0;0;0;0;25;6;0;0;0;0;0;0;0;0;0;0;0;0
PT0188;566;566;MFE 19-4-10+EM;PT;G;csv;;0;19;0;0;0;0;4;10;0;0;0;0;0;0;0;0;0;0;0;0
PT0189;586;586;MFE 19-4-18;PT;G;csv;;0;19;0;0;0;0;4;18;0;0;0;0;0;0;0;0;0;0;0;0
PT0190;596;596;MFE 20-3-14+EM;PT;G;csv;;0;20;0;0;0;0;3;14;0;0;0;0;0;0;0;0;0;0;0;0
PT0191;413;413;MFE 20-4-18+EM;PT;G;csv;;0;20;0;0;0;0;4;18;0;0;0;0;0;0;0;0;0;0;0;0
PT0192;555;555;MFE 21-4-11+EM;PT;G;csv;;0;21;0;0;0;0;4;11;0;0;0;0;0;0;0;0;0;0;0;0
PT0193;654;654;MFE 21-7-8 + EM;PT;G;csv;;0;21;0;0;0;0;7;8;0;0;0;0;0;0;0;0;0;0;0;0
PT0194;1410;1410;MFE 22-3-7;PT;G;csv;;0;22;0;0;0;0;3;7;0;0;0;0;0;0;0;0;0;0;0;0
PT0195;664;664;MFE 22-0-19+EM;PT;G;csv;;0;22;0;0;0;0;0;19;0;0;0;0;0;0;0;0;0;0;0;0
PT0196;560;560;MFE 22-3-0+ EM;PT;G;csv;;0;22;0;0;0;0;3;0;0;0;0;0;0;0;0;0;0;0;0;0
PT0197;645;645;MFE 22-3-3+EM;PT;G;csv;;0;22;0;0;0;0;3;3;0;0;0;0;0;0;0;0;0;0;0;0
PT0198;662;662;MFE 22-6-3+EM;PT;G;csv;;0;22;0;0;0;0;6;3;0;0;0;0;0;0;0;0;0;0;0;0
PT0199;605;605;MFE 22-7K-12S+EM;PT;G;csv;;0;22;0;0;0;0;0;7;0;0;12;0;0;0;0;0;0;0;0;0
PT0200;639;639;MFE 22-8-10+EM;PT;G;csv;;0;22;0;0;0;0;8;10;0;0;0;0;0;0;0;0;0;0;0;0
PT0201;535;535;MFE 22-9-0+EM;PT;G;csv;;0;22;0;0;0;0;9;0;0;0;0;0;0;0;0;0;0;0;0;0
PT0202;669;669;MFE 23-1-18+EM;PT;G;csv;;0;23;0;0;0;0;1;18;0;0;0;0;0;0;0;0;0;0;0;0
PT0203;651;651;MFE 23-4-16+EM;PT;G;csv;;0;23;0;0;0;0;4;16;0;0;0;0;0;0;0;0;0;0;0;0
PT0204;593;593;MFE 23-4-9+EM;PT;G;csv;;0;23;0;0;0;0;4;9;0;0;0;0;0;0;0;0;0;0;0;0
PT0205;420;420;MFE 23-5-10+EM;PT;G;csv;;0;23;0;0;0;0;5;10;0;0;0;0;0;0;0;0;0;0;0;0
PT0206;554;554;MFE 23-9-11+EM;PT;G;csv;;0;23;0;0;0;0;9;11;0;0;0;0;0;0;0;0;0;0;0;0
PT0207;650;650;MFE 24-2-9+EM;PT;G;csv;;0;24;0;0;0;0;2;9;0;0;0;0;0;0;0;0;0;0;0;0
PT0208;585;585;MFE 24-4-2K+EM;PT;G;csv;;0;24;0;0;0;0;4;2;0;0;0;0;0;0;0;0;0;0;0;0
PT0209;965;965;MFE 24-4-10+EM;PT;G;csv;;0;24;0;0;0;0;4;10;0;0;0;0;0;0;0;0;0;0;0;0
PT0210;616;616;MFE 24-6-7+EM;PT;G;csv;;0;24;0;0;0;0;6;7;0;0;0;0;0;0;0;0;0;0;0;0
PT0211;591;591;MFE 24-9K-12S+EM;PT;G;csv;;0;24;0;0;0;0;0;9;0;0;12;0;0;0;0;0;0;0;0;0
PT0212;614;614;MFE 24-9-7S+EM;PT;G;csv;;0;24;0;0;0;0;9;0;0;0;7;0;0;0;0;0;0;0;0;0
PT0213;629;629;MFE 25-0-8+EM;PT;G;csv;;0;25;0;0;0;0;0;8;0;0;0;0;0;0;0;0;0;0;0;0
PT0214;412;412;MFE 25-13-12 +EM;PT;G;csv;;0;25;0;0;0;0;13;12;0;0;0;0;0;0;0;0;0;0;0;0
PT0215;628;628;MFE 25-4-14+EM;PT;G;csv;;0;25;0;0;0;0;4;14;0;0;0;0;0;0;0;0;0;0;0;0
PT0216;677;677;MFE 25-6-0+EM;PT;G;csv;;0;25;0;0;0;0;6;0;0;0;0;0;0;0;0;0;0;0;0;0
PT0217;568;568;MFE 25-6-13+EM;PT;G;csv;;0;25;0;0;0;0;6;13;0;0;0;0;0;0;0;0;0;0;0;0
PT0218;644;644;MFE 25-8-16+EM;PT;G;csv;;0;25;0;0;0;0;8;16;0;0;0;0;0;0;0;0;0;0;0;0
PT0219;594;594;MFE 26-11-6+EM;PT;G;csv;;0;26;0;0;0;0;11;6;0;0;0;0;0;0;0;0;0;0;0;0
PT0220;582;582;MFE 26-20K-4S;PT;G;csv;;0;26;0;0;0;0;0;20;0;0;4;0;0;0;0;0;0;0;0;0
PT0221;627;627;MFE 26-2-9-2Ca;PT;G;csv;;0;26;0;0;0;0;2;9;2;0;0;0;0;0;0;0;0;0;0;0
PT0222;431;431;MFE 26-6-2+EM;PT;G;csv;;0;26;0;0;0;0;6;2;0;0;0;0;0;0;0;0;0;0;0;0
PT0223;682;682;MFE 26-7-0+EM;PT;G;csv;;0;26;0;0;0;0;7;0;0;0;0;0;0;0;0;0;0;0;0;0
PT0224;625;625;MFE 27-18K-5S;PT;G;csv;;0;27;0;0;0;0;0;18;0;0;5;0;0;0;0;0;0;0;0;0
PT0225;672;672;MFE 27-20-0+EM;PT;G;csv;;0;27;0;0;0;0;20;0;0;0;0;0;0;0;0;0;0;0;0;0
PT0226;539;539;MFE 27-5-11+EM;PT;G;csv;;0;27;0;0;0;0;5;11;0;0;0;0;0;0;0;0;0;0;0;0
PT0227;610;610;MFE 27-8-9+EM ILO;PT;G;csv;;0;27;0;0;0;0;8;9;0;0;0;0;0;0;0;0;0;0;0;0
PT0228;621;621;MFE 28-24-0;PT;G;csv;;0;28;0;0;0;0;0;24;0;0;0;0;0;0;0;0;0;0;0;0
PT0229;1401;1401;MFE 28 5 5.4 + EM;PT;G;csv;;0;28;0;0;0;0;5;5.4;1.8;3.5;3.6;0;0;0;0;0;0;0;0;0
PT0230;600;600;MFE 28-14-6+EM;PT;G;csv;;0;28;0;0;0;0;14;6;0;0;0;0;0;0;0;0;0;0;0;0
PT0231;657;657;MFE 28-4-9+EM;PT;G;csv;;0;28;0;0;0;0;4;9;0;0;0;0;0;0;0;0;0;0;0;0
PT0232;592;592;MFE 28-5-0+EM;PT;G;csv;;0;28;0;0;0;0;5;0;0;0;0;0;0;0;0;0;0;0;0;0
PT0233;548;548;MFE 28-5-15+EM;PT;G;csv;;0;28;0;0;0;0;5;15;0;0;0;0;0;0;0;0;0;0;0;0
PT0234;609;609;MFE 28-5-9+EM;PT;G;csv;;0;28;0;0;0;0;5;9;0;0;0;0;0;0;0;0;0;0;0;0
PT0235;608;608;MFE 29 10 6 + EM;PT;G;csv;;0;29;0;0;0;0;10;6;0;0;0;0;0;0;0;0;0;0;0;0
PT0236;428;428;MFE 29-15-5+EM;PT;G;csv;;0;29;0;0;0;0;15;5;0;0;0;0;0;0;0;0;0;0;0;0
PT0237;607;607;MFE 29-1-11+EM;PT;G;csv;;0;29;0;0;0;0;1;11;0;0;0;0;0;0;0;0;0;0;0;0
PT0238;683;683;MFE 29-6-12+EM;PT;G;csv;;0;29;0;0;0;0;6;12;0;0;0;0;0;0;0;0;0;0;0;0
PT0239;840;840;MFE 30-0-20;PT;G;csv;;0;30;0;0;0;0;0;20;0;0;0;0;0;0;0;0;0;0;0;0
PT0240;598;598;MFE 30-11-6+EM;PT;G;csv;;0;30;0;0;0;0;11;6;0;0;0;0;0;0;0;0;0;0;0;0
PT0241;465;465;MFE 30-8-0-5CA+EM;PT;G;csv;;0;30;0;0;0;0;8;0;4;0;0;0;0;0;0;0;0;0;0;0
PT0242;676;676;MFE 30-9-0+EM;PT;G;csv;;0;30;0;0;0;0;9;0;0;0;0;0;0;0;0;0;0;0;0;0
PT0243;671;671;MFE 31-5-0+EM;PT;G;csv;;0;31;0;0;0;0;5;0;0;0;0;0;0;0;0;0;0;0;0;0
PT0244;597;597;MFE 31-6-7+EM;PT;G;csv;;0;31;0;0;0;0;6;7;0;0;0;0;0;0;0;0;0;0;0;0
PT0245;581;581;MFE 31-7K-9S;PT;G;csv;;0;31;0;0;0;0;0;7;0;0;9;0;0;0;0;0;0;0;0;0
PT0246;1080;1080;MFE 32-0-9;PT;G;csv;;0;32;0;0;0;0;0;9;0;0;0;0;0;0;0;0;0;0;0;0
PT0247;1402;1402;MFE 32 1 12;PT;G;csv;;0;32;0;0;0;0;1;12;0;0;0;0;0;0;0;0;0;1.6;0.5;0
PT0248;599;599;MFE 33-6-6+EM;PT;G;csv;;0;33;0;0;0;0;6;6;0;0;0;0;0;0;0;0;0;0;0;0
PT0249;666;666;MFE 4-9-0+ EM;PT;G;csv;;0;4;0;0;0;0;9;0;0;0;0;0;0;0;0;0;0;0;0;0
PT0250;622;622;MFE 5-8-29+EM;PT;G;csv;;0;5;0;0;0;0;8;29;0;0;0;0;0;0;0;0;0;0;0;0
PT0251;603;603;MFE 6-6-33+EM;PT;G;csv;;0;6;0;0;0;0;6;33;0;0;0;0;0;0;0;0;0;0;0;0
PT0252;661;661;MFE 7-8-30+EM;PT;G;csv;;0;7;0;0;0;0;8;30;0;0;0;0;0;0;0;0;0;0;0;0
PT0253;551;551;MFE 8-6-24+EM;PT;G;csv;;0;8;0;0;0;0;6;24;0;0;0;0;0;0;0;0;0;0;0;0
PT0254;164;164;MICRON C;PT;G;csv;;0;46;0;0;0;0;0;0;0;0;0;0;0;0;0;0;0;0;0;0
PT0255;188;188;MICRON CS;PT;G;csv;;0;40;0;0;0;0;0;0;0;0;6;0;0;0;0;0;0;0;0;0
PT0256;65;65;NUCLEO 4;PT;G;csv;;0;0;0;0;0;0;0;0;18;18;4;0;0;0;0;0;0;14;0;0
PT0257;62;62;NUCLEO CAMASI GRIS;PT;G;csv;;0;0;0;0;0;0;0;0;10;1;1;0;0;0;0;0;0;20;0;0
PT0258;563;563;NUCLEO CAMASI YARA;PT;G;csv;;0;0;0;0;0;0;0;0;25;3;1;0;0;0;0;0;0;14;0;0
PT0259;140;140;NUCLEO FERCON;PT;G;csv;;0;0;0;0;0;0;0;0;17;17;4;0;0;0;0;0;0;12;0;0
PT0260;679;679;NUCLEO FOSFORO 10;PT;G;csv;;0;0;0;0;0;0;10;0;14;2;5;0;0;0;0;0;0;2;0;0
PT0261;208;208;NUCLEO MAGNESIO;PT;G;csv;;0;0;0;0;0;0;0;0;0;16;8;0;0;0;0;0;0;0;0;0
PT0262;803;803;NUCLEO MAGNESIO-S;PT;G;csv;;0;0;0;0;0;0;0;0;0;16;8;0;0;0;0;0;0;0;0;0
PT0263;604;604;NUCLEO MAGNESIO-SILICIO;PT;G;csv;;0;0;0;0;0;0;0;0;0;28;1;0;0;0;0;0;0;30;0;0
PT0264;558;558;NUCLEO MAGNESIO-SILICIO EM;PT;G;csv;;0;0;0;0;0;0;0;0;0;28;1;0;0;0;0;0;0;30;0;0
PT0265;155;155;RAIFOS 20;PT;G;csv;;5;0;0;0;0;0;20;0;23;1.5;1;0;0;0;0;0;0;21;0;0
PT0266;35;35;SILIMAGRAN;PT;G;csv;;0;0;0;0;0;0;5;0;0;30;0;0;0;0;0;0;0;30;0;0
PT0267;564;564;SULFATO ZINC 30%;PT;G;csv;;0;0;0;0;0;0;0;0;0;0;0;0;0;0;0;0;0;0;30;0
PT0268;160;160;ZUELO CA;PT;G;csv;;0;0;0;0;0;0;0;3;27;12;4;0;0;0;0;0;0;4;0;0
PT0269;PT0269;PT0269;CALFEIMPULSO;PT;G;manual;;0.4;21;0;0;0;0;4;18;2;3;1;0.2;0;0;0;0;0;4;0.4;0
PT0270;PT0270;PT0270;RETAPE;PT;G;manual;;1;8;0;0;0;0;28;8;4.6;5.1;0.4;0;0;0;0;0;0;8.9;0.04;0
PT0271;PT0271;PT0271;DESYERBE;PT;G;manual;;0;10;0;0;0;0;14;34;1.1;0.5;0.2;0.1;0;0;0;0;0;0.2;0;0
PT0272;PT0272;PT0272;RICE START C+EM;PT;G;manual;;0.3;15;0;0;0;0;22;11;3.3;2.1;0.4;0.03;0;0;0;0;0;2.6;0.19;0
PT0273;PT0273;PT0273;RICE BALANCE C+EM;PT;G;manual;;0.3;20;0;0;0;0;1;23;0.1;5;1;0;0;0;0;0;0;5;0;0
PT0274;PT0274;PT0274;PALM DRIVE C+EM;PT;G;manual;;0.2;14;0;0;0;0;5;26;1;5;1.1;0.1;0;0;0;0;0;5.3;0.32;0
PT0275;PT0275;PT0275;MFE 20-7-10;PT;G;manual;;0;20;0;0;0;0;7;10;0;0;0;0;0;0;0;0;0;0;0;0
PT0276;PT0276;PT0276;MFE 43.5-0-0-2.4S;PT;PT;manual;;0;43.5;0;0;0;0;0;0;0;0;2.4;0;0;0;0;0;0;0;0;0
PT0277;PT0277;PT0277;NUCLEO FOSFORO 1 - 1;PT;PT;manual;;0;0;0;0;0;0;0;0;0;0;0;0;0;0;0;0;0;0;0;0
PT0278;PT0278;PT0278;NUCLEO FOSFORO 1 - 2;PT;PT;manual;;0;0;0;0;0;0;0;0;0;0;0;0;0;0;0;0;0;0;0;0
PT0279;PT0279;PT0279;NUCLEO CAMASI ROJO;PT;PT;manual;;0;0;0;0;0;0;0;0;0;0;0;0;0;0;0;0;0;0;0;0
PT0280;PT0280;PT0280;CALFER FLORACION;PT;PT;manual;;0;0;0;0;0;0;0;0;0;0;0;0;0;0;0;0;0;0;0;0
PT0281;PT0281;PT0281;CALFER LLENADO;PT;PT;manual;;0;0;0;0;0;0;0;0;0;0;0;0;0;0;0;0;0;0;0;0
PT0282;PT0282;PT0282;CALFER MENORES;PT;PT;manual;;0;0;0;0;0;0;0;0;0;0;0;0;0;0;0;0;0;0;0;0
PT0283;PT0283;PT0283;SOLURAIFOS;PT;PT;manual;;0;0;0;0;0;0;0;0;0;0;0;0;0;0;0;0;0;0;0;0
PT0284;PT0284;PT0284;SULFA K 50;PT;PT;manual;;0;0;0;0;0;0;0;0;0;0;0;0;0;0;0;0;0;0;0;0
PT0285;PT0285;PT0285;PRODUCCION 17;PT;PT;manual;;0;0;0;0;0;0;0;0;0;0;0;0;0;0;0;0;0;0;0;0
PT0286;PT0286;PT0286;CALFER DESARROLLO;PT;PT;manual;;0;0;0;0;0;0;0;0;0;0;0;0;0;0;0;0;0;0;0;0
PT0287;PT0287;PT0287;R-VITAL 17;PT;PT;manual;;0;0;0;0;0;0;0;0;0;0;0;0;0;0;0;0;0;0;0;0
PT0288;PT0288;PT0288;ORGANIC M;PT;PT;manual;;0;0;0;0;0;0;0;0;0;0;0;0;0;0;0;0;0;0;0;0
PT0289;PT0289;PT0289;FOLLAJE;PT;PT;manual;;0;0;0;0;0;0;0;0;0;0;0;0;0;0;0;0;0;0;0;0
PT0290;PT0290;PT0290;GANADERO;PT;PT;manual;;0;0;0;0;0;0;0;0;0;0;0;0;0;0;0;0;0;0;0;0
PT0291;PT0291;PT0291;FE SULFATO CALCIO;PT;PT;manual;;0;0;0;0;0;0;0;0;0;0;0;0;0;0;0;0;0;0;0;0
PT0292;PT0292;PT0292;CALFERCORRECTIVO;PT;PT;manual;;0;0;0;0;0;0;0;0;16;4;2.5;0;0;0;0;0;0;14;0;0
PT0293;PT0293;PT0293;NUCLEO N;PT;PT;manual;;0;0;0;0;0;0;0;0;0;0;0;0;0;0;0;0;0;0;0;0
PT0294;PT0294;PT0294;1-CRECIMIENTO;PT;PT;manual;;0;0;0;0;0;0;0;0;0;0;0;0;0;0;0;0;0;0;0;0
PT0295;PT0295;PT0295;2-AVANCE;PT;PT;manual;;0;0;0;0;0;0;0;0;0;0;0;0;0;0;0;0;0;0;0;0
PT0296;PT0296;PT0296;3-PRODUCTOR;PT;PT;manual;;0;0;0;0;0;0;0;0;0;0;0;0;0;0;0;0;0;0;0;0
PT0297;PT0297;PT0297;ZUELO CA P;PT;PT;manual;;0;0;0;0;0;0;0;0;0;0;0;0;0;0;0;0;0;0;0;0
PT0298;PT0298;PT0298;FERTIMENORES;PT;PT;manual;;0;4;0;0;0;0;10;0;13;7;7;1;0;0.5;0;0;0;0;2.5;0