DOSSIER,PRODUCTO,MATERIA_PRIMA,KG_TON,C,N,N-NH4,N-NO3,N-org,N-ur,P,K,CaO,MgO,S,B,Co,Cu,Fe,Mn,Mo,SiO2,Zn,Na
01_1-CRECIMIENTO,1-CRECIMIENTO 30-10-10,UREA,543.4999999999999,0,25.001,0,0,0,25.001,0,0,0,0,0,0,0,0,0,0,0,0,0,0
01_1-CRECIMIENTO,1-CRECIMIENTO 30-10-10,FOSFATO DE AMONIO (MAP),152.49999999999997,0,1.6775,1.6775,0,0,0,7.93,0,0,0,0,0,0,0,0,0,0,0,0,0
01_1-CRECIMIENTO,1-CRECIMIENTO 30-10-10,SULFATO DE AMONIO (SAM),0.29999999999999993,0,0.0063,0.0063,0,0,0,0,0,0,0,0.0072,0,0,0,0,0,0,0,0,0
01_1-CRECIMIENTO,1-CRECIMIENTO 30-10-10,NITRATO DE POTASIO (KNO3),232.59999999999997,0,0,0,0,0,0,0,0,0,0,0,0,0,0,0,0,0,0,0,0
01_1-CRECIMIENTO,1-CRECIMIENTO 30-10-10,SULFATO MAGNESIO,39.99999999999999,0,0,0,0,0,0,0,0,0,1.0,0.8,0,0,0,0,0,0,0,0,0
01_1-CRECIMIENTO,1-CRECIMIENTO 30-10-10,ACIDO BORICO,1.1999999999999997,0,0,0,0,0,0,0,0,0,0,0,0,0,0,0,0,0,0,0,0
01_1-CRECIMIENTO,1-CRECIMIENTO 30-10-10,SULFATO DE COBALTO,0.19999999999999998,0,0,0,0,0,0,0,0,0,0,0,0,0,0,0,0,0,0,0,0
01_1-CRECIMIENTO,1-CRECIMIENTO 30-10-10,SULFATO DE COBRE,0.7999999999999999,0,0,0,0,0,0,0,0,0,0,0,0,0,0.0176,0,0,0,0,0,0
01_1-CRECIMIENTO,1-CRECIMIENTO 30-10-10,SULFATO DE HIERRO,2.4999999999999996,0,0,0,0,0,0,0,0,0,0,0,0,0,0,0,0,0,0,0,0
01_1-CRECIMIENTO,1-CRECIMIENTO 30-10-10,SULFATO DE MANGANESO,1.6999999999999997,0,0,0,0,0,0,0,0,0,0,0,0,0,0,0,0,0,0,0,0
01_1-CRECIMIENTO,1-CRECIMIENTO 30-10-10,MOLIBDATO DE SODIO,0.12999999999999998,0,0,0,0,0,0,0,0,0,0,0,0,0,0,0,0,0,0,0,0
01_1-CRECIMIENTO,1-CRECIMIENTO 30-10-10,SULFATO DE ZINC,0.5999999999999999,0,0,0,0,0,0,0,0,0,0,0,0,0,0,0,0,0,0,0.021,0
01_1-CRECIMIENTO,1-CRECIMIENTO 30-10-10,E.D.T.A,21.069999999999997,0,0,0,0,0,0,0,0,0,0,0,0,0,0,0,0,0,0,0,0
01_1-CRECIMIENTO,1-CRECIMIENTO 30-10-10,DIÓXIDO SILICIO,2.8999999999999995,0,0,0,0,0,0,0,0,0,0,0,0,0,0,0,0,0,0,0,0
01_1-CRECIMIENTO,1-CRECIMIENTO 30-10-10,TOTAL,,0.0,26.6848,1.6838,0.0,0.0,25.001,7.93,0.0,0.0,1.0,0.8072,0.0,0.0,0.0176,0.0,0.0,0.0,0.0,0.021,0.0
02_2-AVANCE,2-AVANCE 20-30-10,UREA,239.09282721518352,0,10.9983,0,0,0,10.9983,0,0,0,0,0,0,0,0,0,0,0,0,0,0
02_2-AVANCE,2-AVANCE 20-30-10,FOSFATO DE AMONIO (MAP),491.7852464426067,0,5.4096,5.4096,0,0,0,25.5728,0,0,0,0,0,0,0,0,0,0,0,0,0
02_2-AVANCE,2-AVANCE 20-30-10,SULFATO DE AMONIO (SAM),4.6998590042298725,0,0.0987,0.0987,0,0,0,0,0,0,0,0.1128,0,0,0,0,0,0,0,0,0
02_2-AVANCE,2-AVANCE 20-30-10,NITRATO DE POTASIO (KNO3),218.89343319700407,0,0,0,0,0,0,0,0,0,0,0,0,0,0,0,0,0,0,0,0
02_2-AVANCE,2-AVANCE 20-30-10,SULFATO MAGNESIO ANHIDRO,31.299061028169152,0,0,0,0,0,0,0,0,0,0.7825,0.626,0,0,0,0,0,0,0,0,0
02_2-AVANCE,2-AVANCE 20-30-10,ACIDO BORICO,1.1999640010799675,0,0,0,0,0,0,0,0,0,0,0,0,0,0,0,0,0,0,0,0
02_2-AVANCE,2-AVANCE 20-30-10,SULFATO DE COBALTO,0.09999700008999729,0,0,0,0,0,0,0,0,0,0,0,0,0,0,0,0,0,0,0,0
02_2-AVANCE,2-AVANCE 20-30-10,SULFATO DE COBRE,1.1999640010799675,0,0,0,0,0,0,0,0,0,0,0,0,0,0.0264,0,0,0,0,0,0
02_2-AVANCE,2-AVANCE 20-30-10,SULFATO FERROSO,2.699919002429927,0,0,0,0,0,0,0,0,0,0,0,0,0,0,0,0,0,0,0,0
02_2-AVANCE,2-AVANCE 20-30-10,SULFATO DE MANGANESO,2.8999130026099214,0,0,0,0,0,0,0,0,0,0,0,0,0,0,0,0,0,0,0,0
02_2-AVANCE,2-AVANCE 20-30-10,MOLIBDATO DE SODIO,0.12999610011699647,0,0,0,0,0,0,0,0,0,0,0,0,0,0,0,0,0,0,0,0
02_2-AVANCE,2-AVANCE 20-30-10,SULFATO DE ZINC,0.5999820005399837,0,0,0,0,0,0,0,0,0,0,0,0,0,0,0,0,0,0,0.021,0
02_2-AVANCE,2-AVANCE 20-30-10,E.D.T.A,2.2999310020699375,0,0,0,0,0,0,0,0,0,0,0,0,0,0,0,0,0,0,0,0
02_2-AVANCE,2-AVANCE 20-30-10,DIÓXIDO SILICIO,3.0999070027899163,0,0,0,0,0,0,0,0,0,0,0,0,0,0,0,0,0,0,0,0
02_2-AVANCE,2-AVANCE 20-30-10,TOTAL,,0.0,16.5066,5.5083,0.0,0.0,10.9983,25.5728,0.0,0.0,0.7825,0.7388,0.0,0.0,0.0264,0.0,0.0,0.0,0.0,0.021,0.0
02_NUCLEO CAMASI,NUCLEO CAMASI GRIS X KILO,CARBONATO DE CALCIO X KILO,350.0,0,0,0,0,0,0,0,0,0,0,0,0,0,0,0,0,0,0,0,0
02_NUCLEO CAMASI,NUCLEO CAMASI GRIS X KILO,KIESERITA EN POLVO X KILO,50.0,0,0,0,0,0,0,0,0,0,0,0,0,0,0,0,0,0,0,0,0
02_NUCLEO CAMASI,NUCLEO CAMASI GRIS X KILO,BENTONITA GRIS X KILO,600.0,0,0,0,0,0,0,0,0,0,0,0,0,0,0,0,0,0,0,0,0
02_NUCLEO CAMASI,NUCLEO CAMASI GRIS X KILO,TOTAL,,0.0,0.0,0.0,0.0,0.0,0.0,0.0,0.0,0.0,0.0,0.0,0.0,0.0,0.0,0.0,0.0,0.0,0.0,0.0,0.0
03_3-PRODUCTOR,3-PRODUCTOR 7-12-40,SULFATO DE AMONIO (SAM),32.2,0,0.6762,0.6762,0,0,0,0,0,0,0,0.7728,0,0,0,0,0,0,0,0,0
03_3-PRODUCTOR,3-PRODUCTOR 7-12-40,NITRATO DE POTASIO,465.2,0,0,0,0,0,0,0,0,0,0,0,0,0,0,0,0,0,0,0,0
03_3-PRODUCTOR,3-PRODUCTOR 7-12-40,FOSFATO DIPOTASICO (DKP),258.7,0,0,0,0,0,0,0,0,0,0,0,0,0,0,0,0,0,0,0,0
03_3-PRODUCTOR,3-PRODUCTOR 7-12-40,SULFATO DE POTASIO,120.6,0,0,0,0,0,0,0,6.2712,0,0,2.1708,0,0,0,0,0,0,0,0,0
03_3-PRODUCTOR,3-PRODUCTOR 7-12-40,SULFATO DE MAGNESIO ANHIDRO,62.5,0,0,0,0,0,0,0,0,0,1.5625,1.25,0,0,0,0,0,0,0,0,0
03_3-PRODUCTOR,3-PRODUCTOR 7-12-40,ACIDO BORICO,1.2,0,0,0,0,0,0,0,0,0,0,0,0,0,0,0,0,0,0,0,0
03_3-PRODUCTOR,3-PRODUCTOR 7-12-40,SULFATO DE COBALTO,0.1,0,0,0,0,0,0,0,0,0,0,0,0,0,0,0,0,0,0,0,0
03_3-PRODUCTOR,3-PRODUCTOR 7-12-40,SULFATO DE COBRE,0.8,0,0,0,0,0,0,0,0,0,0,0,0,0,0.0176,0,0,0,0,0,0
03_3-PRODUCTOR,3-PRODUCTOR 7-12-40,SULFATO DE HIERRO,2.5,0,0,0,0,0,0,0,0,0,0,0,0,0,0,0,0,0,0,0,0
03_3-PRODUCTOR,3-PRODUCTOR 7-12-40,SULFATO DE MANGANESO,1.7,0,0,0,0,0,0,0,0,0,0,0,0,0,0,0,0,0,0,0,0
03_3-PRODUCTOR,3-PRODUCTOR 7-12-40,MOLIBDATO DE SODIO,0.13,0,0,0,0,0,0,0,0,0,0,0,0,0,0,0,0,0,0,0,0
03_3-PRODUCTOR,3-PRODUCTOR 7-12-40,SULFATO DE ZINC,0.9,0,0,0,0,0,0,0,0,0,0,0,0,0,0,0,0,0,0,0.0315,0
03_3-PRODUCTOR,3-PRODUCTOR 7-12-40,E.D.T.A,50.37,0,0,0,0,0,0,0,0,0,0,0,0,0,0,0,0,0,0,0,0
03_3-PRODUCTOR,3-PRODUCTOR 7-12-40,DIÓXIDO SILICIO,3.1,0,0,0,0,0,0,0,0,0,0,0,0,0,0,0,0,0,0,0,0
03_3-PRODUCTOR,3-PRODUCTOR 7-12-40,TOTAL,,0.0,0.6762,0.6762,0.0,0.0,0.0,0.0,6.2712,0.0,1.5625,4.1936,0.0,0.0,0.0176,0.0,0.0,0.0,0.0,0.0315,0.0
03_NUCLEO 4,NUCLEO 4 X KILO,CAL DOLOMITA X KILO,100.0,0,0,0,0,0,0,0,0,0,0,0,0,0,0,0,0,0,0,0,0
03_NUCLEO 4,NUCLEO 4 X KILO,SILICATO DE MAGNESIO X KILO,400.0,0,0,0,0,0,0,0,0,0,0,0,0,0,0,0,0,0,0,0,0
03_NUCLEO 4,NUCLEO 4 X KILO,CARBONATO DE CALCIO X KILO,250.0,0,0,0,0,0,0,0,0,0,0,0,0,0,0,0,0,0,0,0,0
03_NUCLEO 4,NUCLEO 4 X KILO,SULFATO DE CALCIO X KILO,150.0,0,0,0,0,0,0,0,0,0,0,0,0,0,0,0,0,0,0,0,0
03_NUCLEO 4,NUCLEO 4 X KILO,KIESERITA EN POLVO X KILO,100.0,0,0,0,0,0,0,0,0,0,0,0,0,0,0,0,0,0,0,0,0
03_NUCLEO 4,NUCLEO 4 X KILO,TOTAL,,0.0,0.0,0.0,0.0,0.0,0.0,0.0,0.0,0.0,0.0,0.0,0.0,0.0,0.0,0.0,0.0,0.0,0.0,0.0,0.0
04_10-20-20,TODERO,UREA,381.59255429162357,0,17.5533,0,0,0,17.5533,0,0,0,0,0,0,0,0,0,0,0,0,0,0
04_10-20-20,TODERO,FOSFATO MONOAMONICO (MAP),77.04239917269908,0,0.8475,0.8475,0,0,0,4.0062,0,0,0,0,0,0,0,0,0,0,0,0,0
04_10-20-20,TODERO,FOSFATO MONOPOTASICO (MKP),32.8852119958635,0,0,0,0,0,0,1.71,1.1181,0,0,0,0,0,0,0,0,0,0,0,0
04_10-20-20,TODERO,FOSFATO DIPOTASICO (DKP),355.2223371251293,0,0,0,0,0,0,0,0,0,0,0,0,0,0,0,0,0,0,0,0
04_10-20-20,TODERO,SULFATO MAGNESIO ANHIDRO,33.60910031023785,0,0,0,0,0,0,0,0,0,0.8402,0.6722,0,0,0,0,0,0,0,0,0
04_10-20-20,TODERO,SULFATO DE COBRE,1.2409513960703207,0,0,0,0,0,0,0,0,0,0,0,0,0,0.0273,0,0,0,0,0,0
04_10-20-20,TODERO,SULFATO FERROSO MONOHIDRATO,3.6194415718717687,0,0,0,0,0,0,0,0,0,0,0,0,0,0,0,0,0,0,0,0
04_10-20-20,TODERO,SULFATO DE MANGANESO,1.0341261633919339,0,0,0,0,0,0,0,0,0,0,0,0,0,0,0,0,0,0,0,0
04_10-20-20,TODERO,SULFATO DE ZINC,2.0682523267838677,0,0,0,0,0,0,0,0,0,0,0,0,0,0,0,0,0,0,0.0724,0
04_10-20-20,TODERO,QUITINA ORGÁNICA (HYT-C),111.68562564632886,0,0,0,0,0,0,0,0,0,0,0,0,0,0,0,0,0,0,0,0
04_10-20-20,TODERO,TOTAL,,0.0,18.4007,0.8475,0.0,0.0,17.5533,5.7162,1.1181,0.0,0.8402,0.6722,0.0,0.0,0.0273,0.0,0.0,0.0,0.0,0.0724,0.0
04_25-4-24,MF 25-4-24 X KILO,UREA X KILO,490.0,0,0,0,0,0,0,0,0,0,0,0,0,0,0,0,0,0,0,0,0
04_25-4-24,MF 25-4-24 X KILO,DAP GRANULADO X KILO,80.0,0,0,0,0,0,0,0,0,0,0,0,0,0,0,0,0,0,0,0,0
04_25-4-24,MF 25-4-24 X KILO,KCL GRANULADO X KILO,390.0,0,0,0,0,0,0,0,0,0,0,0,0,0,0,0,0,0,0,0,0
04_25-4-24,MF 25-4-24 X KILO,NUCLEO 4 X KILO,40.0,0,0,0,0,0,0,0,0,0,0,0,0,0,0,0,0,0,0,0,0
04_25-4-24,MF 25-4-24 X KILO,TOTAL,,0.0,0.0,0.0,0.0,0.0,0.0,0.0,0.0,0.0,0.0,0.0,0.0,0.0,0.0,0.0,0.0,0.0,0.0,0.0,0.0
05_10-30-10,TODERO,UREA,381.59255429162357,0,17.5533,0,0,0,17.5533,0,0,0,0,0,0,0,0,0,0,0,0,0,0
05_10-30-10,TODERO,FOSFATO MONOAMONICO (MAP),77.04239917269908,0,0.8475,0.8475,0,0,0,4.0062,0,0,0,0,0,0,0,0,0,0,0,0,0
05_10-30-10,TODERO,FOSFATO MONOPOTASICO (MKP),32.8852119958635,0,0,0,0,0,0,1.71,1.1181,0,0,0,0,0,0,0,0,0,0,0,0
05_10-30-10,TODERO,FOSFATO DIPOTASICO (DKP),355.2223371251293,0,0,0,0,0,0,0,0,0,0,0,0,0,0,0,0,0,0,0,0
05_10-30-10,TODERO,SULFATO MAGNESIO ANHIDRO,33.60910031023785,0,0,0,0,0,0,0,0,0,0.8402,0.6722,0,0,0,0,0,0,0,0,0
05_10-30-10,TODERO,SULFATO DE COBRE,1.2409513960703207,0,0,0,0,0,0,0,0,0,0,0,0,0,0.0273,0,0,0,0,0,0
05_10-30-10,TODERO,SULFATO FERROSO MONOHIDRATO,3.6194415718717687,0,0,0,0,0,0,0,0,0,0,0,0,0,0,0,0,0,0,0,0
05_10-30-10,TODERO,SULFATO DE MANGANESO,1.0341261633919339,0,0,0,0,0,0,0,0,0,0,0,0,0,0,0,0,0,0,0,0
05_10-30-10,TODERO,SULFATO DE ZINC,2.0682523267838677,0,0,0,0,0,0,0,0,0,0,0,0,0,0,0,0,0,0,0.0724,0
05_10-30-10,TODERO,QUITINA ORGÁNICA (HYT-C),111.68562564632886,0,0,0,0,0,0,0,0,0,0,0,0,0,0,0,0,0,0,0,0
05_10-30-10,TODERO,TOTAL,,0.0,18.4007,0.8475,0.0,0.0,17.5533,5.7162,1.1181,0.0,0.8402,0.6722,0.0,0.0,0.0273,0.0,0.0,0.0,0.0,0.0724,0.0
05_18-18-18,MF 18-18-18 X KILO,UREA X KILO,220.0,0,0,0,0,0,0,0,0,0,0,0,0,0,0,0,0,0,0,0,0
05_18-18-18,MF 18-18-18 X KILO,DAP GRANULADO X KILO,370.0,0,0,0,0,0,0,0,0,0,0,0,0,0,0,0,0,0,0,0,0
05_18-18-18,MF 18-18-18 X KILO,KCL GRANULADO X KILO,280.0,0,0,0,0,0,0,0,0,0,0,0,0,0,0,0,0,0,0,0,0
05_18-18-18,MF 18-18-18 X KILO,NUCLEO 4 X KILO,130.0,0,0,0,0,0,0,0,0,0,0,0,0,0,0,0,0,0,0,0,0
05_18-18-18,MF 18-18-18 X KILO,TOTAL,,0.0,0.0,0.0,0.0,0.0,0.0,0.0,0.0,0.0,0.0,0.0,0.0,0.0,0.0,0.0,0.0,0.0,0.0,0.0,0.0
06_13-5-27,salida,UREA - NUTRICION PLANTAS,200.0,0,9.2,0,0,0,9.2,0,0,0,0,0,0,0,0,0,0,0,0,0,0
06_13-5-27,salida,MAP - PRECISAGRO,100.0,0,1.1,1.1,0,0,0,5.2,0,0,0,0,0,0,0,0,0,0,0,0,0
06_13-5-27,salida,KCL - NUTRICION PLANTAS,450.0,0,0,0,0,0,0,0,27.0,0,0,0,0,0,0,0,0,0,0,0,0
06_13-5-27,salida,SAM - PRECISAGRO,150.0,0,3.15,3.15,0,0,0,0,0,0,0,3.6,0,0,0,0,0,0,0,0,0
06_13-5-27,salida,SILICATO DE MAGNESIO - JULIAN SALDARRIAGA,100.0,0,0,0,0,0,0,0,0,0,3.386,0,0,0,0,0,0,0,3.698,0,0
06_13-5-27,salida,TOTAL,,0.0,13.45,4.25,0.0,0.0,9.2,5.2,27.0,0.0,3.386,3.6,0.0,0.0,0.0,0.0,0.0,0.0,3.698,0.0,0.0
06_17-6-18-2,MF 17-6-18-2-1 X KILO,UREA X KILO,300.0,0,0,0,0,0,0,0,0,0,0,0,0,0,0,0,0,0,0,0,0
06_17-6-18-2,MF 17-6-18-2-1 X KILO,DAP GRANULADO X KILO,110.0,0,0,0,0,0,0,0,0,0,0,0,0,0,0,0,0,0,0,0,0
06_17-6-18-2,MF 17-6-18-2-1 X KILO,KCL GRANULADO X KILO,280.0,0,0,0,0,0,0,0,0,0,0,0,0,0,0,0,0,0,0,0,0
06_17-6-18-2,MF 17-6-18-2-1 X KILO,NUCLEO 4 X KILO,310.0,0,0,0,0,0,0,0,0,0,0,0,0,0,0,0,0,0,0,0,0
06_17-6-18-2,MF 17-6-18-2-1 X KILO,TOTAL,,0.0,0.0,0.0,0.0,0.0,0.0,0.0,0.0,0.0,0.0,0.0,0.0,0.0,0.0,0.0,0.0,0.0,0.0,0.0,0.0
07_15-15-15,MF 15-15-15 X KILO,41.4 – 0 – 6,200.0,0,0,0,0,0,0,0,0,0,0,0,0,0,0,0,0,0,0,0,0
07_15-15-15,MF 15-15-15 X KILO,DAP GRANULADO X KILO,300.0,0,0,0,0,0,0,0,0,0,0,0,0,0,0,0,0,0,0,0,0
07_15-15-15,MF 15-15-15 X KILO,KCL GRANULADO X KILO,210.0,0,0,0,0,0,0,0,0,0,0,0,0,0,0,0,0,0,0,0,0
07_15-15-15,MF 15-15-15 X KILO,NUCLEO 4 X KILO,290.0,0,0,0,0,0,0,0,0,0,0,0,0,0,0,0,0,0,0,0,0
07_15-15-15,MF 15-15-15 X KILO,TOTAL,,0.0,0.0,0.0,0.0,0.0,0.0,0.0,0.0,0.0,0.0,0.0,0.0,0.0,0.0,0.0,0.0,0.0,0.0,0.0,0.0
08_BORO GRANULADO,BORO GRANULADO SN X KILO,ULEXITA X KILO,850.0,0,0,0,0,0,0,0,0,0,0,0,0,0,0,0,0,0,0,0,0
08_BORO GRANULADO,BORO GRANULADO SN X KILO,CARBONATO DE CALCIO X KILO,50.0,0,0,0,0,0,0,0,0,0,0,0,0,0,0,0,0,0,0,0,0
08_BORO GRANULADO,BORO GRANULADO SN X KILO,KIESERITA EN POLVO X KILO,50.0,0,0,0,0,0,0,0,0,0,0,0,0,0,0,0,0,0,0,0,0
08_BORO GRANULADO,BORO GRANULADO SN X KILO,SILICATO DE MAGNESIO X KILO,50.0,0,0,0,0,0,0,0,0,0,0,0,0,0,0,0,0,0,0,0,0
08_BORO GRANULADO,BORO GRANULADO SN X KILO,TOTAL,,0.0,0.0,0.0,0.0,0.0,0.0,0.0,0.0,0.0,0.0,0.0,0.0,0.0,0.0,0.0,0.0,0.0,0.0,0.0,0.0
13_B-ZINC 15,entrada,BENTONITA,130.0,0,0,0,0,0,0,0,0.26,0.78,0.52,0,0,0,0,0,0,0,7.41,0,0
13_B-ZINC 15,entrada,KCL ESTÁNDAR,70.0,0,0,0,0,0,0,0,4.2,0,0,0,0,0,0,0,0,0,0,0,0
13_B-ZINC 15,entrada,OXIDO ZN,100.0,0,0,0,0,0,0,0,0,0,0,0,0,0,0,0,0,0,0,0,0
13_B-ZINC 15,entrada,SILICATO MG,150.0,0,0,0,0,0,0,0,0,0,5.079,0,0,0,0,0,0,0,5.547,0,0
13_B-ZINC 15,entrada,SULFATO ZN,270.0,0,0,0,0,0,0,0,0,0,0,0,0,0,0,0,0,0,0,9.45,0
13_B-ZINC 15,entrada,ULEXITA,280.0,0,0,0,0,0,0,0,0,3.64,0,0,3.92,0,0,0,0,0,0,0,0
13_B-ZINC 15,entrada,TOTAL,,0.0,0.0,0.0,0.0,0.0,0.0,0.0,4.46,4.42,5.599,0.0,3.92,0.0,0.0,0.0,0.0,0.0,12.957,9.45,0.0
17_CALFERCORRECTIVO,balance materias primas,SULFATO CALCIO - ANIBAL ARANGO,200.0,0,0,0,0,0,0,0,0,4.4,0,2.6,0,0,0,0,0,0,0,0,0
17_CALFERCORRECTIVO,balance materias primas,CARBONATO CALCIO - AGROCALES,170.0,0,0,0,0,0,0,0,0,6.8,0,0,0,0,0,0,0,0,0,0,0
17_CALFERCORRECTIVO,balance materias primas,CAL DOLOMITA - BOLIVARIANA MINERALES,100.0,0,0,0,0,0,0,0,0,3.4,1.4,0,0,0,0,0,0,0,0,0,0
17_CALFERCORRECTIVO,balance materias primas,SILICATO MAGNESIO - JULIAN SALDARRIAGA,350.0,0,0,0,0,0,0,0,0,0,11.851,0,0,0,0,0,0,0,12.943,0,0
17_CALFERCORRECTIVO,balance materias primas,BENTONITA GRIS - DIDIER HOYOS,180.0,0,0,0,0,0,0,0,0.36,1.08,0.72,0,0,0,0,0,0,0,10.26,0,0
17_CALFERCORRECTIVO,balance materias primas,TOTAL,,0.0,0.0,0.0,0.0,0.0,0.0,0.0,0.36,15.68,13.971,2.6,0.0,0.0,0.0,0.0,0.0,0.0,23.203,0.0,0.0
18_CAL DESARROLLO,Calfer Desarrollo,UREA,336.99999999999994,0,15.502,0,0,0,15.502,0,0,0,0,0,0,0,0,0,0,0,0,0,0
18_CAL DESARROLLO,Calfer Desarrollo,FOSFATO DE AMONIO (MAP),152.49999999999997,0,1.6775,1.6775,0,0,0,7.93,0,0,0,0,0,0,0,0,0,0,0,0,0
18_CAL DESARROLLO,Calfer Desarrollo,SULFATO DE AMONIO (SAM),214.59999999999997,0,4.5066,4.5066,0,0,0,0,0,0,0,5.1504,0,0,0,0,0,0,0,0,0
18_CAL DESARROLLO,Calfer Desarrollo,NITRATO DE POTASIO (KNO3),232.59999999999997,0,0,0,0,0,0,0,0,0,0,0,0,0,0,0,0,0,0,0,0
18_CAL DESARROLLO,Calfer Desarrollo,SULFATO MAGNESIO ANHIDRO,31.299999999999997,0,0,0,0,0,0,0,0,0,0.7825,0.626,0,0,0,0,0,0,0,0,0
18_CAL DESARROLLO,Calfer Desarrollo,ACIDO BORICO,1.1999999999999997,0,0,0,0,0,0,0,0,0,0,0,0,0,0,0,0,0,0,0,0
18_CAL DESARROLLO,Calfer Desarrollo,SULFATO DE COBALTO,0.09999999999999999,0,0,0,0,0,0,0,0,0,0,0,0,0,0,0,0,0,0,0,0
18_CAL DESARROLLO,Calfer Desarrollo,SULFATO DE COBRE,0.7999999999999999,0,0,0,0,0,0,0,0,0,0,0,0,0,0.0176,0,0,0,0,0,0
18_CAL DESARROLLO,Calfer Desarrollo,SULFATO DE HIERRO,0.9999999999999999,0,0,0,0,0,0,0,0,0,0,0,0,0,0,0,0,0,0,0,0
18_CAL DESARROLLO,Calfer Desarrollo,SULFATO DE MANGANESO,0.6999999999999998,0,0,0,0,0,0,0,0,0,0,0,0,0,0,0,0,0,0,0,0
18_CAL DESARROLLO,Calfer Desarrollo,MOLIBDATO DE SODIO,0.12999999999999998,0,0,0,0,0,0,0,0,0,0,0,0,0,0,0,0,0,0,0,0
18_CAL DESARROLLO,Calfer Desarrollo,SULFATO DE ZINC,0.5999999999999999,0,0,0,0,0,0,0,0,0,0,0,0,0,0,0,0,0,0,0.021,0
18_CAL DESARROLLO,Calfer Desarrollo,E.D.T.A,24.569999999999997,0,0,0,0,0,0,0,0,0,0,0,0,0,0,0,0,0,0,0,0
18_CAL DESARROLLO,Calfer Desarrollo,DIÓXIDO SILICIO,2.8999999999999995,0,0,0,0,0,0,0,0,0,0,0,0,0,0,0,0,0,0,0,0
18_CAL DESARROLLO,Calfer Desarrollo,TOTAL,,0.0,21.6861,6.1841,0.0,0.0,15.502,7.93,0.0,0.0,0.7825,5.7764,0.0,0.0,0.0176,0.0,0.0,0.0,0.0,0.021,0.0
19_CALFER FLORACION,Calfer Floración,FOSFATO DE AMONIO (MAP),398.3880483585492,0,4.3823,4.3823,0,0,0,20.7162,0,0,0,0,0,0,0,0,0,0,0,0,0
19_CALFER FLORACION,Calfer Floración,SULFATO DE AMONIO (SAM),97.89706308810736,0,2.0558,2.0558,0,0,0,0,0,0,0,2.3495,0,0,0,0,0,0,0,0,0
19_CALFER FLORACION,Calfer Floración,NITRATO DE POTASIO (KNO3),232.59302220933372,0,0,0,0,0,0,0,0,0,0,0,0,0,0,0,0,0,0,0,0
19_CALFER FLORACION,Calfer Floración,SULFATO MAGNESIO,66.8979930602082,0,0,0,0,0,0,0,0,0,1.6724,1.338,0,0,0,0,0,0,0,0,0
19_CALFER FLORACION,Calfer Floración,ACIDO BORICO,1.1999640010799675,0,0,0,0,0,0,0,0,0,0,0,0,0,0,0,0,0,0,0,0
19_CALFER FLORACION,Calfer Floración,SULFATO DE COBALTO,0.0999970000899973,0,0,0,0,0,0,0,0,0,0,0,0,0,0,0,0,0,0,0,0
19_CALFER FLORACION,Calfer Floración,SULFATO DE COBRE,0.7999760007199784,0,0,0,0,0,0,0,0,0,0,0,0,0,0.0176,0,0,0,0,0,0
19_CALFER FLORACION,Calfer Floración,SULFATO DE HIERRO,2.4999250022499324,0,0,0,0,0,0,0,0,0,0,0,0,0,0,0,0,0,0,0,0
19_CALFER FLORACION,Calfer Floración,SULFATO DE MANGANESO,1.699949001529954,0,0,0,0,0,0,0,0,0,0,0,0,0,0,0,0,0,0,0,0
19_CALFER FLORACION,Calfer Floración,MOLIBDATO DE SODIO,0.1299961001169965,0,0,0,0,0,0,0,0,0,0,0,0,0,0,0,0,0,0,0,0
19_CALFER FLORACION,Calfer Floración,SULFATO DE ZINC,0.5999820005399837,0,0,0,0,0,0,0,0,0,0,0,0,0,0,0,0,0,0,0.021,0
19_CALFER FLORACION,Calfer Floración,E.D.T.A,38.79883603491895,0,0,0,0,0,0,0,0,0,0,0,0,0,0,0,0,0,0,0,0
19_CALFER FLORACION,Calfer Floración,DEXTROSA MONOHIDRATADA,151.8954431367059,0,0,0,0,0,0,0,0,0,0,0,0,0,0,0,0,0,0,0,0
19_CALFER FLORACION,Calfer Floración,DIÓXIDO SILICIO,6.499805005849825,0,0,0,0,0,0,0,0,0,0,0,0,0,0,0,0,0,0,0,0
19_CALFER FLORACION,Calfer Floración,TOTAL,,0.0,6.4381,6.4381,0.0,0.0,0.0,20.7162,0.0,0.0,1.6724,3.6875,0.0,0.0,0.0176,0.0,0.0,0.0,0.0,0.021,0.0
20_CALFER LLENADO,Calfer llenado,FOSFATO DIPOTASICO (DKP),338.98644054237826,0,0,0,0,0,0,0,0,0,0,0,0,0,0,0,0,0,0,0,0
20_CALFER LLENADO,Calfer llenado,SULFATO DE POTASIO,217.69129234830604,0,0,0,0,0,0,0,11.3199,0,0,3.9184,0,0,0,0,0,0,0,0,0
20_CALFER LLENADO,Calfer llenado,NITRATO DE POTASIO (KNO3),367.6852925882964,0,0,0,0,0,0,0,0,0,0,0,0,0,0,0,0,0,0,0,0
20_CALFER LLENADO,Calfer llenado,SULFATO MAGNESIO ANHIDRO,31.298748050077997,0,0,0,0,0,0,0,0,0,0.7825,0.626,0,0,0,0,0,0,0,0,0
20_CALFER LLENADO,Calfer llenado,ACIDO BORICO,1.199952001919923,0,0,0,0,0,0,0,0,0,0,0,0,0,0,0,0,0,0,0,0
20_CALFER LLENADO,Calfer llenado,SULFATO DE COBALTO,0.0999960001599936,0,0,0,0,0,0,0,0,0,0,0,0,0,0,0,0,0,0,0,0
20_CALFER LLENADO,Calfer llenado,SULFATO DE COBRE,1.5999360025598977,0,0,0,0,0,0,0,0,0,0,0,0,0,0.0352,0,0,0,0,0,0
20_CALFER LLENADO,Calfer llenado,SULFATO DE HIERRO,4.99980000799968,0,0,0,0,0,0,0,0,0,0,0,0,0,0,0,0,0,0,0,0
20_CALFER LLENADO,Calfer llenado,SULFATO DE MANGANESO,3.299868005279788,0,0,0,0,0,0,0,0,0,0,0,0,0,0,0,0,0,0,0,0
20_CALFER LLENADO,Calfer llenado,MOLIBDATO DE SODIO,0.13999440022399104,0,0,0,0,0,0,0,0,0,0,0,0,0,0,0,0,0,0,0,0
20_CALFER LLENADO,Calfer llenado,SULFATO DE ZINC,0.5999760009599615,0,0,0,0,0,0,0,0,0,0,0,0,0,0,0,0,0,0,0.021,0
20_CALFER LLENADO,Calfer llenado,E.D.T.A,29.298828046878125,0,0,0,0,0,0,0,0,0,0,0,0,0,0,0,0,0,0,0,0
20_CALFER LLENADO,Calfer llenado,DIÓXIDO SILICIO,3.0998760049598015,0,0,0,0,0,0,0,0,0,0,0,0,0,0,0,0,0,0,0,0
20_CALFER LLENADO,Calfer llenado,TOTAL,,0.0,0.0,0.0,0.0,0.0,0.0,0.0,11.3199,0.0,0.7825,4.5444,0.0,0.0,0.0352,0.0,0.0,0.0,0.0,0.021,0.0
22_CALFER MENORES,Calfer Menores,SULFATO MAGNESIO ANHIDRO,281.4,0,0,0,0,0,0,0,0,0,7.035,5.628,0,0,0,0,0,0,0,0,0
22_CALFER MENORES,Calfer Menores,ACIDO BORICO,57.2,0,0,0,0,0,0,0,0,0,0,0,0,0,0,0,0,0,0,0,0
22_CALFER MENORES,Calfer Menores,SULFATO DE COBALTO,0.3,0,0,0,0,0,0,0,0,0,0,0,0,0,0,0,0,0,0,0,0
22_CALFER MENORES,Calfer Menores,SULFATO DE COBRE,60.0,0,0,0,0,0,0,0,0,0,0,0,0,0,1.32,0,0,0,0,0,0
22_CALFER MENORES,Calfer Menores,SULFATO DE HIERRO,200.0,0,0,0,0,0,0,0,0,0,0,0,0,0,0,0,0,0,0,0,0
22_CALFER MENORES,Calfer Menores,SULFATO DE MANGANESO,129.0,0,0,0,0,0,0,0,0,0,0,0,0,0,0,0,0,0,0,0,0
22_CALFER MENORES,Calfer Menores,MOLIBDATO DE SODIO,20.6,0,0,0,0,0,0,0,0,0,0,0,0,0,0,0,0,0,0,0,0
22_CALFER MENORES,Calfer Menores,SULFATO DE ZINC,85.8,0,0,0,0,0,0,0,0,0,0,0,0,0,0,0,0,0,0,3.003,0
22_CALFER MENORES,Calfer Menores,E.D.T.A,161.0,0,0,0,0,0,0,0,0,0,0,0,0,0,0,0,0,0,0,0,0
22_CALFER MENORES,Calfer Menores,DIÓXIDO SILICIO,4.7,0,0,0,0,0,0,0,0,0,0,0,0,0,0,0,0,0,0,0,0
22_CALFER MENORES,Calfer Menores,TOTAL,,0.0,0.0,0.0,0.0,0.0,0.0,0.0,0.0,0.0,7.035,5.628,0.0,0.0,1.32,0.0,0.0,0.0,0.0,3.003,0.0
23_CALFERZINC-P,CALFERZINC-P SN X KILO,SULFATO DE ZINC 35% X KILO,675.0,0,0,0,0,0,0,0,0,0,0,0,0,0,0,0,0,0,0,0,0
23_CALFERZINC-P,CALFERZINC-P SN X KILO,CARBONATO DE CALCIO X KILO,75.0,0,0,0,0,0,0,0,0,0,0,0,0,0,0,0,0,0,0,0,0
23_CALFERZINC-P,CALFERZINC-P SN X KILO,KIESERITA EN POLVO X KILO,50.0,0,0,0,0,0,0,0,0,0,0,0,0,0,0,0,0,0,0,0,0
23_CALFERZINC-P,CALFERZINC-P SN X KILO,BENTONITA GRIS X KILO,200.0,0,0,0,0,0,0,0,0,0,0,0,0,0,0,0,0,0,0,0,0
23_CALFERZINC-P,CALFERZINC-P SN X KILO,TOTAL,,0.0,0.0,0.0,0.0,0.0,0.0,0.0,0.0,0.0,0.0,0.0,0.0,0.0,0.0,0.0,0.0,0.0,0.0,0.0,0.0
24_FERTIMENORES,FERTIMENORES SN X KILO,CARBONATO DE CALCIO X KILO,100.0,0,0,0,0,0,0,0,0,0,0,0,0,0,0,0,0,0,0,0,0
24_FERTIMENORES,FERTIMENORES SN X KILO,ULEXITA X KILO,70.0,0,0,0,0,0,0,0,0,0,0,0,0,0,0,0,0,0,0,0,0
24_FERTIMENORES,FERTIMENORES SN X KILO,SULFATO DE CALCIO X KILO,160.0,0,0,0,0,0,0,0,0,0,0,0,0,0,0,0,0,0,0,0,0
24_FERTIMENORES,FERTIMENORES SN X KILO,ROCA FOSFORICA 26% X KILO,270.0,0,0,0,0,0,0,0,0,0,0,0,0,0,0,0,0,0,0,0,0
24_FERTIMENORES,FERTIMENORES SN X KILO,CAL DOLOMITA X KILO,70.0,0,0,0,0,0,0,0,0,0,0,0,0,0,0,0,0,0,0,0,0
24_FERTIMENORES,FERTIMENORES SN X KILO,SILICATO DE MAGNESIO X KILO,100.0,0,0,0,0,0,0,0,0,0,0,0,0,0,0,0,0,0,0,0,0
24_FERTIMENORES,FERTIMENORES SN X KILO,BENTONITA GRIS X KILO,100.0,0,0,0,0,0,0,0,0,0,0,0,0,0,0,0,0,0,0,0,0
24_FERTIMENORES,FERTIMENORES SN X KILO,KIESERITA EN POLVO X KILO,50.0,0,0,0,0,0,0,0,0,0,0,0,0,0,0,0,0,0,0,0,0
24_FERTIMENORES,FERTIMENORES SN X KILO,SULFATO DE ZINC 35% X KILO,70.0,0,0,0,0,0,0,0,0,0,0,0,0,0,0,0,0,0,0,0,0
24_FERTIMENORES,FERTIMENORES SN X KILO,SULFATO DE COBRE 22% X KILO,10.0,0,0,0,0,0,0,0,0,0,0,0,0,0,0,0,0,0,0,0,0
24_FERTIMENORES,FERTIMENORES SN X KILO,TOTAL,,0.0,0.0,0.0,0.0,0.0,0.0,0.0,0.0,0.0,0.0,0.0,0.0,0.0,0.0,0.0,0.0,0.0,0.0,0.0,0.0
29_K2K,K2K SN X KILO,KIESERITA EN POLVO X KILO,50.0,0,0,0,0,0,0,0,0,0,0,0,0,0,0,0,0,0,0,0,0
29_K2K,K2K SN X KILO,SULFATO DE CALCIO X KILO,50.0,0,0,0,0,0,0,0,0,0,0,0,0,0,0,0,0,0,0,0,0
29_K2K,K2K SN X KILO,SULFATO DE POTASIO SOLUBLE X KILO,120.0,0,0,0,0,0,0,0,0,0,0,0,0,0,0,0,0,0,0,0,0
29_K2K,K2K SN X KILO,KCL STANDAR X KILO,400.0,0,0,0,0,0,0,0,0,0,0,0,0,0,0,0,0,0,0,0,0
29_K2K,K2K SN X KILO,ABONO ORGANICO A,200.0,0,0,0,0,0,0,0,0,0,0,0,0,0,0,0,0,0,0,0,0
29_K2K,K2K SN X KILO,CARBONATO DE CALCIO X KILO,80.0,0,0,0,0,0,0,0,0,0,0,0,0,0,0,0,0,0,0,0,0
29_K2K,K2K SN X KILO,BENTONITA ROJA X KILO,100.0,0,0,0,0,0,0,0,0,0,0,0,0,0,0,0,0,0,0,0,0
29_K2K,K2K SN X KILO,TOTAL,,0.0,0.0,0.0,0.0,0.0,0.0,0.0,0.0,0.0,0.0,0.0,0.0,0.0,0.0,0.0,0.0,0.0,0.0,0.0,0.0
31_MAGNE-3,ZueloCa,SULFATO CALCIO - YESO AGRICOLA,230.79999999999998,0,0,0,0,0,0,0,0,5.0776,0,3.0004,0,0,0,0,0,0,0,0,0
31_MAGNE-3,ZueloCa,CAL DOLOMITA,566.6999999999999,0,0,0,0,0,0,0,0,19.2678,7.9338,0,0,0,0,0,0,0,0,0,0
31_MAGNE-3,ZueloCa,CLORURO POTASIO (KCL),49.99999999999999,0,0,0,0,0,0,0,3.0,0,0,0,0,0,0,0,0,0,0,0,0
31_MAGNE-3,ZueloCa,KIESERITA,49.99999999999999,0,0,0,0,0,0,0,0,0,1.25,1.0,0,0,0,0,0,0,0,0,0
31_MAGNE-3,ZueloCa,SILICATO MAGNESIO,20.599999999999998,0,0,0,0,0,0,0,0,0,0.6975,0,0,0,0,0,0,0,0.7618,0,0
31_MAGNE-3,ZueloCa,ULEXITA,16.699999999999996,0,0,0,0,0,0,0,0,0.2171,0,0,0.2338,0,0,0,0,0,0,0,0
31_MAGNE-3,ZueloCa,CAOLIN,65.19999999999999,0,0,0,0,0,0,0,0,0.0326,0.013,0,0,0,0,0.0326,0,0,3.0644,0,0
31_MAGNE-3,ZueloCa,TOTAL,,0.0,0.0,0.0,0.0,0.0,0.0,0.0,3.0,24.5951,9.8944,4.0004,0.2338,0.0,0.0,0.0326,0.0,0.0,3.8262,0.0,0.0
38_NUCLEO CAMASI YARA,NUCLEO CAMASI YARA SN,KIESERITA EN POLVO X KILO,50.0,0,0,0,0,0,0,0,0,0,0,0,0,0,0,0,0,0,0,0,0
38_NUCLEO CAMASI YARA,NUCLEO CAMASI YARA SN,SILICATO DE MAGNESIO X KILO,100.0,0,0,0,0,0,0,0,0,0,0,0,0,0,0,0,0,0,0,0,0
38_NUCLEO CAMASI YARA,NUCLEO CAMASI YARA SN,CARBONATO DE CALCIO X KILO,600.0,0,0,0,0,0,0,0,0,0,0,0,0,0,0,0,0,0,0,0,0
38_NUCLEO CAMASI YARA,NUCLEO CAMASI YARA SN,BENTONITA GRIS X KILO,250.0,0,0,0,0,0,0,0,0,0,0,0,0,0,0,0,0,0,0,0,0
38_NUCLEO CAMASI YARA,NUCLEO CAMASI YARA SN,TOTAL,,0.0,0.0,0.0,0.0,0.0,0.0,0.0,0.0,0.0,0.0,0.0,0.0,0.0,0.0,0.0,0.0,0.0,0.0,0.0,0.0
39_NUCLEO FOSFORO-1,NUCLEO FOSFORO 1 X KILO,ROCA FOSFORICA 26% X KILO,750.0,0,0,0,0,0,0,0,0,0,0,0,0,0,0,0,0,0,0,0,0
39_NUCLEO FOSFORO-1,NUCLEO FOSFORO 1 X KILO,BENTONITA ROJA X KILO,100.0,0,0,0,0,0,0,0,0,0,0,0,0,0,0,0,0,0,0,0,0
39_NUCLEO FOSFORO-1,NUCLEO FOSFORO 1 X KILO,CAL DOLOMITA X KILO,50.0,0,0,0,0,0,0,0,0,0,0,0,0,0,0,0,0,0,0,0,0
39_NUCLEO FOSFORO-1,NUCLEO FOSFORO 1 X KILO,KIESERITA EN POLVO X KILO,50.0,0,0,0,0,0,0,0,0,0,0,0,0,0,0,0,0,0,0,0,0
39_NUCLEO FOSFORO-1,NUCLEO FOSFORO 1 X KILO,SILICATO DE MAGNESIO X KILO,50.0,0,0,0,0,0,0,0,0,0,0,0,0,0,0,0,0,0,0,0,0
39_NUCLEO FOSFORO-1,NUCLEO FOSFORO 1 X KILO,TOTAL,,0.0,0.0,0.0,0.0,0.0,0.0,0.0,0.0,0.0,0.0,0.0,0.0,0.0,0.0,0.0,0.0,0.0,0.0,0.0,0.0
42_NUCLEO MAGNESIO-SILICIO,NUCLEO MAGNESIO-SILICIO X KILO,SILICATO DE MAGNESIO X KILO,900.0,0,0,0,0,0,0,0,0,0,0,0,0,0,0,0,0,0,0,0,0
42_NUCLEO MAGNESIO-SILICIO,NUCLEO MAGNESIO-SILICIO X KILO,BENTONITA ROJA X KILO,50.0,0,0,0,0,0,0,0,0,0,0,0,0,0,0,0,0,0,0,0,0
42_NUCLEO MAGNESIO-SILICIO,NUCLEO MAGNESIO-SILICIO X KILO,KIESERITA EN POLVO X KILO,50.0,0,0,0,0,0,0,0,0,0,0,0,0,0,0,0,0,0,0,0,0
42_NUCLEO MAGNESIO-SILICIO,NUCLEO MAGNESIO-SILICIO X KILO,TOTAL,,0.0,0.0,0.0,0.0,0.0,0.0,0.0,0.0,0.0,0.0,0.0,0.0,0.0,0.0,0.0,0.0,0.0,0.0,0.0,0.0
43_NUCLEO MAGNESIO-S,NUCLEO MAGNESIO-S,SULFATO DE CALCIO X KILO,440.0,0,0,0,0,0,0,0,0,0,0,0,0,0,0,0,0,0,0,0,0
43_NUCLEO MAGNESIO-S,NUCLEO MAGNESIO-S,KIESERITA EN POLVO X KILO,180.0,0,0,0,0,0,0,0,0,0,0,0,0,0,0,0,0,0,0,0,0
43_NUCLEO MAGNESIO-S,NUCLEO MAGNESIO-S,BENTONITA ROJA X KILO,70.0,0,0,0,0,0,0,0,0,0,0,0,0,0,0,0,0,0,0,0,0
43_NUCLEO MAGNESIO-S,NUCLEO MAGNESIO-S,SILICATO DE MAGNESIO X KILO,310.0,0,0,0,0,0,0,0,0,0,0,0,0,0,0,0,0,0,0,0,0
43_NUCLEO MAGNESIO-S,NUCLEO MAGNESIO-S,TOTAL,,0.0,0.0,0.0,0.0,0.0,0.0,0.0,0.0,0.0,0.0,0.0,0.0,0.0,0.0,0.0,0.0,0.0,0.0,0.0,0.0
46_RAIFOS 20,SOLURAIFOS_x,FOSFATO DE AMONIO (MAP),822.0,0,9.042,9.042,0,0,0,42.744,0,0,0,0,0,0,0,0,0,0,0,0,0
46_RAIFOS 20,SOLURAIFOS_x,CLORURO POTASIO (KCL),165.0,0,0,0,0,0,0,0,9.9,0,0,0,0,0,0,0,0,0,0,0,0
46_RAIFOS 20,SOLURAIFOS_x,Dextrosa Monohidradatada,13.0,0,0,0,0,0,0,0,0,0,0,0,0,0,0,0,0,0,0,0,0
46_RAIFOS 20,SOLURAIFOS_x,TOTAL,,0.0,9.042,9.042,0.0,0.0,0.0,42.744,9.9,0.0,0.0,0.0,0.0,0.0,0.0,0.0,0.0,0.0,0.0,0.0,0.0
51_SUELO-Ca,FORMULACION ESPECIAL SUELO CA P,SILICATO DE MAGNESIO X KILO,48.07692307692308,0,0,0,0,0,0,0,0,0,0,0,0,0,0,0,0,0,0,0,0
51_SUELO-Ca,FORMULACION ESPECIAL SUELO CA P,ULEXITA X KILO,24.03846153846154,0,0,0,0,0,0,0,0,0,0,0,0,0,0,0,0,0,0,0,0
51_SUELO-Ca,FORMULACION ESPECIAL SUELO CA P,CAL DOLOMITA X KILO,528.8461538461538,0,0,0,0,0,0,0,0,0,0,0,0,0,0,0,0,0,0,0,0
51_SUELO-Ca,FORMULACION ESPECIAL SUELO CA P,SULFATO DE CALCIO X KILO,192.30769230769232,0,0,0,0,0,0,0,0,0,0,0,0,0,0,0,0,0,0,0,0
51_SUELO-Ca,FORMULACION ESPECIAL SUELO CA P,BENTONITA ROJA X KILO,48.07692307692308,0,0,0,0,0,0,0,0,0,0,0,0,0,0,0,0,0,0,0,0
51_SUELO-Ca,FORMULACION ESPECIAL SUELO CA P,KIESERITA EN POLVO X KILO,48.07692307692308,0,0,0,0,0,0,0,0,0,0,0,0,0,0,0,0,0,0,0,0
51_SUELO-Ca,FORMULACION ESPECIAL SUELO CA P,KCL STANDAR X KILO,38.46153846153846,0,0,0,0,0,0,0,0,0,0,0,0,0,0,0,0,0,0,0,0
51_SUELO-Ca,FORMULACION ESPECIAL SUELO CA P,CARBONATO DE CALCIO X KILO,33.65384615384615,0,0,0,0,0,0,0,0,0,0,0,0,0,0,0,0,0,0,0,0
51_SUELO-Ca,FORMULACION ESPECIAL SUELO CA P,EMPAQUES E INERTES,38.46153846153846,0,0,0,0,0,0,0,0,0,0,0,0,0,0,0,0,0,0,0,0
51_SUELO-Ca,FORMULACION ESPECIAL SUELO CA P,TOTAL,,0.0,0.0,0.0,0.0,0.0,0.0,0.0,0.0,0.0,0.0,0.0,0.0,0.0,0.0,0.0,0.0,0.0,0.0,0.0,0.0
52_SULFA K 50,ZueloCa,SULFATO CALCIO - YESO AGRICOLA,230.79999999999998,0,0,0,0,0,0,0,0,5.0776,0,3.0004,0,0,0,0,0,0,0,0,0
52_SULFA K 50,ZueloCa,CAL DOLOMITA,566.6999999999999,0,0,0,0,0,0,0,0,19.2678,7.9338,0,0,0,0,0,0,0,0,0,0
52_SULFA K 50,ZueloCa,CLORURO POTASIO (KCL),49.99999999999999,0,0,0,0,0,0,0,3.0,0,0,0,0,0,0,0,0,0,0,0,0
52_SULFA K 50,ZueloCa,KIESERITA,49.99999999999999,0,0,0,0,0,0,0,0,0,1.25,1.0,0,0,0,0,0,0,0,0,0
52_SULFA K 50,ZueloCa,SILICATO MAGNESIO,20.599999999999998,0,0,0,0,0,0,0,0,0,0.6975,0,0,0,0,0,0,0,0.7618,0,0
52_SULFA K 50,ZueloCa,ULEXITA,16.699999999999996,0,0,0,0,0,0,0,0,0.2171,0,0,0.2338,0,0,0,0,0,0,0,0
52_SULFA K 50,ZueloCa,CAOLIN,65.19999999999999,0,0,0,0,0,0,0,0,0.0326,0.013,0,0,0,0,0.0326,0,0,3.0644,0,0
52_SULFA K 50,ZueloCa,TOTAL,,0.0,0.0,0.0,0.0,0.0,0.0,0.0,3.0,24.5951,9.8944,4.0004,0.2338,0.0,0.0,0.0326,0.0,0.0,3.8262,0.0,0.0
55_SULFATO ZINC 22,SULFATO DE ZINC 22% SN,SULFATO DE ZINC 35% X KILO,675.0,0,0,0,0,0,0,0,0,0,0,0,0,0,0,0,0,0,0,0,0
55_SULFATO ZINC 22,SULFATO DE ZINC 22% SN,CARBONATO DE CALCIO X KILO,75.0,0,0,0,0,0,0,0,0,0,0,0,0,0,0,0,0,0,0,0,0
55_SULFATO ZINC 22,SULFATO DE ZINC 22% SN,KIESERITA EN POLVO X KILO,50.0,0,0,0,0,0,0,0,0,0,0,0,0,0,0,0,0,0,0,0,0
55_SULFATO ZINC 22,SULFATO DE ZINC 22% SN,BENTONITA GRIS X KILO,200.0,0,0,0,0,0,0,0,0,0,0,0,0,0,0,0,0,0,0,0,0
55_SULFATO ZINC 22,SULFATO DE ZINC 22% SN,TOTAL,,0.0,0.0,0.0,0.0,0.0,0.0,0.0,0.0,0.0,0.0,0.0,0.0,0.0,0.0,0.0,0.0,0.0,0.0,0.0,0.0
57_YESO EN POLVO,FORMULACION ESPECIAL SULFATO DE,SULFATO DE CALCIO X KILO,750.0,0,0,0,0,0,0,0,0,0,0,0,0,0,0,0,0,0,0,0,0
57_YESO EN POLVO,FORMULACION ESPECIAL SULFATO DE,KIESERITA EN POLVO X KILO,50.0,0,0,0,0,0,0,0,0,0,0,0,0,0,0,0,0,0,0,0,0
57_YESO EN POLVO,FORMULACION ESPECIAL SULFATO DE,CARBONATO DE CALCIO X KILO,150.0,0,0,0,0,0,0,0,0,0,0,0,0,0,0,0,0,0,0,0,0
57_YESO EN POLVO,FORMULACION ESPECIAL SULFATO DE,BENTONITA GRIS X KILO,50.0,0,0,0,0,0,0,0,0,0,0,0,0,0,0,0,0,0,0,0,0
57_YESO EN POLVO,FORMULACION ESPECIAL SULFATO DE,TOTAL,,0.0,0.0,0.0,0.0,0.0,0.0,0.0,0.0,0.0,0.0,0.0,0.0,0.0,0.0,0.0,0.0,0.0,0.0,0.0,0.0
60_BIOPLANTAS,BIOPLANTAS X KILO,BIOCANECON X KILO,961.5384615384615,0,0,0,0,0,0,0,0,0,0,0,0,0,0,0,0,0,0,0,0
60_BIOPLANTAS,BIOPLANTAS X KILO,EMPAQUES E INERTES,38.46153846153846,0,0,0,0,0,0,0,0,0,0,0,0,0,0,0,0,0,0,0,0
60_BIOPLANTAS,BIOPLANTAS X KILO,TOTAL,,0.0,0.0,0.0,0.0,0.0,0.0,0.0,0.0,0.0,0.0,0.0,0.0,0.0,0.0,0.0,0.0,0.0,0.0,0.0,0.0
62_SILIMAGRAN 30,SILIMAGRAN SN X KILO,ROCA FOSFORICA 26% X KILO,160.0,0,0,0,0,0,0,0,0,0,0,0,0,0,0,0,0,0,0,0,0
62_SILIMAGRAN 30,SILIMAGRAN SN X KILO,BENTONITA GRIS X KILO,20.0,0,0,0,0,0,0,0,0,0,0,0,0,0,0,0,0,0,0,0,0
62_SILIMAGRAN 30,SILIMAGRAN SN X KILO,KIESERITA EN POLVO X KILO,70.0,0,0,0,0,0,0,0,0,0,0,0,0,0,0,0,0,0,0,0,0
62_SILIMAGRAN 30,SILIMAGRAN SN X KILO,334,750.0,0,0,0,0,0,0,0,0,0,0,0,0,0,0,0,0,0,0,0,0
62_SILIMAGRAN 30,SILIMAGRAN SN X KILO,TOTAL,,0.0,0.0,0.0,0.0,0.0,0.0,0.0,0.0,0.0,0.0,0.0,0.0,0.0,0.0,0.0,0.0,0.0,0.0,0.0,0.0
