folder,clean_folder,csv_id,csv_product,csv_clase,csv_tipo,csv_proveedor,match_type
01_1-CRECIMIENTO,1-CRECIMIENTO,999-1-CRECIMIENTO-CALFERQUIM 1-,1-CRECIMIENTO,PT,,CALFERQUIM,Exacto
02_2-AVANCE,2-AVANCE,999-2-AVANCE-CALFERQUIM 1-,2-AVANCE,PT,,CALFERQUIM,Exacto
02_NUCLEO CAMASI,NUCLEO CAMASI,62-NUCLEO CAMASI GRIS-CALFERQUIM 1-G,NUCLEO CAMASI GRIS,PT,G,CALFERQUIM,Parcial
02_NUCLEO CAMASI,NUCLEO CAMASI,452-NUCLEO CAMASI ROJO-CALFERQUIM 1-G,NUCLEO CAMASI ROJO,PT,G,CALFERQUIM,Parcial
02_NUCLEO CAMASI,NUCLEO CAMASI,563-NUCLEO CAMASI YARA-CALFERQUIM 1-G,NUCLEO CAMASI YARA,PT,G,CALFERQUIM,Parcial
02_NUCLEO CAMASI,NUCLEO CAMASI,50-POLVILLO NUCLEO CAMASI-CALFERQUIM 1-,POLVILLO NUCLEO CAMASI,PT,,CALFERQUIM,Parcial
02_NUCLEO CAMASI,NUCLEO CAMASI,636-POLVILLO NUCLEO CAMASI ROJO-CALFERQUIM 1-,POLVILLO NUCLEO CAMASI ROJO,PT,,CALFERQUIM,Parcial
02_NUCLEO CAMASI,NUCLEO CAMASI,534-POLVILLO NUCLEO CAMASI YARA-CALFERQUIM 1-,POLVILLO NUCLEO CAMASI YARA,PT,,CALFERQUIM,Parcial
03_3-PRODUCTOR,3-PRODUCTOR,999-3-PRODUCTOR-CALFERQUIM 1-,3-PRODUCTOR,PT,,CALFERQUIM,Exacto
03_NUCLEO 4,NUCLEO 4,65-NUCLEO 4-CALFERQUIM 1-G,NUCLEO 4,PT,G,CALFERQUIM,Exacto
04_10-20-20,10-20-20,137-MF 10-20-20-CALFERQUIM 1-G,MF 10-20-20,PT,G,CALFERQUIM,Parcial
04_25-4-24,25-4-24,82-MF 25-4-24-CALFERQUIM 1-G,MF 25-4-24,PT,G,CALFERQUIM,Parcial
04_25-4-24,25-4-24,1327-MFE 25-4-13-CALFERQUIM 1-G,MFE 25-4-13,PT,G,CALFERQUIM,Parcial
05_10-30-10,10-30-10,86-MF 10-30-10-CALFERQUIM 1-G,MF 10-30-10,PT,G,CALFERQUIM,Parcial
05_18-18-18,18-18-18,83-MF 18-18-18-CALFERQUIM 1-G,MF 18-18-18,PT,G,CALFERQUIM,Parcial
06_13-5-27,13-5-27,388-MF 11-5-27-CALFERQUIM 1-G,MF 11-5-27,PT,G,CALFERQUIM,Parcial
06_17-6-18-2,17-6-18-2,84-MF 17-6-18-2-1-CALFERQUIM 1-G,MF 17-6-18-2-1,PT,G,CALFERQUIM,Parcial
06_17-6-18-2,17-6-18-2,402-MF 17-6-18-6+EM-CALFERQUIM 1-G,MF 17-6-18-6+EM,PT,G,CALFERQUIM,Parcial
06_17-6-18-2,17-6-18-2,21-MF-17-6-18-2-CALFERQUIM 1-G,MF-17-6-18-2,PT,G,CALFERQUIM,Parcial
07_15-15-15,15-15-15,85-MF 15-15-15-CALFERQUIM 1-G,MF 15-15-15,PT,G,CALFERQUIM,Parcial
08_BORO GRANULADO,BORO GRANULADO,123-BORO G-CALFERQUIM 1-G,BORO G,PT,G,CALFERQUIM,Parcial
12_AZUFREA MALLA 100,AZUFREA MALLA 100,145-AZUFRE- 1-G,AZUFRE,MP,G,,Parcial
13_B-ZINC 15,B-ZINC 15,350-B-ZINC-CALFERQUIM 1-G,B-ZINC,PT,G,CALFERQUIM,Parcial
17_CALFERCORRECTIVO,CALFERCORRECTIVO,311-CALFERCORRECTIVO-CALFERQUIM 1-G,CALFERCORRECTIVO,PT,G,CALFERQUIM,Exacto
20_CALFER LLENADO,CALFER LLENADO,999-CALFER LLENADO-CALFERQUIM 1-,CALFER LLENADO,PT,,CALFERQUIM,Exacto
22_CALFER MENORES,CALFER MENORES,999-CALFER MENORES-CALFERQUIM 1-,CALFER MENORES,PT,,CALFERQUIM,Exacto
23_CALFERZINC-P,CALFERZINC-P,150-CALFERZINC P-CALFERQUIM 1-G,CALFERZINC P,PT,G,CALFERQUIM,Exacto
24_FERTIMENORES,FERTIMENORES,161-FERTIMENORES-CALFERQUIM 1-P,FERTIMENORES,PT,P,CALFERQUIM,Exacto
27_FOSFORITA NEIVA,FOSFORITA NEIVA,437-FOSFORITA NEIVA-CALFERQUIM 1-P,FOSFORITA NEIVA,MP,P,CALFERQUIM,Exacto
29_K2K,K2K,300-K2K-CALFERQUIM 1-G,K2K,PT,G,CALFERQUIM,Exacto
30_KIESERITA P,KIESERITA P,74-KIESERITA-MANUCHAR 1-P,KIESERITA,MP,P,MANUCHAR,Parcial
30_KIESERITA P,KIESERITA P,75-KIESERITA- 1-G,KIESERITA,MP,G,,Parcial
31_MAGNE-3,MAGNE-3,154-MAGNE 3-CALFERQUIM 1-G,MAGNE 3,PT,G,CALFERQUIM,Exacto
33_MICRON-C,MICRON-C,164-MICRON C-CALFERQUIM 1-G,MICRON C,PT,G,CALFERQUIM,Exacto
34_MICRON CS,MICRON CS,188-MICRON CS-CALFERQUIM 1-G,MICRON CS,PT,G,CALFERQUIM,Exacto
38_NUCLEO CAMASI YARA,NUCLEO CAMASI YARA,563-NUCLEO CAMASI YARA-CALFERQUIM 1-G,NUCLEO CAMASI YARA,PT,G,CALFERQUIM,Exacto
39_NUCLEO FOSFORO-1,NUCLEO FOSFORO-1,574-NUCLEO FOSFORO 1-CALFERQUIM 1-G,NUCLEO FOSFORO 1,PT,G,CALFERQUIM,Exacto
41_NUCLEO MAGNESIO-AZUFRE,NUCLEO MAGNESIO-AZUFRE,145-AZUFRE- 1-G,AZUFRE,MP,G,,Parcial
41_NUCLEO MAGNESIO-AZUFRE,NUCLEO MAGNESIO-AZUFRE,208-NUCLEO MAGNESIO-CALFERQUIM 1-G,NUCLEO MAGNESIO,PT,G,CALFERQUIM,Parcial
41_NUCLEO MAGNESIO-AZUFRE,NUCLEO MAGNESIO-AZUFRE,803-NUCLEO MAGNESIO-S-CALFERQUIM 1-G,NUCLEO MAGNESIO-S,PT,G,CALFERQUIM,Parcial
41_NUCLEO MAGNESIO-AZUFRE,NUCLEO MAGNESIO-AZUFRE,804-NUCLEO MAGNESIO-S EM-CALFERQUIM 1-G,NUCLEO MAGNESIO-S EM,PT,G,CALFERQUIM,Parcial
41_NUCLEO MAGNESIO-AZUFRE,NUCLEO MAGNESIO-AZUFRE,604-NUCLEO MAGNESIO-SILICIO-CALFERQUIM 1-G,NUCLEO MAGNESIO-SILICIO,PT,G,CALFERQUIM,Parcial
41_NUCLEO MAGNESIO-AZUFRE,NUCLEO MAGNESIO-AZUFRE,558-NUCLEO MAGNESIO-SILICIO EM-CALFERQUIM 1-G,NUCLEO MAGNESIO-SILICIO EM,PT,G,CALFERQUIM,Parcial
41_NUCLEO MAGNESIO-AZUFRE,NUCLEO MAGNESIO-AZUFRE,685-POLVILLO NUCLEO SILICIO-MAGNESIO-CALFERQUIM 1-,POLVILLO NUCLEO SILICIO-MAGNESIO,PT,,CALFERQUIM,Parcial
42_NUCLEO MAGNESIO-SILICIO,NUCLEO MAGNESIO-SILICIO,604-NUCLEO MAGNESIO-SILICIO-CALFERQUIM 1-G,NUCLEO MAGNESIO-SILICIO,PT,G,CALFERQUIM,Exacto
43_NUCLEO MAGNESIO-S,NUCLEO MAGNESIO-S,803-NUCLEO MAGNESIO-S-CALFERQUIM 1-G,NUCLEO MAGNESIO-S,PT,G,CALFERQUIM,Exacto
44_NUCLEO N,NUCLEO N,611-NUCLEO N-CALFERQUIM 1-G,NUCLEO N,PT,G,CALFERQUIM,Exacto
45_PRODUCCION 17,PRODUCCION 17,9999908- PRODUCCION 17,PRODUCCION  17,PT,G,Calferquim,Exacto
46_RAIFOS 20,RAIFOS 20,155-RAIFOS 20-CALFERQUIM 1-G,RAIFOS 20,PT,G,CALFERQUIM,Exacto
48_SILICATO DE MAGNESIO,SILICATO DE MAGNESIO,274-SILICATO MAGNESIO-AGROINDUSTRIAL 2-P,SILICATO MAGNESIO,MP,P,AGROINDUSTRIAL,Parcial
48_SILICATO DE MAGNESIO,SILICATO DE MAGNESIO,274-SILICATO MAGNESIO-JULIAN SALDARRIAGA 1-P,SILICATO MAGNESIO,MP,P,JULIAN SALDARRIAGA,Parcial
53_SULFATO DE POTASIO,SULFATO DE POTASIO,49-POLVILLO SULFATO DE CALCIO-CALFERQUIM 1-,POLVILLO SULFATO DE CALCIO,PT,,CALFERQUIM,Parcial
53_SULFATO DE POTASIO,SULFATO DE POTASIO,23-SULFATO DE ZINC 35%-IMPORTADO 2-P,SULFATO DE ZINC 35%,MP,P,IMPORTADO,Parcial
53_SULFATO DE POTASIO,SULFATO DE POTASIO,167-SULFATO POTASIO-AGRICULTURA Y SERVICIOS 1-G,SULFATO POTASIO,MP,G,AGRICULTURA Y SERVICIOS,Parcial
53_SULFATO DE POTASIO,SULFATO DE POTASIO,197-SULFATO POTASIO-PRECISAGRO 1-C,SULFATO POTASIO,MP,C,PRECISAGRO,Parcial
54_SULFATO DE ZINC AL 35%,SULFATO DE ZINC AL 35%,22-FE SULFATO ZINC-CALFERQUIM 1-,FE SULFATO ZINC,PT,,CALFERQUIM,Parcial
54_SULFATO DE ZINC AL 35%,SULFATO DE ZINC AL 35%,643-FE SULFATO ZINC 22-CALFERQUIM 1-G,FE SULFATO ZINC 22,PT,G,CALFERQUIM,Parcial
54_SULFATO DE ZINC AL 35%,SULFATO DE ZINC AL 35%,564-FE SULFATO ZINC 31-CALFERQUIM 1-,FE SULFATO ZINC 31,PT,,CALFERQUIM,Parcial
54_SULFATO DE ZINC AL 35%,SULFATO DE ZINC AL 35%,49-POLVILLO SULFATO DE CALCIO-CALFERQUIM 1-,POLVILLO SULFATO DE CALCIO,PT,,CALFERQUIM,Parcial
54_SULFATO DE ZINC AL 35%,SULFATO DE ZINC AL 35%,23-SULFATO DE ZINC 35%-IMPORTADO 2-P,SULFATO DE ZINC 35%,MP,P,IMPORTADO,Parcial
54_SULFATO DE ZINC AL 35%,SULFATO DE ZINC AL 35%,997-SULFATO ZINC 22-CALFERQUIM 1-P,SULFATO ZINC 22,PT,P,CALFERQUIM,Parcial
54_SULFATO DE ZINC AL 35%,SULFATO DE ZINC AL 35%,21-SULFATO ZINC 22 MP- 1-P,SULFATO ZINC 22 MP,MP,P,,Parcial
54_SULFATO DE ZINC AL 35%,SULFATO DE ZINC AL 35%,564-SULFATO ZINC 30%-CALFERQUIM 1-G,SULFATO ZINC 30%,PT,G,CALFERQUIM,Parcial
54_SULFATO DE ZINC AL 35%,SULFATO DE ZINC AL 35%,227-SULFATO ZINC 32- 1-P,SULFATO ZINC 32,MP,P,,Parcial
54_SULFATO DE ZINC AL 35%,SULFATO DE ZINC AL 35%,23-SULFATO ZINC 35-ATEQUIMICOS 1-P,SULFATO ZINC 35,MP,P,ATEQUIMICOS,Parcial
54_SULFATO DE ZINC AL 35%,SULFATO DE ZINC AL 35%,323-SULFATO ZINC 38- 1-P,SULFATO ZINC 38,MP,P,,Parcial
55_SULFATO ZINC 22,SULFATO ZINC 22,997-SULFATO ZINC 22-CALFERQUIM 1-P,SULFATO ZINC 22,PT,P,CALFERQUIM,Exacto
59_ZUELOCa,ZUELOCa,680-FE ZUELOCa POLVO-CALFERQUIM 1-P,FE ZUELOCa POLVO,PT,P,CALFERQUIM,Parcial
60_BIOPLANTAS,BIOPLANTAS,393-BIOPLANTAS-CALFERQUIM 1-P,BIOPLANTAS,PT,P,CALFERQUIM,Exacto
62_SILIMAGRAN 30,SILIMAGRAN 30,35-SILIMAGRAN-CALFERQUIM 1-G,SILIMAGRAN,PT,G,CALFERQUIM,Parcial
63_CALFERMAGNESIO,CALFERMAGNESIO,26-CALFERMAGNESIO-CALFERQUIM 1-,CALFERMAGNESIO,PT,,CALFERQUIM,Exacto
