dossier,archivo_balance,hoja,fila_excel,materia_prima,kg_ton,pct_100kg
01_1-CRECIMIENTO,SGC_CALFERQUIM/08_Dossier_Productos_Registrados/01_1-CRECIMIENTO/05_Balance_Masas/3.1-Balance Materia 1-CRECIMIENTO_v2.xlsx,1-CRECIMIENTO 30-10-10,7,UREA,543.5,54.35
01_1-CRECIMIENTO,SGC_CALFERQUIM/08_Dossier_Productos_Registrados/01_1-CRECIMIENTO/05_Balance_Masas/3.1-Balance Materia 1-CRECIMIENTO_v2.xlsx,1-CRECIMIENTO 30-10-10,8,FOSFATO DE AMONIO (MAP),152.5,15.25
01_1-CRECIMIENTO,SGC_CALFERQUIM/08_Dossier_Productos_Registrados/01_1-CRECIMIENTO/05_Balance_Masas/3.1-Balance Materia 1-CRECIMIENTO_v2.xlsx,1-CRECIMIENTO 30-10-10,9,SULFATO DE AMONIO (SAM),0.3,0.03
01_1-CRECIMIENTO,SGC_CALFERQUIM/08_Dossier_Productos_Registrados/01_1-CRECIMIENTO/05_Balance_Masas/3.1-Balance Materia 1-CRECIMIENTO_v2.xlsx,1-CRECIMIENTO 30-10-10,10,NITRATO DE POTASIO (KNO3),232.6,23.26
01_1-CRECIMIENTO,SGC_CALFERQUIM/08_Dossier_Productos_Registrados/01_1-CRECIMIENTO/05_Balance_Masas/3.1-Balance Materia 1-CRECIMIENTO_v2.xlsx,1-CRECIMIENTO 30-10-10,11,SULFATO MAGNESIO,40,4
01_1-CRECIMIENTO,SGC_CALFERQUIM/08_Dossier_Productos_Registrados/01_1-CRECIMIENTO/05_Balance_Masas/3.1-Balance Materia 1-CRECIMIENTO_v2.xlsx,1-CRECIMIENTO 30-10-10,12,ACIDO BORICO,1.2,0.12
01_1-CRECIMIENTO,SGC_CALFERQUIM/08_Dossier_Productos_Registrados/01_1-CRECIMIENTO/05_Balance_Masas/3.1-Balance Materia 1-CRECIMIENTO_v2.xlsx,1-CRECIMIENTO 30-10-10,13,SULFATO DE COBALTO,0.2,0.015
01_1-CRECIMIENTO,SGC_CALFERQUIM/08_Dossier_Productos_Registrados/01_1-CRECIMIENTO/05_Balance_Masas/3.1-Balance Materia 1-CRECIMIENTO_v2.xlsx,1-CRECIMIENTO 30-10-10,14,SULFATO DE COBRE,0.8,0.08
01_1-CRECIMIENTO,SGC_CALFERQUIM/08_Dossier_Productos_Registrados/01_1-CRECIMIENTO/05_Balance_Masas/3.1-Balance Materia 1-CRECIMIENTO_v2.xlsx,1-CRECIMIENTO 30-10-10,15,SULFATO DE HIERRO,2.5,0.25
01_1-CRECIMIENTO,SGC_CALFERQUIM/08_Dossier_Productos_Registrados/01_1-CRECIMIENTO/05_Balance_Masas/3.1-Balance Materia 1-CRECIMIENTO_v2.xlsx,1-CRECIMIENTO 30-10-10,16,SULFATO DE MANGANESO,1.7,0.17
01_1-CRECIMIENTO,SGC_CALFERQUIM/08_Dossier_Productos_Registrados/01_1-CRECIMIENTO/05_Balance_Masas/3.1-Balance Materia 1-CRECIMIENTO_v2.xlsx,1-CRECIMIENTO 30-10-10,17,MOLIBDATO DE SODIO,0.13,0.013
01_1-CRECIMIENTO,SGC_CALFERQUIM/08_Dossier_Productos_Registrados/01_1-CRECIMIENTO/05_Balance_Masas/3.1-Balance Materia 1-CRECIMIENTO_v2.xlsx,1-CRECIMIENTO 30-10-10,18,DIÓXIDO SILICIO,2.9,0.29
01_1-CRECIMIENTO,SGC_CALFERQUIM/08_Dossier_Productos_Registrados/01_1-CRECIMIENTO/05_Balance_Masas/3.1-Balance Materia 1-CRECIMIENTO_v2.xlsx,1-CRECIMIENTO 30-10-10,19,SULFATO DE ZINC,0.6,0.06
01_1-CRECIMIENTO,SGC_CALFERQUIM/08_Dossier_Productos_Registrados/01_1-CRECIMIENTO/05_Balance_Masas/3.1-Balance Materia 1-CRECIMIENTO_v2.xlsx,1-CRECIMIENTO 30-10-10,21,E.D.T.A,21.07,2.112
01_1-CRECIMIENTO,SGC_CALFERQUIM/08_Dossier_Productos_Registrados/01_1-CRECIMIENTO/05_Balance_Masas/3.1-C_Balance Materia CRECIMIENTO_240608_v1.xlsx,1-CRECIMIENTO 30-10-10,7,UREA,543.5,54.35
01_1-CRECIMIENTO,SGC_CALFERQUIM/08_Dossier_Productos_Registrados/01_1-CRECIMIENTO/05_Balance_Masas/3.1-C_Balance Materia CRECIMIENTO_240608_v1.xlsx,1-CRECIMIENTO 30-10-10,8,FOSFATO DE AMONIO (MAP),152.5,15.25
01_1-CRECIMIENTO,SGC_CALFERQUIM/08_Dossier_Productos_Registrados/01_1-CRECIMIENTO/05_Balance_Masas/3.1-C_Balance Materia CRECIMIENTO_240608_v1.xlsx,1-CRECIMIENTO 30-10-10,9,SULFATO DE AMONIO (SAM),0.3,0.03
01_1-CRECIMIENTO,SGC_CALFERQUIM/08_Dossier_Productos_Registrados/01_1-CRECIMIENTO/05_Balance_Masas/3.1-C_Balance Materia CRECIMIENTO_240608_v1.xlsx,1-CRECIMIENTO 30-10-10,10,NITRATO DE POTASIO (KNO3),232.6,23.26
01_1-CRECIMIENTO,SGC_CALFERQUIM/08_Dossier_Productos_Registrados/01_1-CRECIMIENTO/05_Balance_Masas/3.1-C_Balance Materia CRECIMIENTO_240608_v1.xlsx,1-CRECIMIENTO 30-10-10,11,SULFATO MAGNESIO,40,4
01_1-CRECIMIENTO,SGC_CALFERQUIM/08_Dossier_Productos_Registrados/01_1-CRECIMIENTO/05_Balance_Masas/3.1-C_Balance Materia CRECIMIENTO_240608_v1.xlsx,1-CRECIMIENTO 30-10-10,12,ACIDO BORICO,1.2,0.12
01_1-CRECIMIENTO,SGC_CALFERQUIM/08_Dossier_Productos_Registrados/01_1-CRECIMIENTO/05_Balance_Masas/3.1-C_Balance Materia CRECIMIENTO_240608_v1.xlsx,1-CRECIMIENTO 30-10-10,13,SULFATO DE COBALTO,0.2,0.015
01_1-CRECIMIENTO,SGC_CALFERQUIM/08_Dossier_Productos_Registrados/01_1-CRECIMIENTO/05_Balance_Masas/3.1-C_Balance Materia CRECIMIENTO_240608_v1.xlsx,1-CRECIMIENTO 30-10-10,14,SULFATO DE COBRE,0.8,0.08
01_1-CRECIMIENTO,SGC_CALFERQUIM/08_Dossier_Productos_Registrados/01_1-CRECIMIENTO/05_Balance_Masas/3.1-C_Balance Materia CRECIMIENTO_240608_v1.xlsx,1-CRECIMIENTO 30-10-10,15,SULFATO DE HIERRO,2.5,0.25
01_1-CRECIMIENTO,SGC_CALFERQUIM/08_Dossier_Productos_Registrados/01_1-CRECIMIENTO/05_Balance_Masas/3.1-C_Balance Materia CRECIMIENTO_240608_v1.xlsx,1-CRECIMIENTO 30-10-10,16,SULFATO DE MANGANESO,1.7,0.17
01_1-CRECIMIENTO,SGC_CALFERQUIM/08_Dossier_Productos_Registrados/01_1-CRECIMIENTO/05_Balance_Masas/3.1-C_Balance Materia CRECIMIENTO_240608_v1.xlsx,1-CRECIMIENTO 30-10-10,17,MOLIBDATO DE SODIO,0.13,0.013
01_1-CRECIMIENTO,SGC_CALFERQUIM/08_Dossier_Productos_Registrados/01_1-CRECIMIENTO/05_Balance_Masas/3.1-C_Balance Materia CRECIMIENTO_240608_v1.xlsx,1-CRECIMIENTO 30-10-10,18,SULFATO DE ZINC,0.6,0.06
01_1-CRECIMIENTO,SGC_CALFERQUIM/08_Dossier_Productos_Registrados/01_1-CRECIMIENTO/05_Balance_Masas/3.1-C_Balance Materia CRECIMIENTO_240608_v1.xlsx,1-CRECIMIENTO 30-10-10,20,E.D.T.A,21.07,2.112
01_1-CRECIMIENTO,SGC_CALFERQUIM/08_Dossier_Productos_Registrados/01_1-CRECIMIENTO/05_Balance_Masas/3.1-C_Balance Materia CRECIMIENTO_240608_v1.xlsx,1-CRECIMIENTO 30-10-10,21,DIÓXIDO SILICIO,2.9,0.29
02_2-AVANCE,SGC_CALFERQUIM/08_Dossier_Productos_Registrados/02_2-AVANCE/05_Balance_Masas/3.1-C_Balance MAsa 2-AVANCE_v2.xlsx,2-AVANCE 20-30-10,7,UREA,239.1,23.91
02_2-AVANCE,SGC_CALFERQUIM/08_Dossier_Productos_Registrados/02_2-AVANCE/05_Balance_Masas/3.1-C_Balance MAsa 2-AVANCE_v2.xlsx,2-AVANCE 20-30-10,8,FOSFATO DE AMONIO (MAP),491.8,49.18
02_2-AVANCE,SGC_CALFERQUIM/08_Dossier_Productos_Registrados/02_2-AVANCE/05_Balance_Masas/3.1-C_Balance MAsa 2-AVANCE_v2.xlsx,2-AVANCE 20-30-10,9,SULFATO DE AMONIO (SAM),4.7,0.47
02_2-AVANCE,SGC_CALFERQUIM/08_Dossier_Productos_Registrados/02_2-AVANCE/05_Balance_Masas/3.1-C_Balance MAsa 2-AVANCE_v2.xlsx,2-AVANCE 20-30-10,10,NITRATO DE POTASIO (KNO3),218.9,21.89
02_2-AVANCE,SGC_CALFERQUIM/08_Dossier_Productos_Registrados/02_2-AVANCE/05_Balance_Masas/3.1-C_Balance MAsa 2-AVANCE_v2.xlsx,2-AVANCE 20-30-10,11,SULFATO MAGNESIO ANHIDRO,31.3,3.13
02_2-AVANCE,SGC_CALFERQUIM/08_Dossier_Productos_Registrados/02_2-AVANCE/05_Balance_Masas/3.1-C_Balance MAsa 2-AVANCE_v2.xlsx,2-AVANCE 20-30-10,12,ACIDO BORICO,1.2,0.12
02_2-AVANCE,SGC_CALFERQUIM/08_Dossier_Productos_Registrados/02_2-AVANCE/05_Balance_Masas/3.1-C_Balance MAsa 2-AVANCE_v2.xlsx,2-AVANCE 20-30-10,13,SULFATO DE COBALTO,0.1,0.01
02_2-AVANCE,SGC_CALFERQUIM/08_Dossier_Productos_Registrados/02_2-AVANCE/05_Balance_Masas/3.1-C_Balance MAsa 2-AVANCE_v2.xlsx,2-AVANCE 20-30-10,14,SULFATO DE COBRE,1.2,0.12
02_2-AVANCE,SGC_CALFERQUIM/08_Dossier_Productos_Registrados/02_2-AVANCE/05_Balance_Masas/3.1-C_Balance MAsa 2-AVANCE_v2.xlsx,2-AVANCE 20-30-10,15,SULFATO FERROSO,2.7,0.27
02_2-AVANCE,SGC_CALFERQUIM/08_Dossier_Productos_Registrados/02_2-AVANCE/05_Balance_Masas/3.1-C_Balance MAsa 2-AVANCE_v2.xlsx,2-AVANCE 20-30-10,16,SULFATO DE MANGANESO,2.9,0.29
02_2-AVANCE,SGC_CALFERQUIM/08_Dossier_Productos_Registrados/02_2-AVANCE/05_Balance_Masas/3.1-C_Balance MAsa 2-AVANCE_v2.xlsx,2-AVANCE 20-30-10,17,MOLIBDATO DE SODIO,0.13,0.013
02_2-AVANCE,SGC_CALFERQUIM/08_Dossier_Productos_Registrados/02_2-AVANCE/05_Balance_Masas/3.1-C_Balance MAsa 2-AVANCE_v2.xlsx,2-AVANCE 20-30-10,19,SULFATO DE ZINC,0.6,0.06
02_2-AVANCE,SGC_CALFERQUIM/08_Dossier_Productos_Registrados/02_2-AVANCE/05_Balance_Masas/3.1-C_Balance MAsa 2-AVANCE_v2.xlsx,2-AVANCE 20-30-10,21,E.D.T.A,2.3,0.227
02_2-AVANCE,SGC_CALFERQUIM/08_Dossier_Productos_Registrados/02_2-AVANCE/05_Balance_Masas/3.1-C_Balance MAsa 2-AVANCE_v2.xlsx,2-AVANCE 20-30-10,22,DIÓXIDO SILICIO,3.1,0.31
02_2-AVANCE,SGC_CALFERQUIM/08_Dossier_Productos_Registrados/02_2-AVANCE/05_Balance_Masas/3.1_Balance MAsa 2-AVANCE_v2.xlsx,2-AVANCE 20-30-10,7,UREA,239.1,23.91
02_2-AVANCE,SGC_CALFERQUIM/08_Dossier_Productos_Registrados/02_2-AVANCE/05_Balance_Masas/3.1_Balance MAsa 2-AVANCE_v2.xlsx,2-AVANCE 20-30-10,8,FOSFATO DE AMONIO (MAP),491.8,49.18
02_2-AVANCE,SGC_CALFERQUIM/08_Dossier_Productos_Registrados/02_2-AVANCE/05_Balance_Masas/3.1_Balance MAsa 2-AVANCE_v2.xlsx,2-AVANCE 20-30-10,9,SULFATO DE AMONIO (SAM),4.7,0.47
02_2-AVANCE,SGC_CALFERQUIM/08_Dossier_Productos_Registrados/02_2-AVANCE/05_Balance_Masas/3.1_Balance MAsa 2-AVANCE_v2.xlsx,2-AVANCE 20-30-10,10,NITRATO DE POTASIO (KNO3),218.9,21.89
02_2-AVANCE,SGC_CALFERQUIM/08_Dossier_Productos_Registrados/02_2-AVANCE/05_Balance_Masas/3.1_Balance MAsa 2-AVANCE_v2.xlsx,2-AVANCE 20-30-10,11,SULFATO MAGNESIO ANHIDRO,31.3,3.13
02_2-AVANCE,SGC_CALFERQUIM/08_Dossier_Productos_Registrados/02_2-AVANCE/05_Balance_Masas/3.1_Balance MAsa 2-AVANCE_v2.xlsx,2-AVANCE 20-30-10,12,ACIDO BORICO,1.2,0.12
02_2-AVANCE,SGC_CALFERQUIM/08_Dossier_Productos_Registrados/02_2-AVANCE/05_Balance_Masas/3.1_Balance MAsa 2-AVANCE_v2.xlsx,2-AVANCE 20-30-10,13,SULFATO DE COBALTO,0.1,0.01
02_2-AVANCE,SGC_CALFERQUIM/08_Dossier_Productos_Registrados/02_2-AVANCE/05_Balance_Masas/3.1_Balance MAsa 2-AVANCE_v2.xlsx,2-AVANCE 20-30-10,14,SULFATO DE COBRE,1.2,0.12
02_2-AVANCE,SGC_CALFERQUIM/08_Dossier_Productos_Registrados/02_2-AVANCE/05_Balance_Masas/3.1_Balance MAsa 2-AVANCE_v2.xlsx,2-AVANCE 20-30-10,15,SULFATO FERROSO,2.7,0.27
02_2-AVANCE,SGC_CALFERQUIM/08_Dossier_Productos_Registrados/02_2-AVANCE/05_Balance_Masas/3.1_Balance MAsa 2-AVANCE_v2.xlsx,2-AVANCE 20-30-10,16,SULFATO DE MANGANESO,2.9,0.29
02_2-AVANCE,SGC_CALFERQUIM/08_Dossier_Productos_Registrados/02_2-AVANCE/05_Balance_Masas/3.1_Balance MAsa 2-AVANCE_v2.xlsx,2-AVANCE 20-30-10,17,MOLIBDATO DE SODIO,0.13,0.013
02_2-AVANCE,SGC_CALFERQUIM/08_Dossier_Productos_Registrados/02_2-AVANCE/05_Balance_Masas/3.1_Balance MAsa 2-AVANCE_v2.xlsx,2-AVANCE 20-30-10,18,DIÓXIDO SILICIO,3.1,0.31
02_2-AVANCE,SGC_CALFERQUIM/08_Dossier_Productos_Registrados/02_2-AVANCE/05_Balance_Masas/3.1_Balance MAsa 2-AVANCE_v2.xlsx,2-AVANCE 20-30-10,19,SULFATO DE ZINC,0.6,0.06
02_2-AVANCE,SGC_CALFERQUIM/08_Dossier_Productos_Registrados/02_2-AVANCE/05_Balance_Masas/3.1_Balance MAsa 2-AVANCE_v2.xlsx,2-AVANCE 20-30-10,21,E.D.T.A,2.3,0.227
03_3-PRODUCTOR,SGC_CALFERQUIM/08_Dossier_Productos_Registrados/03_3-PRODUCTOR/05_Balance_Masas/3.1-C_Balance Masa 3-PRODUCTOR_v2.xlsx,3-PRODUCTOR 7-12-40,7,SULFATO DE AMONIO (SAM),32.2,3.22
03_3-PRODUCTOR,SGC_CALFERQUIM/08_Dossier_Productos_Registrados/03_3-PRODUCTOR/05_Balance_Masas/3.1-C_Balance Masa 3-PRODUCTOR_v2.xlsx,3-PRODUCTOR 7-12-40,8,NITRATO DE POTASIO,465.2,46.52
03_3-PRODUCTOR,SGC_CALFERQUIM/08_Dossier_Productos_Registrados/03_3-PRODUCTOR/05_Balance_Masas/3.1-C_Balance Masa 3-PRODUCTOR_v2.xlsx,3-PRODUCTOR 7-12-40,9,FOSFATO DIPOTASICO (DKP),258.7,25.87
03_3-PRODUCTOR,SGC_CALFERQUIM/08_Dossier_Productos_Registrados/03_3-PRODUCTOR/05_Balance_Masas/3.1-C_Balance Masa 3-PRODUCTOR_v2.xlsx,3-PRODUCTOR 7-12-40,10,SULFATO DE POTASIO,120.6,12.06
03_3-PRODUCTOR,SGC_CALFERQUIM/08_Dossier_Productos_Registrados/03_3-PRODUCTOR/05_Balance_Masas/3.1-C_Balance Masa 3-PRODUCTOR_v2.xlsx,3-PRODUCTOR 7-12-40,11,SULFATO DE MAGNESIO ANHIDRO,62.5,6.25
03_3-PRODUCTOR,SGC_CALFERQUIM/08_Dossier_Productos_Registrados/03_3-PRODUCTOR/05_Balance_Masas/3.1-C_Balance Masa 3-PRODUCTOR_v2.xlsx,3-PRODUCTOR 7-12-40,12,ACIDO BORICO,1.2,0.12
03_3-PRODUCTOR,SGC_CALFERQUIM/08_Dossier_Productos_Registrados/03_3-PRODUCTOR/05_Balance_Masas/3.1-C_Balance Masa 3-PRODUCTOR_v2.xlsx,3-PRODUCTOR 7-12-40,13,SULFATO DE COBALTO,0.1,0.01
03_3-PRODUCTOR,SGC_CALFERQUIM/08_Dossier_Productos_Registrados/03_3-PRODUCTOR/05_Balance_Masas/3.1-C_Balance Masa 3-PRODUCTOR_v2.xlsx,3-PRODUCTOR 7-12-40,14,SULFATO DE COBRE,0.8,0.08
03_3-PRODUCTOR,SGC_CALFERQUIM/08_Dossier_Productos_Registrados/03_3-PRODUCTOR/05_Balance_Masas/3.1-C_Balance Masa 3-PRODUCTOR_v2.xlsx,3-PRODUCTOR 7-12-40,15,SULFATO DE HIERRO,2.5,0.25
03_3-PRODUCTOR,SGC_CALFERQUIM/08_Dossier_Productos_Registrados/03_3-PRODUCTOR/05_Balance_Masas/3.1-C_Balance Masa 3-PRODUCTOR_v2.xlsx,3-PRODUCTOR 7-12-40,16,SULFATO DE MANGANESO,1.7,0.17
03_3-PRODUCTOR,SGC_CALFERQUIM/08_Dossier_Productos_Registrados/03_3-PRODUCTOR/05_Balance_Masas/3.1-C_Balance Masa 3-PRODUCTOR_v2.xlsx,3-PRODUCTOR 7-12-40,17,MOLIBDATO DE SODIO,0.13,0.013
03_3-PRODUCTOR,SGC_CALFERQUIM/08_Dossier_Productos_Registrados/03_3-PRODUCTOR/05_Balance_Masas/3.1-C_Balance Masa 3-PRODUCTOR_v2.xlsx,3-PRODUCTOR 7-12-40,18,SULFATO DE ZINC,0.9,0.085
03_3-PRODUCTOR,SGC_CALFERQUIM/08_Dossier_Productos_Registrados/03_3-PRODUCTOR/05_Balance_Masas/3.1-C_Balance Masa 3-PRODUCTOR_v2.xlsx,3-PRODUCTOR 7-12-40,20,E.D.T.A,50.37,5.042
03_3-PRODUCTOR,SGC_CALFERQUIM/08_Dossier_Productos_Registrados/03_3-PRODUCTOR/05_Balance_Masas/3.1-C_Balance Masa 3-PRODUCTOR_v2.xlsx,3-PRODUCTOR 7-12-40,21,DIÓXIDO SILICIO,3.1,0.31
03_3-PRODUCTOR,SGC_CALFERQUIM/08_Dossier_Productos_Registrados/03_3-PRODUCTOR/05_Balance_Masas/3.1_Balance Masa 3-PRODUCTOR_v2.xlsx,3-PRODUCTOR 7-12-40,7,SULFATO DE AMONIO (SAM),32.2,3.22
03_3-PRODUCTOR,SGC_CALFERQUIM/08_Dossier_Productos_Registrados/03_3-PRODUCTOR/05_Balance_Masas/3.1_Balance Masa 3-PRODUCTOR_v2.xlsx,3-PRODUCTOR 7-12-40,8,NITRATO DE POTASIO,465.2,46.52
03_3-PRODUCTOR,SGC_CALFERQUIM/08_Dossier_Productos_Registrados/03_3-PRODUCTOR/05_Balance_Masas/3.1_Balance Masa 3-PRODUCTOR_v2.xlsx,3-PRODUCTOR 7-12-40,9,FOSFATO DIPOTASICO (DKP),258.7,25.87
03_3-PRODUCTOR,SGC_CALFERQUIM/08_Dossier_Productos_Registrados/03_3-PRODUCTOR/05_Balance_Masas/3.1_Balance Masa 3-PRODUCTOR_v2.xlsx,3-PRODUCTOR 7-12-40,10,SULFATO DE POTASIO,120.6,12.06
03_3-PRODUCTOR,SGC_CALFERQUIM/08_Dossier_Productos_Registrados/03_3-PRODUCTOR/05_Balance_Masas/3.1_Balance Masa 3-PRODUCTOR_v2.xlsx,3-PRODUCTOR 7-12-40,11,SULFATO DE MAGNESIO ANHIDRO,62.5,6.25
03_3-PRODUCTOR,SGC_CALFERQUIM/08_Dossier_Productos_Registrados/03_3-PRODUCTOR/05_Balance_Masas/3.1_Balance Masa 3-PRODUCTOR_v2.xlsx,3-PRODUCTOR 7-12-40,12,ACIDO BORICO,1.2,0.12
03_3-PRODUCTOR,SGC_CALFERQUIM/08_Dossier_Productos_Registrados/03_3-PRODUCTOR/05_Balance_Masas/3.1_Balance Masa 3-PRODUCTOR_v2.xlsx,3-PRODUCTOR 7-12-40,13,SULFATO DE COBALTO,0.1,0.01
03_3-PRODUCTOR,SGC_CALFERQUIM/08_Dossier_Productos_Registrados/03_3-PRODUCTOR/05_Balance_Masas/3.1_Balance Masa 3-PRODUCTOR_v2.xlsx,3-PRODUCTOR 7-12-40,14,SULFATO DE COBRE,0.8,0.08
03_3-PRODUCTOR,SGC_CALFERQUIM/08_Dossier_Productos_Registrados/03_3-PRODUCTOR/05_Balance_Masas/3.1_Balance Masa 3-PRODUCTOR_v2.xlsx,3-PRODUCTOR 7-12-40,15,SULFATO DE HIERRO,2.5,0.25
03_3-PRODUCTOR,SGC_CALFERQUIM/08_Dossier_Productos_Registrados/03_3-PRODUCTOR/05_Balance_Masas/3.1_Balance Masa 3-PRODUCTOR_v2.xlsx,3-PRODUCTOR 7-12-40,16,SULFATO DE MANGANESO,1.7,0.17
03_3-PRODUCTOR,SGC_CALFERQUIM/08_Dossier_Productos_Registrados/03_3-PRODUCTOR/05_Balance_Masas/3.1_Balance Masa 3-PRODUCTOR_v2.xlsx,3-PRODUCTOR 7-12-40,17,MOLIBDATO DE SODIO,0.13,0.013
03_3-PRODUCTOR,SGC_CALFERQUIM/08_Dossier_Productos_Registrados/03_3-PRODUCTOR/05_Balance_Masas/3.1_Balance Masa 3-PRODUCTOR_v2.xlsx,3-PRODUCTOR 7-12-40,18,DIÓXIDO SILICIO,3.1,0.31
03_3-PRODUCTOR,SGC_CALFERQUIM/08_Dossier_Productos_Registrados/03_3-PRODUCTOR/05_Balance_Masas/3.1_Balance Masa 3-PRODUCTOR_v2.xlsx,3-PRODUCTOR 7-12-40,19,SULFATO DE ZINC,0.9,0.085
03_3-PRODUCTOR,SGC_CALFERQUIM/08_Dossier_Productos_Registrados/03_3-PRODUCTOR/05_Balance_Masas/3.1_Balance Masa 3-PRODUCTOR_v2.xlsx,3-PRODUCTOR 7-12-40,21,E.D.T.A,50.37,5.042
04_10-20-20,SGC_CALFERQUIM/08_Dossier_Productos_Registrados/04_10-20-20/05_Balance_Masas/3.1_Balance Masa TODERO_v4_5.xlsx,TODERO,7,UREA,369,36.9
04_10-20-20,SGC_CALFERQUIM/08_Dossier_Productos_Registrados/04_10-20-20/05_Balance_Masas/3.1_Balance Masa TODERO_v4_5.xlsx,TODERO,8,FOSFATO MONOAMONICO (MAP),74.5,7.45
04_10-20-20,SGC_CALFERQUIM/08_Dossier_Productos_Registrados/04_10-20-20/05_Balance_Masas/3.1_Balance Masa TODERO_v4_5.xlsx,TODERO,9,FOSFATO MONOPOTASICO (MKP),31.8,3.18
04_10-20-20,SGC_CALFERQUIM/08_Dossier_Productos_Registrados/04_10-20-20/05_Balance_Masas/3.1_Balance Masa TODERO_v4_5.xlsx,TODERO,10,FOSFATO DIPOTASICO (DKP),343.5,34.35
04_10-20-20,SGC_CALFERQUIM/08_Dossier_Productos_Registrados/04_10-20-20/05_Balance_Masas/3.1_Balance Masa TODERO_v4_5.xlsx,TODERO,11,SULFATO MAGNESIO ANHIDRO,32.5,3.25
04_10-20-20,SGC_CALFERQUIM/08_Dossier_Productos_Registrados/04_10-20-20/05_Balance_Masas/3.1_Balance Masa TODERO_v4_5.xlsx,TODERO,12,SULFATO DE COBRE,1.2,0.12
04_10-20-20,SGC_CALFERQUIM/08_Dossier_Productos_Registrados/04_10-20-20/05_Balance_Masas/3.1_Balance Masa TODERO_v4_5.xlsx,TODERO,13,SULFATO FERROSO MONOHIDRATO,3.5,0.35
04_10-20-20,SGC_CALFERQUIM/08_Dossier_Productos_Registrados/04_10-20-20/05_Balance_Masas/3.1_Balance Masa TODERO_v4_5.xlsx,TODERO,14,SULFATO DE MANGANESO,1,0.1
04_10-20-20,SGC_CALFERQUIM/08_Dossier_Productos_Registrados/04_10-20-20/05_Balance_Masas/3.1_Balance Masa TODERO_v4_5.xlsx,TODERO,15,SULFATO DE ZINC,2,0.2
04_10-20-20,SGC_CALFERQUIM/08_Dossier_Productos_Registrados/04_10-20-20/05_Balance_Masas/3.1_Balance Masa TODERO_v4_5.xlsx,TODERO,16,QUITINA ORGÁNICA (HYT-C),108,10.8
04_10-20-20,SGC_CALFERQUIM/08_Dossier_Productos_Registrados/04_10-20-20/05_Balance_Masas/3.1_Balance Masa TODERO_v4_5.xlsx,TODERO,17,VINAZA (BIORGANIK),33,3.3
04_10-20-20,SGC_CALFERQUIM/08_Dossier_Productos_Registrados/04_10-20-20/05_Balance_Masas/3_Balance Materias Primas 10-20-20.xlsx,bm_mf_10-20-20,8,UREA,75,7.5
04_10-20-20,SGC_CALFERQUIM/08_Dossier_Productos_Registrados/04_10-20-20/05_Balance_Masas/3_Balance Materias Primas 10-20-20.xlsx,bm_mf_10-20-20,9,SAM,25,2.5
04_10-20-20,SGC_CALFERQUIM/08_Dossier_Productos_Registrados/04_10-20-20/05_Balance_Masas/3_Balance Materias Primas 10-20-20.xlsx,bm_mf_10-20-20,10,KCL,330,33
04_10-20-20,SGC_CALFERQUIM/08_Dossier_Productos_Registrados/04_10-20-20/05_Balance_Masas/3_Balance Materias Primas 10-20-20.xlsx,bm_mf_10-20-20,11,DAP,320,32
04_10-20-20,SGC_CALFERQUIM/08_Dossier_Productos_Registrados/04_10-20-20/05_Balance_Masas/3_Balance Materias Primas 10-20-20.xlsx,bm_mf_10-20-20,12,RAIFOS20,250,25
05_10-30-10,SGC_CALFERQUIM/08_Dossier_Productos_Registrados/05_10-30-10/05_Balance_Masas/3.1_Balance Masa TODERO_v4_5.xlsx,TODERO,7,UREA,369,36.9
05_10-30-10,SGC_CALFERQUIM/08_Dossier_Productos_Registrados/05_10-30-10/05_Balance_Masas/3.1_Balance Masa TODERO_v4_5.xlsx,TODERO,8,FOSFATO MONOAMONICO (MAP),74.5,7.45
05_10-30-10,SGC_CALFERQUIM/08_Dossier_Productos_Registrados/05_10-30-10/05_Balance_Masas/3.1_Balance Masa TODERO_v4_5.xlsx,TODERO,9,FOSFATO MONOPOTASICO (MKP),31.8,3.18
05_10-30-10,SGC_CALFERQUIM/08_Dossier_Productos_Registrados/05_10-30-10/05_Balance_Masas/3.1_Balance Masa TODERO_v4_5.xlsx,TODERO,10,FOSFATO DIPOTASICO (DKP),343.5,34.35
05_10-30-10,SGC_CALFERQUIM/08_Dossier_Productos_Registrados/05_10-30-10/05_Balance_Masas/3.1_Balance Masa TODERO_v4_5.xlsx,TODERO,11,SULFATO MAGNESIO ANHIDRO,32.5,3.25
05_10-30-10,SGC_CALFERQUIM/08_Dossier_Productos_Registrados/05_10-30-10/05_Balance_Masas/3.1_Balance Masa TODERO_v4_5.xlsx,TODERO,12,SULFATO DE COBRE,1.2,0.12
05_10-30-10,SGC_CALFERQUIM/08_Dossier_Productos_Registrados/05_10-30-10/05_Balance_Masas/3.1_Balance Masa TODERO_v4_5.xlsx,TODERO,13,SULFATO FERROSO MONOHIDRATO,3.5,0.35
05_10-30-10,SGC_CALFERQUIM/08_Dossier_Productos_Registrados/05_10-30-10/05_Balance_Masas/3.1_Balance Masa TODERO_v4_5.xlsx,TODERO,14,SULFATO DE MANGANESO,1,0.1
05_10-30-10,SGC_CALFERQUIM/08_Dossier_Productos_Registrados/05_10-30-10/05_Balance_Masas/3.1_Balance Masa TODERO_v4_5.xlsx,TODERO,15,SULFATO DE ZINC,2,0.2
05_10-30-10,SGC_CALFERQUIM/08_Dossier_Productos_Registrados/05_10-30-10/05_Balance_Masas/3.1_Balance Masa TODERO_v4_5.xlsx,TODERO,16,QUITINA ORGÁNICA (HYT-C),108,10.8
05_10-30-10,SGC_CALFERQUIM/08_Dossier_Productos_Registrados/05_10-30-10/05_Balance_Masas/3.1_Balance Masa TODERO_v4_5.xlsx,TODERO,17,VINAZA (BIORGANIK),33,3.3
05_10-30-10,SGC_CALFERQUIM/08_Dossier_Productos_Registrados/05_10-30-10/05_Balance_Masas/3_Balance Materias Primas 10-30-10.xlsx,bm_mf_10-30-10,8,UREA,20,2
05_10-30-10,SGC_CALFERQUIM/08_Dossier_Productos_Registrados/05_10-30-10/05_Balance_Masas/3_Balance Materias Primas 10-30-10.xlsx,bm_mf_10-30-10,9,KCL,160,16
05_10-30-10,SGC_CALFERQUIM/08_Dossier_Productos_Registrados/05_10-30-10/05_Balance_Masas/3_Balance Materias Primas 10-30-10.xlsx,bm_mf_10-30-10,10,DAP,510,51
05_10-30-10,SGC_CALFERQUIM/08_Dossier_Productos_Registrados/05_10-30-10/05_Balance_Masas/3_Balance Materias Primas 10-30-10.xlsx,bm_mf_10-30-10,11,RAIFOS20,310,31
06_13-5-27,SGC_CALFERQUIM/08_Dossier_Productos_Registrados/06_13-5-27/05_Balance_Masas/03_Balance Materias Primas 13-5-27_voff.xlsx,salida,8,UREA - NUTRICION PLANTAS,200,20
06_13-5-27,SGC_CALFERQUIM/08_Dossier_Productos_Registrados/06_13-5-27/05_Balance_Masas/03_Balance Materias Primas 13-5-27_voff.xlsx,salida,9,MAP - PRECISAGRO,100,10
06_13-5-27,SGC_CALFERQUIM/08_Dossier_Productos_Registrados/06_13-5-27/05_Balance_Masas/03_Balance Materias Primas 13-5-27_voff.xlsx,salida,10,KCL - NUTRICION PLANTAS,450,45
06_13-5-27,SGC_CALFERQUIM/08_Dossier_Productos_Registrados/06_13-5-27/05_Balance_Masas/03_Balance Materias Primas 13-5-27_voff.xlsx,salida,11,SAM - PRECISAGRO,150,15
06_13-5-27,SGC_CALFERQUIM/08_Dossier_Productos_Registrados/06_13-5-27/05_Balance_Masas/03_Balance Materias Primas 13-5-27_voff.xlsx,salida,13,SILICATO DE MAGNESIO - JULIAN SALDARRIAGA,100,10
13_B-ZINC 15,SGC_CALFERQUIM/08_Dossier_Productos_Registrados/13_B-ZINC 15/05_Balance_Masas/3.1_BZINC_Balance-materias-primas.xlsx,entrada,6,BENTONITA,130,13
13_B-ZINC 15,SGC_CALFERQUIM/08_Dossier_Productos_Registrados/13_B-ZINC 15/05_Balance_Masas/3.1_BZINC_Balance-materias-primas.xlsx,entrada,7,KCL ESTÁNDAR,70,7
13_B-ZINC 15,SGC_CALFERQUIM/08_Dossier_Productos_Registrados/13_B-ZINC 15/05_Balance_Masas/3.1_BZINC_Balance-materias-primas.xlsx,entrada,9,OXIDO ZN,100,10
13_B-ZINC 15,SGC_CALFERQUIM/08_Dossier_Productos_Registrados/13_B-ZINC 15/05_Balance_Masas/3.1_BZINC_Balance-materias-primas.xlsx,entrada,10,SILICATO MG,150,15
13_B-ZINC 15,SGC_CALFERQUIM/08_Dossier_Productos_Registrados/13_B-ZINC 15/05_Balance_Masas/3.1_BZINC_Balance-materias-primas.xlsx,entrada,11,SULFATO ZN,270,27
13_B-ZINC 15,SGC_CALFERQUIM/08_Dossier_Productos_Registrados/13_B-ZINC 15/05_Balance_Masas/3.1_BZINC_Balance-materias-primas.xlsx,entrada,12,ULEXITA,280,28
13_B-ZINC 15,SGC_CALFERQUIM/08_Dossier_Productos_Registrados/13_B-ZINC 15/05_Balance_Masas/3.1_BZINC_Balance-materias-primas.xlsx,entrada,13,SUMA,1000,100
13_B-ZINC 15,SGC_CALFERQUIM/08_Dossier_Productos_Registrados/13_B-ZINC 15/05_Balance_Masas/3.1_BZINC_Balance-materias-primas.xlsx,balance materias primas,9,BENTONITA,130,13
13_B-ZINC 15,SGC_CALFERQUIM/08_Dossier_Productos_Registrados/13_B-ZINC 15/05_Balance_Masas/3.1_BZINC_Balance-materias-primas.xlsx,balance materias primas,10,KCL ESTÁNDAR,70,7
13_B-ZINC 15,SGC_CALFERQUIM/08_Dossier_Productos_Registrados/13_B-ZINC 15/05_Balance_Masas/3.1_BZINC_Balance-materias-primas.xlsx,balance materias primas,12,OXIDO ZN,100,10
13_B-ZINC 15,SGC_CALFERQUIM/08_Dossier_Productos_Registrados/13_B-ZINC 15/05_Balance_Masas/3.1_BZINC_Balance-materias-primas.xlsx,balance materias primas,13,SILICATO MG,150,15
13_B-ZINC 15,SGC_CALFERQUIM/08_Dossier_Productos_Registrados/13_B-ZINC 15/05_Balance_Masas/3.1_BZINC_Balance-materias-primas.xlsx,balance materias primas,14,SULFATO ZN,270,27
13_B-ZINC 15,SGC_CALFERQUIM/08_Dossier_Productos_Registrados/13_B-ZINC 15/05_Balance_Masas/3.1_BZINC_Balance-materias-primas.xlsx,balance materias primas,15,ULEXITA,280,28
13_B-ZINC 15,SGC_CALFERQUIM/08_Dossier_Productos_Registrados/13_B-ZINC 15/05_Balance_Masas/3.1_BZINC_Balance-materias-primas.xlsx,salida,9,BENTONITA,130,13
13_B-ZINC 15,SGC_CALFERQUIM/08_Dossier_Productos_Registrados/13_B-ZINC 15/05_Balance_Masas/3.1_BZINC_Balance-materias-primas.xlsx,salida,10,KCL ESTÁNDAR,70,7
13_B-ZINC 15,SGC_CALFERQUIM/08_Dossier_Productos_Registrados/13_B-ZINC 15/05_Balance_Masas/3.1_BZINC_Balance-materias-primas.xlsx,salida,12,OXIDO ZN,100,10
13_B-ZINC 15,SGC_CALFERQUIM/08_Dossier_Productos_Registrados/13_B-ZINC 15/05_Balance_Masas/3.1_BZINC_Balance-materias-primas.xlsx,salida,13,SILICATO MG,150,15
13_B-ZINC 15,SGC_CALFERQUIM/08_Dossier_Productos_Registrados/13_B-ZINC 15/05_Balance_Masas/3.1_BZINC_Balance-materias-primas.xlsx,salida,14,SULFATO ZN,270,27
13_B-ZINC 15,SGC_CALFERQUIM/08_Dossier_Productos_Registrados/13_B-ZINC 15/05_Balance_Masas/3.1_BZINC_Balance-materias-primas.xlsx,salida,15,ULEXITA,280,28
17_CALFERCORRECTIVO,SGC_CALFERQUIM/08_Dossier_Productos_Registrados/17_CALFERCORRECTIVO/05_Balance_Masas/Balance Materias Primas_CALFERCORRECTIVO - v2.xlsx,balance materias primas,8,SULFATO CALCIO - ANIBAL ARANGO,200,20
17_CALFERCORRECTIVO,SGC_CALFERQUIM/08_Dossier_Productos_Registrados/17_CALFERCORRECTIVO/05_Balance_Masas/Balance Materias Primas_CALFERCORRECTIVO - v2.xlsx,balance materias primas,9,CARBONATO CALCIO - AGROCALES,170,17
17_CALFERCORRECTIVO,SGC_CALFERQUIM/08_Dossier_Productos_Registrados/17_CALFERCORRECTIVO/05_Balance_Masas/Balance Materias Primas_CALFERCORRECTIVO - v2.xlsx,balance materias primas,10,CAL DOLOMITA - BOLIVARIANA MINERALES,100,10
17_CALFERCORRECTIVO,SGC_CALFERQUIM/08_Dossier_Productos_Registrados/17_CALFERCORRECTIVO/05_Balance_Masas/Balance Materias Primas_CALFERCORRECTIVO - v2.xlsx,balance materias primas,11,SILICATO MAGNESIO - JULIAN SALDARRIAGA,350,35
17_CALFERCORRECTIVO,SGC_CALFERQUIM/08_Dossier_Productos_Registrados/17_CALFERCORRECTIVO/05_Balance_Masas/Balance Materias Primas_CALFERCORRECTIVO - v2.xlsx,balance materias primas,13,BENTONITA GRIS - DIDIER HOYOS,180,18
17_CALFERCORRECTIVO,SGC_CALFERQUIM/08_Dossier_Productos_Registrados/17_CALFERCORRECTIVO/05_Balance_Masas/Balance-materias-primas_ferticorrectivo.xlsx,entrada,6,CARBONATO CA,100,10
17_CALFERCORRECTIVO,SGC_CALFERQUIM/08_Dossier_Productos_Registrados/17_CALFERCORRECTIVO/05_Balance_Masas/Balance-materias-primas_ferticorrectivo.xlsx,entrada,7,DOLOMITA,100,10
17_CALFERCORRECTIVO,SGC_CALFERQUIM/08_Dossier_Productos_Registrados/17_CALFERCORRECTIVO/05_Balance_Masas/Balance-materias-primas_ferticorrectivo.xlsx,entrada,8,ROCA FOSFORICA,150,15
17_CALFERCORRECTIVO,SGC_CALFERQUIM/08_Dossier_Productos_Registrados/17_CALFERCORRECTIVO/05_Balance_Masas/Balance-materias-primas_ferticorrectivo.xlsx,entrada,9,SILICATO MG,450,45
17_CALFERCORRECTIVO,SGC_CALFERQUIM/08_Dossier_Productos_Registrados/17_CALFERCORRECTIVO/05_Balance_Masas/Balance-materias-primas_ferticorrectivo.xlsx,entrada,10,SULFATO CA,200,20
17_CALFERCORRECTIVO,SGC_CALFERQUIM/08_Dossier_Productos_Registrados/17_CALFERCORRECTIVO/05_Balance_Masas/Balance-materias-primas_ferticorrectivo.xlsx,entrada,11,SUMA,1000,100
17_CALFERCORRECTIVO,SGC_CALFERQUIM/08_Dossier_Productos_Registrados/17_CALFERCORRECTIVO/05_Balance_Masas/Balance-materias-primas_ferticorrectivo.xlsx,balance materias primas,9,CARBONATO CALCIO - AGROCALES,100,10
17_CALFERCORRECTIVO,SGC_CALFERQUIM/08_Dossier_Productos_Registrados/17_CALFERCORRECTIVO/05_Balance_Masas/Balance-materias-primas_ferticorrectivo.xlsx,balance materias primas,10,DOLOMITA - BOLIV. MINERALES,100,10
17_CALFERCORRECTIVO,SGC_CALFERQUIM/08_Dossier_Productos_Registrados/17_CALFERCORRECTIVO/05_Balance_Masas/Balance-materias-primas_ferticorrectivo.xlsx,balance materias primas,11,ROCA FOSFORICA - FOSFATOS HUILA,150,15
17_CALFERCORRECTIVO,SGC_CALFERQUIM/08_Dossier_Productos_Registrados/17_CALFERCORRECTIVO/05_Balance_Masas/Balance-materias-primas_ferticorrectivo.xlsx,balance materias primas,12,SILICATO MAGNESIO - JULIAN SALDARRIAGA,450,45
17_CALFERCORRECTIVO,SGC_CALFERQUIM/08_Dossier_Productos_Registrados/17_CALFERCORRECTIVO/05_Balance_Masas/Balance-materias-primas_ferticorrectivo.xlsx,balance materias primas,13,SULFATO CALCIO - SANTA ROSA,200,20
17_CALFERCORRECTIVO,SGC_CALFERQUIM/08_Dossier_Productos_Registrados/17_CALFERCORRECTIVO/05_Balance_Masas/Balance-materias-primas_ferticorrectivo.xlsx,salida,9,CARBONATO CALCIO - AGROCALES,100,10
17_CALFERCORRECTIVO,SGC_CALFERQUIM/08_Dossier_Productos_Registrados/17_CALFERCORRECTIVO/05_Balance_Masas/Balance-materias-primas_ferticorrectivo.xlsx,salida,10,DOLOMITA - BOLIV. MINERALES,100,10
17_CALFERCORRECTIVO,SGC_CALFERQUIM/08_Dossier_Productos_Registrados/17_CALFERCORRECTIVO/05_Balance_Masas/Balance-materias-primas_ferticorrectivo.xlsx,salida,11,ROCA FOSFORICA - FOSFATOS HUILA,150,15
17_CALFERCORRECTIVO,SGC_CALFERQUIM/08_Dossier_Productos_Registrados/17_CALFERCORRECTIVO/05_Balance_Masas/Balance-materias-primas_ferticorrectivo.xlsx,salida,12,SILICATO MAGNESIO - JULIAN SALDARRIAGA,450,45
17_CALFERCORRECTIVO,SGC_CALFERQUIM/08_Dossier_Productos_Registrados/17_CALFERCORRECTIVO/05_Balance_Masas/Balance-materias-primas_ferticorrectivo.xlsx,salida,13,SULFATO CALCIO - SANTA ROSA,200,20
18_CAL DESARROLLO,SGC_CALFERQUIM/08_Dossier_Productos_Registrados/18_CAL DESARROLLO/05_Balance_Masas/3-C_ Balance Materias CALFER DESARROLLO.xlsx,Calfer Desarrollo,7,UREA,337,33.7
18_CAL DESARROLLO,SGC_CALFERQUIM/08_Dossier_Productos_Registrados/18_CAL DESARROLLO/05_Balance_Masas/3-C_ Balance Materias CALFER DESARROLLO.xlsx,Calfer Desarrollo,8,FOSFATO DE AMONIO (MAP),152.5,15.25
18_CAL DESARROLLO,SGC_CALFERQUIM/08_Dossier_Productos_Registrados/18_CAL DESARROLLO/05_Balance_Masas/3-C_ Balance Materias CALFER DESARROLLO.xlsx,Calfer Desarrollo,9,SULFATO DE AMONIO (SAM),214.6,21.46
18_CAL DESARROLLO,SGC_CALFERQUIM/08_Dossier_Productos_Registrados/18_CAL DESARROLLO/05_Balance_Masas/3-C_ Balance Materias CALFER DESARROLLO.xlsx,Calfer Desarrollo,10,NITRATO DE POTASIO (KNO3),232.6,23.26
18_CAL DESARROLLO,SGC_CALFERQUIM/08_Dossier_Productos_Registrados/18_CAL DESARROLLO/05_Balance_Masas/3-C_ Balance Materias CALFER DESARROLLO.xlsx,Calfer Desarrollo,11,SULFATO MAGNESIO ANHIDRO,31.3,3.13
18_CAL DESARROLLO,SGC_CALFERQUIM/08_Dossier_Productos_Registrados/18_CAL DESARROLLO/05_Balance_Masas/3-C_ Balance Materias CALFER DESARROLLO.xlsx,Calfer Desarrollo,12,ACIDO BORICO,1.2,0.12
18_CAL DESARROLLO,SGC_CALFERQUIM/08_Dossier_Productos_Registrados/18_CAL DESARROLLO/05_Balance_Masas/3-C_ Balance Materias CALFER DESARROLLO.xlsx,Calfer Desarrollo,13,SULFATO DE COBALTO,0.1,0.01
18_CAL DESARROLLO,SGC_CALFERQUIM/08_Dossier_Productos_Registrados/18_CAL DESARROLLO/05_Balance_Masas/3-C_ Balance Materias CALFER DESARROLLO.xlsx,Calfer Desarrollo,14,SULFATO DE COBRE,0.8,0.08
18_CAL DESARROLLO,SGC_CALFERQUIM/08_Dossier_Productos_Registrados/18_CAL DESARROLLO/05_Balance_Masas/3-C_ Balance Materias CALFER DESARROLLO.xlsx,Calfer Desarrollo,15,SULFATO DE HIERRO,1,0.1
18_CAL DESARROLLO,SGC_CALFERQUIM/08_Dossier_Productos_Registrados/18_CAL DESARROLLO/05_Balance_Masas/3-C_ Balance Materias CALFER DESARROLLO.xlsx,Calfer Desarrollo,16,SULFATO DE MANGANESO,0.7,0.07
18_CAL DESARROLLO,SGC_CALFERQUIM/08_Dossier_Productos_Registrados/18_CAL DESARROLLO/05_Balance_Masas/3-C_ Balance Materias CALFER DESARROLLO.xlsx,Calfer Desarrollo,17,MOLIBDATO DE SODIO,0.13,0.013
18_CAL DESARROLLO,SGC_CALFERQUIM/08_Dossier_Productos_Registrados/18_CAL DESARROLLO/05_Balance_Masas/3-C_ Balance Materias CALFER DESARROLLO.xlsx,Calfer Desarrollo,18,SULFATO DE ZINC,0.6,0.06
18_CAL DESARROLLO,SGC_CALFERQUIM/08_Dossier_Productos_Registrados/18_CAL DESARROLLO/05_Balance_Masas/3-C_ Balance Materias CALFER DESARROLLO.xlsx,Calfer Desarrollo,20,E.D.T.A,24.57,2.457
18_CAL DESARROLLO,SGC_CALFERQUIM/08_Dossier_Productos_Registrados/18_CAL DESARROLLO/05_Balance_Masas/3-C_ Balance Materias CALFER DESARROLLO.xlsx,Calfer Desarrollo,21,DIÓXIDO SILICIO,2.9,0.29
19_CALFER FLORACION,SGC_CALFERQUIM/08_Dossier_Productos_Registrados/19_CALFER FLORACION/05_Balance_Masas/3.1_Balance Materias CALFER FLORACIÓN.xlsx,Calfer Floración,7,FOSFATO DE AMONIO (MAP),398.4,39.84
19_CALFER FLORACION,SGC_CALFERQUIM/08_Dossier_Productos_Registrados/19_CALFER FLORACION/05_Balance_Masas/3.1_Balance Materias CALFER FLORACIÓN.xlsx,Calfer Floración,8,SULFATO DE AMONIO (SAM),97.9,9.79
19_CALFER FLORACION,SGC_CALFERQUIM/08_Dossier_Productos_Registrados/19_CALFER FLORACION/05_Balance_Masas/3.1_Balance Materias CALFER FLORACIÓN.xlsx,Calfer Floración,9,NITRATO DE POTASIO (KNO3),232.6,23.26
19_CALFER FLORACION,SGC_CALFERQUIM/08_Dossier_Productos_Registrados/19_CALFER FLORACION/05_Balance_Masas/3.1_Balance Materias CALFER FLORACIÓN.xlsx,Calfer Floración,10,SULFATO MAGNESIO,66.9,6.69
19_CALFER FLORACION,SGC_CALFERQUIM/08_Dossier_Productos_Registrados/19_CALFER FLORACION/05_Balance_Masas/3.1_Balance Materias CALFER FLORACIÓN.xlsx,Calfer Floración,11,ACIDO BORICO,1.2,0.12
19_CALFER FLORACION,SGC_CALFERQUIM/08_Dossier_Productos_Registrados/19_CALFER FLORACION/05_Balance_Masas/3.1_Balance Materias CALFER FLORACIÓN.xlsx,Calfer Floración,12,SULFATO DE COBALTO,0.1,0.01
19_CALFER FLORACION,SGC_CALFERQUIM/08_Dossier_Productos_Registrados/19_CALFER FLORACION/05_Balance_Masas/3.1_Balance Materias CALFER FLORACIÓN.xlsx,Calfer Floración,13,SULFATO DE COBRE,0.8,0.08
19_CALFER FLORACION,SGC_CALFERQUIM/08_Dossier_Productos_Registrados/19_CALFER FLORACION/05_Balance_Masas/3.1_Balance Materias CALFER FLORACIÓN.xlsx,Calfer Floración,14,SULFATO DE HIERRO,2.5,0.25
19_CALFER FLORACION,SGC_CALFERQUIM/08_Dossier_Productos_Registrados/19_CALFER FLORACION/05_Balance_Masas/3.1_Balance Materias CALFER FLORACIÓN.xlsx,Calfer Floración,15,SULFATO DE MANGANESO,1.7,0.17
19_CALFER FLORACION,SGC_CALFERQUIM/08_Dossier_Productos_Registrados/19_CALFER FLORACION/05_Balance_Masas/3.1_Balance Materias CALFER FLORACIÓN.xlsx,Calfer Floración,16,MOLIBDATO DE SODIO,0.13,0.013
19_CALFER FLORACION,SGC_CALFERQUIM/08_Dossier_Productos_Registrados/19_CALFER FLORACION/05_Balance_Masas/3.1_Balance Materias CALFER FLORACIÓN.xlsx,Calfer Floración,17,SULFATO DE ZINC,0.6,0.06
19_CALFER FLORACION,SGC_CALFERQUIM/08_Dossier_Productos_Registrados/19_CALFER FLORACION/05_Balance_Masas/3.1_Balance Materias CALFER FLORACIÓN.xlsx,Calfer Floración,19,E.D.T.A,38.8,3.88
19_CALFER FLORACION,SGC_CALFERQUIM/08_Dossier_Productos_Registrados/19_CALFER FLORACION/05_Balance_Masas/3.1_Balance Materias CALFER FLORACIÓN.xlsx,Calfer Floración,20,DEXTROSA MONOHIDRATADA,151.9,15.187
19_CALFER FLORACION,SGC_CALFERQUIM/08_Dossier_Productos_Registrados/19_CALFER FLORACION/05_Balance_Masas/3.1_Balance Materias CALFER FLORACIÓN.xlsx,Calfer Floración,21,DIÓXIDO SILICIO,6.5,0.65
19_CALFER FLORACION,SGC_CALFERQUIM/08_Dossier_Productos_Registrados/19_CALFER FLORACION/05_Balance_Masas/3.1_Balance Materias CALFER FLORACIÓN.xlsx,Calfer Floración (2),7,FOSFATO DE AMONIO (MAP),398.4,39.84
19_CALFER FLORACION,SGC_CALFERQUIM/08_Dossier_Productos_Registrados/19_CALFER FLORACION/05_Balance_Masas/3.1_Balance Materias CALFER FLORACIÓN.xlsx,Calfer Floración (2),8,SULFATO DE AMONIO (SAM),97.9,9.79
19_CALFER FLORACION,SGC_CALFERQUIM/08_Dossier_Productos_Registrados/19_CALFER FLORACION/05_Balance_Masas/3.1_Balance Materias CALFER FLORACIÓN.xlsx,Calfer Floración (2),9,NITRATO DE POTASIO (KNO3),232.6,23.26
19_CALFER FLORACION,SGC_CALFERQUIM/08_Dossier_Productos_Registrados/19_CALFER FLORACION/05_Balance_Masas/3.1_Balance Materias CALFER FLORACIÓN.xlsx,Calfer Floración (2),10,SULFATO MAGNESIO,66.9,6.69
19_CALFER FLORACION,SGC_CALFERQUIM/08_Dossier_Productos_Registrados/19_CALFER FLORACION/05_Balance_Masas/3.1_Balance Materias CALFER FLORACIÓN.xlsx,Calfer Floración (2),11,ACIDO BORICO,1.2,0.12
19_CALFER FLORACION,SGC_CALFERQUIM/08_Dossier_Productos_Registrados/19_CALFER FLORACION/05_Balance_Masas/3.1_Balance Materias CALFER FLORACIÓN.xlsx,Calfer Floración (2),12,SULFATO DE COBALTO,0.1,0.01
19_CALFER FLORACION,SGC_CALFERQUIM/08_Dossier_Productos_Registrados/19_CALFER FLORACION/05_Balance_Masas/3.1_Balance Materias CALFER FLORACIÓN.xlsx,Calfer Floración (2),13,SULFATO DE COBRE,0.8,0.08
19_CALFER FLORACION,SGC_CALFERQUIM/08_Dossier_Productos_Registrados/19_CALFER FLORACION/05_Balance_Masas/3.1_Balance Materias CALFER FLORACIÓN.xlsx,Calfer Floración (2),14,SULFATO DE HIERRO,2.5,0.25
19_CALFER FLORACION,SGC_CALFERQUIM/08_Dossier_Productos_Registrados/19_CALFER FLORACION/05_Balance_Masas/3.1_Balance Materias CALFER FLORACIÓN.xlsx,Calfer Floración (2),15,SULFATO DE MANGANESO,1.7,0.17
19_CALFER FLORACION,SGC_CALFERQUIM/08_Dossier_Productos_Registrados/19_CALFER FLORACION/05_Balance_Masas/3.1_Balance Materias CALFER FLORACIÓN.xlsx,Calfer Floración (2),16,MOLIBDATO DE SODIO,0.13,0.013
19_CALFER FLORACION,SGC_CALFERQUIM/08_Dossier_Productos_Registrados/19_CALFER FLORACION/05_Balance_Masas/3.1_Balance Materias CALFER FLORACIÓN.xlsx,Calfer Floración (2),17,SULFATO DE ZINC,0.6,0.06
19_CALFER FLORACION,SGC_CALFERQUIM/08_Dossier_Productos_Registrados/19_CALFER FLORACION/05_Balance_Masas/3.1_Balance Materias CALFER FLORACIÓN.xlsx,Calfer Floración (2),19,E.D.T.A,38.8,3.88
19_CALFER FLORACION,SGC_CALFERQUIM/08_Dossier_Productos_Registrados/19_CALFER FLORACION/05_Balance_Masas/3.1_Balance Materias CALFER FLORACIÓN.xlsx,Calfer Floración (2),20,DEXTROSA MONOHIDRATADA,151.9,15.187
19_CALFER FLORACION,SGC_CALFERQUIM/08_Dossier_Productos_Registrados/19_CALFER FLORACION/05_Balance_Masas/3.1_Balance Materias CALFER FLORACIÓN.xlsx,Calfer Floración (2),21,DIÓXIDO SILICIO,6.5,0.65
20_CALFER LLENADO,SGC_CALFERQUIM/08_Dossier_Productos_Registrados/20_CALFER LLENADO/05_Balance_Masas/3.1-C_Balance Materias CALFER LLENADO_v2.xlsx,Calfer llenado,7,FOSFATO DIPOTASICO (DKP),339,33.9
20_CALFER LLENADO,SGC_CALFERQUIM/08_Dossier_Productos_Registrados/20_CALFER LLENADO/05_Balance_Masas/3.1-C_Balance Materias CALFER LLENADO_v2.xlsx,Calfer llenado,8,SULFATO DE POTASIO,217.7,21.77
20_CALFER LLENADO,SGC_CALFERQUIM/08_Dossier_Productos_Registrados/20_CALFER LLENADO/05_Balance_Masas/3.1-C_Balance Materias CALFER LLENADO_v2.xlsx,Calfer llenado,9,NITRATO DE POTASIO (KNO3),367.7,36.77
20_CALFER LLENADO,SGC_CALFERQUIM/08_Dossier_Productos_Registrados/20_CALFER LLENADO/05_Balance_Masas/3.1-C_Balance Materias CALFER LLENADO_v2.xlsx,Calfer llenado,10,SULFATO MAGNESIO ANHIDRO,31.3,3.13
20_CALFER LLENADO,SGC_CALFERQUIM/08_Dossier_Productos_Registrados/20_CALFER LLENADO/05_Balance_Masas/3.1-C_Balance Materias CALFER LLENADO_v2.xlsx,Calfer llenado,11,ACIDO BORICO,1.2,0.12
20_CALFER LLENADO,SGC_CALFERQUIM/08_Dossier_Productos_Registrados/20_CALFER LLENADO/05_Balance_Masas/3.1-C_Balance Materias CALFER LLENADO_v2.xlsx,Calfer llenado,12,SULFATO DE COBALTO,0.1,0.01
20_CALFER LLENADO,SGC_CALFERQUIM/08_Dossier_Productos_Registrados/20_CALFER LLENADO/05_Balance_Masas/3.1-C_Balance Materias CALFER LLENADO_v2.xlsx,Calfer llenado,13,SULFATO DE COBRE,1.6,0.16
20_CALFER LLENADO,SGC_CALFERQUIM/08_Dossier_Productos_Registrados/20_CALFER LLENADO/05_Balance_Masas/3.1-C_Balance Materias CALFER LLENADO_v2.xlsx,Calfer llenado,14,SULFATO DE HIERRO,5,0.5
20_CALFER LLENADO,SGC_CALFERQUIM/08_Dossier_Productos_Registrados/20_CALFER LLENADO/05_Balance_Masas/3.1-C_Balance Materias CALFER LLENADO_v2.xlsx,Calfer llenado,15,SULFATO DE MANGANESO,3.3,0.33
20_CALFER LLENADO,SGC_CALFERQUIM/08_Dossier_Productos_Registrados/20_CALFER LLENADO/05_Balance_Masas/3.1-C_Balance Materias CALFER LLENADO_v2.xlsx,Calfer llenado,16,MOLIBDATO DE SODIO,0.14,0.014
20_CALFER LLENADO,SGC_CALFERQUIM/08_Dossier_Productos_Registrados/20_CALFER LLENADO/05_Balance_Masas/3.1-C_Balance Materias CALFER LLENADO_v2.xlsx,Calfer llenado,18,SULFATO DE ZINC,0.6,0.06
20_CALFER LLENADO,SGC_CALFERQUIM/08_Dossier_Productos_Registrados/20_CALFER LLENADO/05_Balance_Masas/3.1-C_Balance Materias CALFER LLENADO_v2.xlsx,Calfer llenado,20,E.D.T.A,29.3,2.93
20_CALFER LLENADO,SGC_CALFERQUIM/08_Dossier_Productos_Registrados/20_CALFER LLENADO/05_Balance_Masas/3.1-C_Balance Materias CALFER LLENADO_v2.xlsx,Calfer llenado,21,DIÓXIDO SILICIO,3.1,0.31
20_CALFER LLENADO,SGC_CALFERQUIM/08_Dossier_Productos_Registrados/20_CALFER LLENADO/05_Balance_Masas/3.1_Balance Materias CALFER LLENADO_v2.xlsx,Calfer llenado,7,FOSFATO DIPOTASICO (DKP),339,33.9
20_CALFER LLENADO,SGC_CALFERQUIM/08_Dossier_Productos_Registrados/20_CALFER LLENADO/05_Balance_Masas/3.1_Balance Materias CALFER LLENADO_v2.xlsx,Calfer llenado,8,SULFATO DE POTASIO,217.7,21.77
20_CALFER LLENADO,SGC_CALFERQUIM/08_Dossier_Productos_Registrados/20_CALFER LLENADO/05_Balance_Masas/3.1_Balance Materias CALFER LLENADO_v2.xlsx,Calfer llenado,9,NITRATO DE POTASIO (KNO3),367.7,36.77
20_CALFER LLENADO,SGC_CALFERQUIM/08_Dossier_Productos_Registrados/20_CALFER LLENADO/05_Balance_Masas/3.1_Balance Materias CALFER LLENADO_v2.xlsx,Calfer llenado,10,SULFATO MAGNESIO ANHIDRO,31.3,3.13
20_CALFER LLENADO,SGC_CALFERQUIM/08_Dossier_Productos_Registrados/20_CALFER LLENADO/05_Balance_Masas/3.1_Balance Materias CALFER LLENADO_v2.xlsx,Calfer llenado,11,ACIDO BORICO,1.2,0.12
20_CALFER LLENADO,SGC_CALFERQUIM/08_Dossier_Productos_Registrados/20_CALFER LLENADO/05_Balance_Masas/3.1_Balance Materias CALFER LLENADO_v2.xlsx,Calfer llenado,12,SULFATO DE COBALTO,0.1,0.01
20_CALFER LLENADO,SGC_CALFERQUIM/08_Dossier_Productos_Registrados/20_CALFER LLENADO/05_Balance_Masas/3.1_Balance Materias CALFER LLENADO_v2.xlsx,Calfer llenado,13,SULFATO DE COBRE,1.6,0.16
20_CALFER LLENADO,SGC_CALFERQUIM/08_Dossier_Productos_Registrados/20_CALFER LLENADO/05_Balance_Masas/3.1_Balance Materias CALFER LLENADO_v2.xlsx,Calfer llenado,14,SULFATO DE HIERRO,5,0.5
20_CALFER LLENADO,SGC_CALFERQUIM/08_Dossier_Productos_Registrados/20_CALFER LLENADO/05_Balance_Masas/3.1_Balance Materias CALFER LLENADO_v2.xlsx,Calfer llenado,15,SULFATO DE MANGANESO,3.3,0.33
20_CALFER LLENADO,SGC_CALFERQUIM/08_Dossier_Productos_Registrados/20_CALFER LLENADO/05_Balance_Masas/3.1_Balance Materias CALFER LLENADO_v2.xlsx,Calfer llenado,16,MOLIBDATO DE SODIO,0.14,0.014
20_CALFER LLENADO,SGC_CALFERQUIM/08_Dossier_Productos_Registrados/20_CALFER LLENADO/05_Balance_Masas/3.1_Balance Materias CALFER LLENADO_v2.xlsx,Calfer llenado,17,DIÓXIDO SILICIO,3.1,0.31
20_CALFER LLENADO,SGC_CALFERQUIM/08_Dossier_Productos_Registrados/20_CALFER LLENADO/05_Balance_Masas/3.1_Balance Materias CALFER LLENADO_v2.xlsx,Calfer llenado,18,SULFATO DE ZINC,0.6,0.06
20_CALFER LLENADO,SGC_CALFERQUIM/08_Dossier_Productos_Registrados/20_CALFER LLENADO/05_Balance_Masas/3.1_Balance Materias CALFER LLENADO_v2.xlsx,Calfer llenado,22,E.D.T.A,29.3,2.93
22_CALFER MENORES,SGC_CALFERQUIM/08_Dossier_Productos_Registrados/22_CALFER MENORES/05_Balance_Masas/3.1-C_Balance Materias CALFER MENORES.xlsx,Calfer Menores,7,SULFATO MAGNESIO ANHIDRO,281.4,28.14
22_CALFER MENORES,SGC_CALFERQUIM/08_Dossier_Productos_Registrados/22_CALFER MENORES/05_Balance_Masas/3.1-C_Balance Materias CALFER MENORES.xlsx,Calfer Menores,8,ACIDO BORICO,57.2,5.72
22_CALFER MENORES,SGC_CALFERQUIM/08_Dossier_Productos_Registrados/22_CALFER MENORES/05_Balance_Masas/3.1-C_Balance Materias CALFER MENORES.xlsx,Calfer Menores,9,SULFATO DE COBALTO,0.3,0.03
22_CALFER MENORES,SGC_CALFERQUIM/08_Dossier_Productos_Registrados/22_CALFER MENORES/05_Balance_Masas/3.1-C_Balance Materias CALFER MENORES.xlsx,Calfer Menores,10,SULFATO DE COBRE,60,6
22_CALFER MENORES,SGC_CALFERQUIM/08_Dossier_Productos_Registrados/22_CALFER MENORES/05_Balance_Masas/3.1-C_Balance Materias CALFER MENORES.xlsx,Calfer Menores,11,SULFATO DE HIERRO,200,20
22_CALFER MENORES,SGC_CALFERQUIM/08_Dossier_Productos_Registrados/22_CALFER MENORES/05_Balance_Masas/3.1-C_Balance Materias CALFER MENORES.xlsx,Calfer Menores,12,SULFATO DE MANGANESO,129,12.9
22_CALFER MENORES,SGC_CALFERQUIM/08_Dossier_Productos_Registrados/22_CALFER MENORES/05_Balance_Masas/3.1-C_Balance Materias CALFER MENORES.xlsx,Calfer Menores,13,MOLIBDATO DE SODIO,20.6,2.06
22_CALFER MENORES,SGC_CALFERQUIM/08_Dossier_Productos_Registrados/22_CALFER MENORES/05_Balance_Masas/3.1-C_Balance Materias CALFER MENORES.xlsx,Calfer Menores,14,SULFATO DE ZINC,85.8,8.58
22_CALFER MENORES,SGC_CALFERQUIM/08_Dossier_Productos_Registrados/22_CALFER MENORES/05_Balance_Masas/3.1-C_Balance Materias CALFER MENORES.xlsx,Calfer Menores,16,E.D.T.A,161,16.1
22_CALFER MENORES,SGC_CALFERQUIM/08_Dossier_Productos_Registrados/22_CALFER MENORES/05_Balance_Masas/3.1-C_Balance Materias CALFER MENORES.xlsx,Calfer Menores,17,DIÓXIDO SILICIO,4.7,0.47
22_CALFER MENORES,SGC_CALFERQUIM/08_Dossier_Productos_Registrados/22_CALFER MENORES/05_Balance_Masas/3.1_Balance Materias CALFER MENORES.xlsx,Calfer Menores,7,SULFATO MAGNESIO ANHIDRO,281.4,28.14
22_CALFER MENORES,SGC_CALFERQUIM/08_Dossier_Productos_Registrados/22_CALFER MENORES/05_Balance_Masas/3.1_Balance Materias CALFER MENORES.xlsx,Calfer Menores,8,ACIDO BORICO,57.2,5.72
22_CALFER MENORES,SGC_CALFERQUIM/08_Dossier_Productos_Registrados/22_CALFER MENORES/05_Balance_Masas/3.1_Balance Materias CALFER MENORES.xlsx,Calfer Menores,9,SULFATO DE COBALTO,0.3,0.03
22_CALFER MENORES,SGC_CALFERQUIM/08_Dossier_Productos_Registrados/22_CALFER MENORES/05_Balance_Masas/3.1_Balance Materias CALFER MENORES.xlsx,Calfer Menores,10,SULFATO DE COBRE,60,6
22_CALFER MENORES,SGC_CALFERQUIM/08_Dossier_Productos_Registrados/22_CALFER MENORES/05_Balance_Masas/3.1_Balance Materias CALFER MENORES.xlsx,Calfer Menores,11,SULFATO DE HIERRO,200,20
22_CALFER MENORES,SGC_CALFERQUIM/08_Dossier_Productos_Registrados/22_CALFER MENORES/05_Balance_Masas/3.1_Balance Materias CALFER MENORES.xlsx,Calfer Menores,12,SULFATO DE MANGANESO,129,12.9
22_CALFER MENORES,SGC_CALFERQUIM/08_Dossier_Productos_Registrados/22_CALFER MENORES/05_Balance_Masas/3.1_Balance Materias CALFER MENORES.xlsx,Calfer Menores,13,MOLIBDATO DE SODIO,20.6,2.06
22_CALFER MENORES,SGC_CALFERQUIM/08_Dossier_Productos_Registrados/22_CALFER MENORES/05_Balance_Masas/3.1_Balance Materias CALFER MENORES.xlsx,Calfer Menores,14,DIÓXIDO SILICIO,4.7,0.47
22_CALFER MENORES,SGC_CALFERQUIM/08_Dossier_Productos_Registrados/22_CALFER MENORES/05_Balance_Masas/3.1_Balance Materias CALFER MENORES.xlsx,Calfer Menores,15,SULFATO DE ZINC,85.8,8.58
22_CALFER MENORES,SGC_CALFERQUIM/08_Dossier_Productos_Registrados/22_CALFER MENORES/05_Balance_Masas/3.1_Balance Materias CALFER MENORES.xlsx,Calfer Menores,17,E.D.T.A,161,16.1
46_RAIFOS 20,SGC_CALFERQUIM/08_Dossier_Productos_Registrados/46_RAIFOS 20/05_Balance_Masas/Balance Materias SOLURaiFOS_v.xlsx,SOLURAIFOS_x,7,FOSFATO DE AMONIO (MAP),822,82.2
46_RAIFOS 20,SGC_CALFERQUIM/08_Dossier_Productos_Registrados/46_RAIFOS 20/05_Balance_Masas/Balance Materias SOLURaiFOS_v.xlsx,SOLURAIFOS_x,8,CLORURO POTASIO (KCL),165,16.5
46_RAIFOS 20,SGC_CALFERQUIM/08_Dossier_Productos_Registrados/46_RAIFOS 20/05_Balance_Masas/Balance Materias SOLURaiFOS_v.xlsx,SOLURAIFOS_x,10,Dextrosa Monohidradatada,13,1.3
52_SULFA K 50,SGC_CALFERQUIM/08_Dossier_Productos_Registrados/52_SULFA K 50/05_Balance_Masas/BALANCE MATERIAS PRIMAS SULFAK 50.xlsx,ZueloCa,7,SULFATO CALCIO - YESO AGRICOLA,230.8,23.08
52_SULFA K 50,SGC_CALFERQUIM/08_Dossier_Productos_Registrados/52_SULFA K 50/05_Balance_Masas/BALANCE MATERIAS PRIMAS SULFAK 50.xlsx,ZueloCa,8,CAL DOLOMITA,566.7,56.67
52_SULFA K 50,SGC_CALFERQUIM/08_Dossier_Productos_Registrados/52_SULFA K 50/05_Balance_Masas/BALANCE MATERIAS PRIMAS SULFAK 50.xlsx,ZueloCa,9,CLORURO POTASIO (KCL),50,5
52_SULFA K 50,SGC_CALFERQUIM/08_Dossier_Productos_Registrados/52_SULFA K 50/05_Balance_Masas/BALANCE MATERIAS PRIMAS SULFAK 50.xlsx,ZueloCa,10,KIESERITA,50,5
52_SULFA K 50,SGC_CALFERQUIM/08_Dossier_Productos_Registrados/52_SULFA K 50/05_Balance_Masas/BALANCE MATERIAS PRIMAS SULFAK 50.xlsx,ZueloCa,11,SILICATO MAGNESIO,20.6,2.06
52_SULFA K 50,SGC_CALFERQUIM/08_Dossier_Productos_Registrados/52_SULFA K 50/05_Balance_Masas/BALANCE MATERIAS PRIMAS SULFAK 50.xlsx,ZueloCa,12,ULEXITA,16.7,1.67
52_SULFA K 50,SGC_CALFERQUIM/08_Dossier_Productos_Registrados/52_SULFA K 50/05_Balance_Masas/BALANCE MATERIAS PRIMAS SULFAK 50.xlsx,ZueloCa,22,CAOLIN,65.2,6.52
52_SULFA K 50,SGC_CALFERQUIM/08_Dossier_Productos_Registrados/52_SULFA K 50/05_Balance_Masas/BALANCE MATERIAS PRIMAS SULFAK 50.xlsx,sulfa-k_50,7,CLORURO POTASIO (KCL),164.5,16.45
52_SULFA K 50,SGC_CALFERQUIM/08_Dossier_Productos_Registrados/52_SULFA K 50/05_Balance_Masas/BALANCE MATERIAS PRIMAS SULFAK 50.xlsx,sulfa-k_50,8,FOSFATO MONOPOTASICO (MKP),57.7,5.77
52_SULFA K 50,SGC_CALFERQUIM/08_Dossier_Productos_Registrados/52_SULFA K 50/05_Balance_Masas/BALANCE MATERIAS PRIMAS SULFAK 50.xlsx,sulfa-k_50,9,SULFATO POTASIO,777.8,77.78
